    0.0000000000E+00     1.0000000000E+01     5.0000000000E+00    -9.0000000000E+00     3.0000000000E+00     3.0858425912E-01
    1.0000000000E-02     9.9098109799E+00     5.0298635119E+00    -9.0372065851E+00     2.9725542610E+00     3.0858425913E-01
    2.0000000000E-02     9.8192677928E+00     5.0594481513E+00    -9.0708359404E+00     2.9442283676E+00     3.0858425913E-01
    3.0000000000E-02     9.7284061282E+00     5.0887452040E+00    -9.1009052699E+00     2.9150399211E+00     3.0858425913E-01
    4.0000000000E-02     9.6372614849E+00     5.1177461358E+00    -9.1274354562E+00     2.8850073181E+00     3.0858425913E-01
    5.0000000000E-02     9.5458691350E+00     5.1464426003E+00    -9.1504509807E+00     2.8541497172E+00     3.0858425913E-01
    6.0000000000E-02     9.4542640879E+00     5.1748264464E+00    -9.1699798365E+00     2.8224870047E+00     3.0858425913E-01
    7.0000000000E-02     9.3624810561E+00     5.2028897252E+00    -9.1860534340E+00     2.7900397589E+00     3.0858425913E-01
    8.0000000000E-02     9.2705544213E+00     5.2306246971E+00    -9.1987065015E+00     2.7568292124E+00     3.0858425913E-01
    9.0000000000E-02     9.1785182017E+00     5.2580238379E+00    -9.2079769786E+00     2.7228772150E+00     3.0858425913E-01
    1.0000000000E-01     9.0864060206E+00     5.2850798446E+00    -9.2139059052E+00     2.6882061941E+00     3.0858425913E-01
    1.1000000000E-01     8.9942510757E+00     5.3117856415E+00    -9.2165373049E+00     2.6528391154E+00     3.0858425913E-01
    1.2000000000E-01     8.9020861103E+00     5.3381343849E+00    -9.2159180638E+00     2.6167994423E+00     3.0858425913E-01
    1.3000000000E-01     8.8099433848E+00     5.3641194681E+00    -9.2120978060E+00     2.5801110951E+00     3.0858425913E-01
    1.4000000000E-01     8.7178546504E+00     5.3897345257E+00    -9.2051287641E+00     2.5427984096E+00     3.0858425913E-01
    1.5000000000E-01     8.6258511233E+00     5.4149734375E+00    -9.1950656478E+00     2.5048860959E+00     3.0858425913E-01
    1.6000000000E-01     8.5339634611E+00     5.4398303323E+00    -9.1819655089E+00     2.4663991961E+00     3.0858425914E-01
    1.7000000000E-01     8.4422217393E+00     5.4642995906E+00    -9.1658876042E+00     2.4273630431E+00     3.0858425914E-01
    1.8000000000E-01     8.3506554307E+00     5.4883758476E+00    -9.1468932570E+00     2.3878032187E+00     3.0858425914E-01
    1.9000000000E-01     8.2592933850E+00     5.5120539953E+00    -9.1250457170E+00     2.3477455120E+00     3.0858425914E-01
    2.0000000000E-01     8.1681638104E+00     5.5353291847E+00    -9.1004100186E+00     2.3072158786E+00     3.0858425914E-01
    2.1000000000E-01     8.0772942564E+00     5.5581968268E+00    -9.0730528398E+00     2.2662403997E+00     3.0858425914E-01
    2.2000000000E-01     7.9867115981E+00     5.5806525938E+00    -9.0430423603E+00     2.2248452420E+00     3.0858425914E-01
    2.3000000000E-01     7.8964420218E+00     5.6026924200E+00    -9.0104481204E+00     2.1830566181E+00     3.0858425914E-01
    2.4000000000E-01     7.8065110124E+00     5.6243125020E+00    -8.9753408800E+00     2.1409007476E+00     3.0858425915E-01
    2.5000000000E-01     7.7169433415E+00     5.6455092982E+00    -8.9377924795E+00     2.0984038195E+00     3.0858425915E-01
    2.6000000000E-01     7.6277630575E+00     5.6662795286E+00    -8.8978757016E+00     2.0555919548E+00     3.0858425915E-01
    2.7000000000E-01     7.5389934769E+00     5.6866201742E+00    -8.8556641350E+00     2.0124911702E+00     3.0858425915E-01
    2.8000000000E-01     7.4506571767E+00     5.7065284753E+00    -8.8112320409E+00     1.9691273437E+00     3.0858425915E-01
    2.9000000000E-01     7.3627759886E+00     5.7260019300E+00    -8.7646542208E+00     1.9255261801E+00     3.0858425915E-01
    3.0000000000E-01     7.2753709940E+00     5.7450382928E+00    -8.7160058885E+00     1.8817131784E+00     3.0858425915E-01
    3.1000000000E-01     7.1884625209E+00     5.7636355717E+00    -8.6653625434E+00     1.8377136004E+00     3.0858425915E-01
    3.2000000000E-01     7.1020701410E+00     5.7817920262E+00    -8.6127998492E+00     1.7935524406E+00     3.0858425916E-01
    3.3000000000E-01     7.0162126694E+00     5.7995061643E+00    -8.5583935140E+00     1.7492543969E+00     3.0858425916E-01
    3.4000000000E-01     6.9309081641E+00     5.8167767392E+00    -8.5022191755E+00     1.7048438433E+00     3.0858425916E-01
    3.5000000000E-01     6.8461739277E+00     5.8336027462E+00    -8.4443522898E+00     1.6603448041E+00     3.0858425916E-01
    3.6000000000E-01     6.7620265095E+00     5.8499834192E+00    -8.3848680238E+00     1.6157809284E+00     3.0858425916E-01
    3.7000000000E-01     6.6784817092E+00     5.8659182262E+00    -8.3238411524E+00     1.5711754676E+00     3.0858425916E-01
    3.8000000000E-01     6.5955545808E+00     5.8814068661E+00    -8.2613459600E+00     1.5265512533E+00     3.0858425916E-01
    3.9000000000E-01     6.5132594387E+00     5.8964492635E+00    -8.1974561454E+00     1.4819306766E+00     3.0858425916E-01
    4.0000000000E-01     6.4316098632E+00     5.9110455649E+00    -8.1322447332E+00     1.4373356697E+00     3.0858425916E-01
    4.1000000000E-01     6.3506187084E+00     5.9251961337E+00    -8.0657839877E+00     1.3927876883E+00     3.0858425917E-01
    4.2000000000E-01     6.2702981097E+00     5.9389015453E+00    -7.9981453327E+00     1.3483076952E+00     3.0858425917E-01
    4.3000000000E-01     6.1906594930E+00     5.9521625825E+00    -7.9293992757E+00     1.3039161465E+00     3.0858425917E-01
    4.4000000000E-01     6.1117135837E+00     5.9649802296E+00    -7.8596153362E+00     1.2596329777E+00     3.0858425917E-01
    4.5000000000E-01     6.0334704175E+00     5.9773556680E+00    -7.7888619800E+00     1.2154775926E+00     3.0858425917E-01
    4.6000000000E-01     5.9559393509E+00     5.9892902703E+00    -7.7172065560E+00     1.1714688524E+00     3.0858425917E-01
    4.7000000000E-01     5.8791290726E+00     6.0007855950E+00    -7.6447152401E+00     1.1276250670E+00     3.0858425917E-01
    4.8000000000E-01     5.8030476158E+00     6.0118433808E+00    -7.5714529815E+00     1.0839639874E+00     3.0858425917E-01
    4.9000000000E-01     5.7277023704E+00     6.0224655411E+00    -7.4974834548E+00     1.0405027991E+00     3.0858425917E-01
    5.0000000000E-01     5.6531000963E+00     6.0326541585E+00    -7.4228690158E+00     9.9725811702E-01     3.0858425917E-01
    5.1000000000E-01     5.5792469363E+00     6.0424114787E+00    -7.3476706622E+00     9.5424598158E-01     3.0858425917E-01
    5.2000000000E-01     5.5061484306E+00     6.0517399049E+00    -7.2719479982E+00     9.1148185601E-01     3.0858425917E-01
    5.3000000000E-01     5.4338095300E+00     6.0606419922E+00    -7.1957592030E+00     8.6898062464E-01     3.0858425917E-01
    5.4000000000E-01     5.3622346111E+00     6.0691204414E+00    -7.1191610038E+00     8.2675659241E-01     3.0858425917E-01
    5.5000000000E-01     5.2914274903E+00     6.0771780938E+00    -7.0422086524E+00     7.8482348539E-01     3.0858425917E-01
    5.6000000000E-01     5.2213914392E+00     6.0848179248E+00    -6.9649559055E+00     7.4319445225E-01     3.0858425918E-01
    5.7000000000E-01     5.1521291992E+00     6.0920430384E+00    -6.8874550094E+00     7.0188206675E-01     3.0858425918E-01
    5.8000000000E-01     5.0836429970E+00     6.0988566617E+00    -6.8097566864E+00     6.6089833110E-01     3.0858425918E-01
    5.9000000000E-01     5.0159345595E+00     6.1052621387E+00    -6.7319101271E+00     6.2025468014E-01     3.0858425918E-01
    6.0000000000E-01     4.9490051296E+00     6.1112629252E+00    -6.6539629835E+00     5.7996198642E-01     3.0858425918E-01
    6.1000000000E-01     4.8828554812E+00     6.1168625828E+00    -6.5759613667E+00     5.4003056592E-01     3.0858425918E-01
    6.2000000000E-01     4.8174859351E+00     6.1220647734E+00    -6.4979498472E+00     5.0047018460E-01     3.0858425918E-01
    6.3000000000E-01     4.7528963737E+00     6.1268732541E+00    -6.4199714575E+00     4.6129006552E-01     3.0858425918E-01
    6.4000000000E-01     4.6890862570E+00     6.1312918713E+00    -6.3420676978E+00     4.2249889664E-01     3.0858425918E-01
    6.5000000000E-01     4.6260546376E+00     6.1353245557E+00    -6.2642785444E+00     3.8410483913E-01     3.0858425918E-01
    6.6000000000E-01     4.5638001758E+00     6.1389753173E+00    -6.1866424595E+00     3.4611553630E-01     3.0858425918E-01
    6.7000000000E-01     4.5023211548E+00     6.1422482395E+00    -6.1091964045E+00     3.0853812290E-01     3.0858425917E-01
    6.8000000000E-01     4.4416154959E+00     6.1451474749E+00    -6.0319758541E+00     2.7137923494E-01     3.0858425917E-01
    6.9000000000E-01     4.3816807726E+00     6.1476772398E+00    -5.9550148133E+00     2.3464501986E-01     3.0858425917E-01
    7.0000000000E-01     4.3225142259E+00     6.1498418098E+00    -5.8783458355E+00     1.9834114709E-01     3.0858425917E-01
    7.1000000000E-01     4.2641127785E+00     6.1516455146E+00    -5.8020000427E+00     1.6247281891E-01     3.0858425917E-01
    7.2000000000E-01     4.2064730486E+00     6.1530927338E+00    -5.7260071468E+00     1.2704478153E-01     3.0858425917E-01
    7.3000000000E-01     4.1495913647E+00     6.1541878923E+00    -5.6503954726E+00     9.2061336529E-02     3.0858425917E-01
    7.4000000000E-01     4.0934637785E+00     6.1549354555E+00    -5.5751919820E+00     5.7526352379E-02     3.0858425917E-01
    7.5000000000E-01     4.0380860789E+00     6.1553399257E+00    -5.5004222992E+00     2.3443276203E-02     3.0858425917E-01
    7.6000000000E-01     3.9834538053E+00     6.1554058375E+00    -5.4261107368E+00    -1.0184854355E-02     3.0858425917E-01
    7.7000000000E-01     3.9295622602E+00     6.1551377539E+00    -5.3522803235E+00    -4.3355399146E-02     3.0858425917E-01
    7.8000000000E-01     3.8764065223E+00     6.1545402624E+00    -5.2789528314E+00    -7.6066103468E-02     3.0858425917E-01
    7.9000000000E-01     3.8239814586E+00     6.1536179710E+00    -5.2061488053E+00    -1.0831508596E-01     3.0858425917E-01
    8.0000000000E-01     3.7722817367E+00     6.1523755048E+00    -5.1338875913E+00    -1.4010082650E-01     3.0858425917E-01
    8.1000000000E-01     3.7213018367E+00     6.1508175025E+00    -5.0621873674E+00    -1.7142215408E-01     3.0858425917E-01
    8.2000000000E-01     3.6710360625E+00     6.1489486126E+00    -4.9910651726E+00    -2.0227823471E-01     3.0858425917E-01
    8.3000000000E-01     3.6214785533E+00     6.1467734904E+00    -4.9205369383E+00    -2.3266855942E-01     3.0858425917E-01
    8.4000000000E-01     3.5726232943E+00     6.1442967946E+00    -4.8506175184E+00    -2.6259293232E-01     3.0858425916E-01
    8.5000000000E-01     3.5244641274E+00     6.1415231846E+00    -4.7813207205E+00    -2.9205145866E-01     3.0858425916E-01
    8.6000000000E-01     3.4769947617E+00     6.1384573170E+00    -4.7126593366E+00    -3.2104453317E-01     3.0858425916E-01
    8.7000000000E-01     3.4302087832E+00     6.1351038432E+00    -4.6446451740E+00    -3.4957282840E-01     3.0858425916E-01
    8.8000000000E-01     3.3840996646E+00     6.1314674066E+00    -4.5772890865E+00    -3.7763728323E-01     3.0858425916E-01
    8.9000000000E-01     3.3386607747E+00     6.1275526397E+00    -4.5106010051E+00    -4.0523909157E-01     3.0858425916E-01
    9.0000000000E-01     3.2938853876E+00     6.1233641621E+00    -4.4445899682E+00    -4.3237969120E-01     3.0858425916E-01
    9.1000000000E-01     3.2497666912E+00     6.1189065777E+00    -4.3792641528E+00    -4.5906075281E-01     3.0858425916E-01
    9.2000000000E-01     3.2062977959E+00     6.1141844726E+00    -4.3146309038E+00    -4.8528416921E-01     3.0858425916E-01
    9.3000000000E-01     3.1634717427E+00     6.1092024128E+00    -4.2506967643E+00    -5.1105204480E-01     3.0858425916E-01
    9.4000000000E-01     3.1212815110E+00     6.1039649425E+00    -4.1874675053E+00    -5.3636668514E-01     3.0858425915E-01
    9.5000000000E-01     3.0797200262E+00     6.0984765816E+00    -4.1249481542E+00    -5.6123058689E-01     3.0858425915E-01
    9.6000000000E-01     3.0387801671E+00     6.0927418243E+00    -4.0631430237E+00    -5.8564642784E-01     3.0858425915E-01
    9.7000000000E-01     2.9984547728E+00     6.0867651371E+00    -4.0020557404E+00    -6.0961705721E-01     3.0858425915E-01
    9.8000000000E-01     2.9587366495E+00     6.0805509571E+00    -3.9416892720E+00    -6.3314548625E-01     3.0858425915E-01
    9.9000000000E-01     2.9196185768E+00     6.0741036908E+00    -3.8820459548E+00    -6.5623487900E-01     3.0858425915E-01
    1.0000000000E+00     2.8810933141E+00     6.0674277120E+00    -3.8231275204E+00    -6.7888854333E-01     3.0858425915E-01
    1.0100000000E+00     2.8431536062E+00     6.0605273609E+00    -3.7649351219E+00    -7.0110992217E-01     3.0858425915E-01
    1.0200000000E+00     2.8057921895E+00     6.0534069426E+00    -3.7074693593E+00    -7.2290258511E-01     3.0858425915E-01
    1.0300000000E+00     2.7690017967E+00     6.0460707260E+00    -3.6507303048E+00    -7.4427022009E-01     3.0858425915E-01
    1.0400000000E+00     2.7327751624E+00     6.0385229423E+00    -3.5947175271E+00    -7.6521662547E-01     3.0858425914E-01
    1.0500000000E+00     2.6971050282E+00     6.0307677846E+00    -3.5394301152E+00    -7.8574570226E-01     3.0858425914E-01
    1.0600000000E+00     2.6619841468E+00     6.0228094060E+00    -3.4848667017E+00    -8.0586144663E-01     3.0858425914E-01
    1.0700000000E+00     2.6274052868E+00     6.0146519198E+00    -3.4310254854E+00    -8.2556794268E-01     3.0858425914E-01
    1.0800000000E+00     2.5933612371E+00     6.0062993975E+00    -3.3779042535E+00    -8.4486935542E-01     3.0858425914E-01
    1.0900000000E+00     2.5598448104E+00     5.9977558688E+00    -3.3255004025E+00    -8.6376992402E-01     3.0858425914E-01
    1.1000000000E+00     2.5268488476E+00     5.9890253208E+00    -3.2738109597E+00    -8.8227395528E-01     3.0858425914E-01
    1.1100000000E+00     2.4943662209E+00     5.9801116969E+00    -3.2228326027E+00    -9.0038581735E-01     3.0858425914E-01
    1.1200000000E+00     2.4623898375E+00     5.9710188969E+00    -3.1725616792E+00    -9.1810993367E-01     3.0858425914E-01
    1.1300000000E+00     2.4309126424E+00     5.9617507758E+00    -3.1229942261E+00    -9.3545077714E-01     3.0858425913E-01
    1.1400000000E+00     2.3999276222E+00     5.9523111439E+00    -3.0741259876E+00    -9.5241286454E-01     3.0858425913E-01
    1.1500000000E+00     2.3694278070E+00     5.9427037659E+00    -3.0259524330E+00    -9.6900075116E-01     3.0858425913E-01
    1.1600000000E+00     2.3394062739E+00     5.9329323609E+00    -2.9784687738E+00    -9.8521902561E-01     3.0858425913E-01
    1.1700000000E+00     2.3098561487E+00     5.9230006020E+00    -2.9316699801E+00    -1.0010723049E+00     3.0858425913E-01
    1.1800000000E+00     2.2807706089E+00     5.9129121160E+00    -2.8855507971E+00    -1.0165652297E+00     3.0858425913E-01
    1.1900000000E+00     2.2521428856E+00     5.9026704831E+00    -2.8401057596E+00    -1.0317024598E+00     3.0858425913E-01
    1.2000000000E+00     2.2239662654E+00     5.8922792369E+00    -2.7953292077E+00    -1.0464886698E+00     3.0858425913E-01
    1.2100000000E+00     2.1962340926E+00     5.8817418641E+00    -2.7512153005E+00    -1.0609285451E+00     3.0858425913E-01
    1.2200000000E+00     2.1689397706E+00     5.8710618048E+00    -2.7077580299E+00    -1.0750267775E+00     3.0858425913E-01
    1.2300000000E+00     2.1420767637E+00     5.8602424517E+00    -2.6649512342E+00    -1.0887880621E+00     3.0858425912E-01
    1.2400000000E+00     2.1156385987E+00     5.8492871510E+00    -2.6227886100E+00    -1.1022170933E+00     3.0858425912E-01
    1.2500000000E+00     2.0896188657E+00     5.8381992017E+00    -2.5812637252E+00    -1.1153185613E+00     3.0858425912E-01
    1.2600000000E+00     2.0640112202E+00     5.8269818561E+00    -2.5403700301E+00    -1.1280971493E+00     3.0858425912E-01
    1.2700000000E+00     2.0388093833E+00     5.8156383194E+00    -2.5001008686E+00    -1.1405575302E+00     3.0858425912E-01
    1.2800000000E+00     2.0140071435E+00     5.8041717506E+00    -2.4604494893E+00    -1.1527043634E+00     3.0858425912E-01
    1.2900000000E+00     1.9895983571E+00     5.7925852618E+00    -2.4214090553E+00    -1.1645422927E+00     3.0858425912E-01
    1.3000000000E+00     1.9655769490E+00     5.7808819190E+00    -2.3829726541E+00    -1.1760759431E+00     3.0858425912E-01
    1.3100000000E+00     1.9419369138E+00     5.7690647419E+00    -2.3451333070E+00    -1.1873099187E+00     3.0858425912E-01
    1.3200000000E+00     1.9186723161E+00     5.7571367043E+00    -2.3078839781E+00    -1.1982488002E+00     3.0858425912E-01
    1.3300000000E+00     1.8957772911E+00     5.7451007343E+00    -2.2712175827E+00    -1.2088971430E+00     3.0858425912E-01
    1.3400000000E+00     1.8732460451E+00     5.7329597148E+00    -2.2351269954E+00    -1.2192594747E+00     3.0858425911E-01
    1.3500000000E+00     1.8510728557E+00     5.7207164832E+00    -2.1996050577E+00    -1.2293402935E+00     3.0858425911E-01
    1.3600000000E+00     1.8292520724E+00     5.7083738324E+00    -2.1646445856E+00    -1.2391440667E+00     3.0858425911E-01
    1.3700000000E+00     1.8077781165E+00     5.6959345106E+00    -2.1302383763E+00    -1.2486752281E+00     3.0858425911E-01
    1.3800000000E+00     1.7866454814E+00     5.6834012219E+00    -2.0963792153E+00    -1.2579381775E+00     3.0858425911E-01
    1.3900000000E+00     1.7658487328E+00     5.6707766265E+00    -2.0630598818E+00    -1.2669372786E+00     3.0858425911E-01
    1.4000000000E+00     1.7453825084E+00     5.6580633414E+00    -2.0302731557E+00    -1.2756768578E+00     3.0858425911E-01
    1.4100000000E+00     1.7252415183E+00     5.6452639401E+00    -1.9980118224E+00    -1.2841612029E+00     3.0858425911E-01
    1.4200000000E+00     1.7054205447E+00     5.6323809539E+00    -1.9662686785E+00    -1.2923945621E+00     3.0858425911E-01
    1.4300000000E+00     1.6859144414E+00     5.6194168715E+00    -1.9350365369E+00    -1.3003811430E+00     3.0858425911E-01
    1.4400000000E+00     1.6667181345E+00     5.6063741397E+00    -1.9043082310E+00    -1.3081251112E+00     3.0858425911E-01
    1.4500000000E+00     1.6478266212E+00     5.5932551642E+00    -1.8740766202E+00    -1.3156305898E+00     3.0858425911E-01
    1.4600000000E+00     1.6292349702E+00     5.5800623093E+00    -1.8443345928E+00    -1.3229016587E+00     3.0858425911E-01
    1.4700000000E+00     1.6109383210E+00     5.5667978989E+00    -1.8150750711E+00    -1.3299423535E+00     3.0858425911E-01
    1.4800000000E+00     1.5929318839E+00     5.5534642168E+00    -1.7862910145E+00    -1.3367566651E+00     3.0858425911E-01
    1.4900000000E+00     1.5752109392E+00     5.5400635071E+00    -1.7579754229E+00    -1.3433485388E+00     3.0858425910E-01
    1.5000000000E+00     1.5577708370E+00     5.5265979745E+00    -1.7301213404E+00    -1.3497218745E+00     3.0858425910E-01
    1.5100000000E+00     1.5406069970E+00     5.5130697852E+00    -1.7027218577E+00    -1.3558805255E+00     3.0858425910E-01
    1.5200000000E+00     1.5237149074E+00     5.4994810669E+00    -1.6757701157E+00    -1.3618282983E+00     3.0858425910E-01
    1.5300000000E+00     1.5070901249E+00     5.4858339096E+00    -1.6492593075E+00    -1.3675689526E+00     3.0858425910E-01
    1.5400000000E+00     1.4907282740E+00     5.4721303659E+00    -1.6231826808E+00    -1.3731062008E+00     3.0858425910E-01
    1.5500000000E+00     1.4746250464E+00     5.4583724514E+00    -1.5975335407E+00    -1.3784437076E+00     3.0858425910E-01
    1.5600000000E+00     1.4587762004E+00     5.4445621455E+00    -1.5723052513E+00    -1.3835850903E+00     3.0858425910E-01
    1.5700000000E+00     1.4431775604E+00     5.4307013914E+00    -1.5474912377E+00    -1.3885339180E+00     3.0858425910E-01
    1.5800000000E+00     1.4278250164E+00     5.4167920972E+00    -1.5230849880E+00    -1.3932937124E+00     3.0858425910E-01
    1.5900000000E+00     1.4127145230E+00     5.4028361357E+00    -1.4990800544E+00    -1.3978679469E+00     3.0858425910E-01
    1.6000000000E+00     1.3978420989E+00     5.3888353454E+00    -1.4754700551E+00    -1.4022600472E+00     3.0858425910E-01
    1.6100000000E+00     1.3832038265E+00     5.3747915306E+00    -1.4522486755E+00    -1.4064733911E+00     3.0858425910E-01
    1.6200000000E+00     1.3687958508E+00     5.3607064623E+00    -1.4294096693E+00    -1.4105113086E+00     3.0858425910E-01
    1.6300000000E+00     1.3546143791E+00     5.3465818783E+00    -1.4069468595E+00    -1.4143770822E+00     3.0858425910E-01
    1.6400000000E+00     1.3406556800E+00     5.3324194837E+00    -1.3848541396E+00    -1.4180739466E+00     3.0858425910E-01
    1.6500000000E+00     1.3269160828E+00     5.3182209517E+00    -1.3631254740E+00    -1.4216050894E+00     3.0858425910E-01
    1.6600000000E+00     1.3133919769E+00     5.3039879238E+00    -1.3417548993E+00    -1.4249736511E+00     3.0858425910E-01
    1.6700000000E+00     1.3000798108E+00     5.2897220103E+00    -1.3207365243E+00    -1.4281827251E+00     3.0858425910E-01
    1.6800000000E+00     1.2869760918E+00     5.2754247908E+00    -1.3000645310E+00    -1.4312353583E+00     3.0858425910E-01
    1.6900000000E+00     1.2740773848E+00     5.2610978146E+00    -1.2797331746E+00    -1.4341345514E+00     3.0858425910E-01
    1.7000000000E+00     1.2613803118E+00     5.2467426014E+00    -1.2597367844E+00    -1.4368832587E+00     3.0858425910E-01
    1.7100000000E+00     1.2488815512E+00     5.2323606414E+00    -1.2400697634E+00    -1.4394843891E+00     3.0858425909E-01
    1.7200000000E+00     1.2365778370E+00     5.2179533960E+00    -1.2207265889E+00    -1.4419408060E+00     3.0858425909E-01
    1.7300000000E+00     1.2244659581E+00     5.2035222982E+00    -1.2017018126E+00    -1.4442553276E+00     3.0858425909E-01
    1.7400000000E+00     1.2125427574E+00     5.1890687531E+00    -1.1829900605E+00    -1.4464307278E+00     3.0858425909E-01
    1.7500000000E+00     1.2008051312E+00     5.1745941383E+00    -1.1645860329E+00    -1.4484697360E+00     3.0858425909E-01
    1.7600000000E+00     1.1892500284E+00     5.1600998041E+00    -1.1464845042E+00    -1.4503750378E+00     3.0858425909E-01
    1.7700000000E+00     1.1778744499E+00     5.1455870744E+00    -1.1286803230E+00    -1.4521492753E+00     3.0858425909E-01
    1.7800000000E+00     1.1666754477E+00     5.1310572468E+00    -1.1111684118E+00    -1.4537950477E+00     3.0858425909E-01
    1.7900000000E+00     1.1556501241E+00     5.1165115931E+00    -1.0939437666E+00    -1.4553149115E+00     3.0858425909E-01
    1.8000000000E+00     1.1447956313E+00     5.1019513599E+00    -1.0770014567E+00    -1.4567113812E+00     3.0858425909E-01
    1.8100000000E+00     1.1341091701E+00     5.0873777686E+00    -1.0603366245E+00    -1.4579869295E+00     3.0858425909E-01
    1.8200000000E+00     1.1235879898E+00     5.0727920163E+00    -1.0439444849E+00    -1.4591439881E+00     3.0858425909E-01
    1.8300000000E+00     1.1132293871E+00     5.0581952758E+00    -1.0278203249E+00    -1.4601849476E+00     3.0858425909E-01
    1.8400000000E+00     1.1030307055E+00     5.0435886965E+00    -1.0119595032E+00    -1.4611121588E+00     3.0858425909E-01
    1.8500000000E+00     1.0929893345E+00     5.0289734041E+00    -9.9635744973E-01    -1.4619279322E+00     3.0858425909E-01
    1.8600000000E+00     1.0831027090E+00     5.0143505017E+00    -9.8100966499E-01    -1.4626345395E+00     3.0858425909E-01
    1.8700000000E+00     1.0733683084E+00     4.9997210697E+00    -9.6591171963E-01    -1.4632342132E+00     3.0858425909E-01
    1.8800000000E+00     1.0637836563E+00     4.9850861666E+00    -9.5105925379E-01    -1.4637291477E+00     3.0858425909E-01
    1.8900000000E+00     1.0543463194E+00     4.9704468287E+00    -9.3644797651E-01    -1.4641214995E+00     3.0858425909E-01
    1.9000000000E+00     1.0450539069E+00     4.9558040714E+00    -9.2207366510E-01    -1.4644133879E+00     3.0858425909E-01
    1.9100000000E+00     1.0359040701E+00     4.9411588889E+00    -9.0793216447E-01    -1.4646068952E+00     3.0858425909E-01
    1.9200000000E+00     1.0268945012E+00     4.9265122546E+00    -8.9401938646E-01    -1.4647040674E+00     3.0858425909E-01
    1.9300000000E+00     1.0180229333E+00     4.9118651220E+00    -8.8033130918E-01    -1.4647069148E+00     3.0858425909E-01
    1.9400000000E+00     1.0092871392E+00     4.8972184242E+00    -8.6686397627E-01    -1.4646174123E+00     3.0858425909E-01
    1.9500000000E+00     1.0006849310E+00     4.8825730751E+00    -8.5361349618E-01    -1.4644375000E+00     3.0858425909E-01
    1.9600000000E+00     9.9221415924E-01     4.8679299692E+00    -8.4057604148E-01    -1.4641690835E+00     3.0858425909E-01
    1.9700000000E+00     9.8387271262E-01     4.8532899822E+00    -8.2774784808E-01    -1.4638140349E+00     3.0858425909E-01
    1.9800000000E+00     9.7565851708E-01     4.8386539711E+00    -8.1512521447E-01    -1.4633741926E+00     3.0858425909E-01
    1.9900000000E+00     9.6756953527E-01     4.8240227749E+00    -8.0270450100E-01    -1.4628513625E+00     3.0858425909E-01
    2.0000000000E+00     9.5960376593E-01     4.8093972146E+00    -7.9048212907E-01    -1.4622473179E+00     3.0858425909E-01
    2.0100000000E+00     9.5175924329E-01     4.7947780935E+00    -7.7845458038E-01    -1.4615638004E+00     3.0858425909E-01
    2.0200000000E+00     9.4403403645E-01     4.7801661978E+00    -7.6661839615E-01    -1.4608025201E+00     3.0858425909E-01
    2.0300000000E+00     9.3642624882E-01     4.7655622967E+00    -7.5497017631E-01    -1.4599651562E+00     3.0858425909E-01
    2.0400000000E+00     9.2893401752E-01     4.7509671428E+00    -7.4350657875E-01    -1.4590533576E+00     3.0858425909E-01
    2.0500000000E+00     9.2155551280E-01     4.7363814723E+00    -7.3222431851E-01    -1.4580687433E+00     3.0858425909E-01
    2.0600000000E+00     9.1428893746E-01     4.7218060053E+00    -7.2112016700E-01    -1.4570129026E+00     3.0858425909E-01
    2.0700000000E+00     9.0713252634E-01     4.7072414464E+00    -7.1019095118E-01    -1.4558873960E+00     3.0858425909E-01
    2.0800000000E+00     9.0008454572E-01     4.6926884845E+00    -6.9943355283E-01    -1.4546937555E+00     3.0858425909E-01
    2.0900000000E+00     8.9314329278E-01     4.6781477934E+00    -6.8884490767E-01    -1.4534334849E+00     3.0858425909E-01
    2.1000000000E+00     8.8630709510E-01     4.6636200320E+00    -6.7842200467E-01    -1.4521080605E+00     3.0858425909E-01
    2.1100000000E+00     8.7957431008E-01     4.6491058445E+00    -6.6816188520E-01    -1.4507189312E+00     3.0858425909E-01
    2.1200000000E+00     8.7294332448E-01     4.6346058610E+00    -6.5806164225E-01    -1.4492675196E+00     3.0858425909E-01
    2.1300000000E+00     8.6641255384E-01     4.6201206971E+00    -6.4811841967E-01    -1.4477552216E+00     3.0858425909E-01
    2.1400000000E+00     8.5998044204E-01     4.6056509549E+00    -6.3832941140E-01    -1.4461834076E+00     3.0858425909E-01
    2.1500000000E+00     8.5364546076E-01     4.5911972229E+00    -6.2869186066E-01    -1.4445534223E+00     3.0858425909E-01
    2.1600000000E+00     8.4740610900E-01     4.5767600760E+00    -6.1920305923E-01    -1.4428665856E+00     3.0858425909E-01
    2.1700000000E+00     8.4126091262E-01     4.5623400763E+00    -6.0986034664E-01    -1.4411241929E+00     3.0858425909E-01
    2.1800000000E+00     8.3520842383E-01     4.5479377731E+00    -6.0066110943E-01    -1.4393275153E+00     3.0858425909E-01
    2.1900000000E+00     8.2924722074E-01     4.5335537028E+00    -5.9160278044E-01    -1.4374778003E+00     3.0858425909E-01
    2.2000000000E+00     8.2337590693E-01     4.5191883898E+00    -5.8268283799E-01    -1.4355762720E+00     3.0858425909E-01
    2.2100000000E+00     8.1759311095E-01     4.5048423461E+00    -5.7389880518E-01    -1.4336241316E+00     3.0858425909E-01
    2.2200000000E+00     8.1189748591E-01     4.4905160719E+00    -5.6524824919E-01    -1.4316225578E+00     3.0858425909E-01
    2.2300000000E+00     8.0628770902E-01     4.4762100558E+00    -5.5672878048E-01    -1.4295727072E+00     3.0858425909E-01
    2.2400000000E+00     8.0076248117E-01     4.4619247749E+00    -5.4833805213E-01    -1.4274757146E+00     3.0858425909E-01
    2.2500000000E+00     7.9532052653E-01     4.4476606950E+00    -5.4007375912E-01    -1.4253326934E+00     3.0858425909E-01
    2.2600000000E+00     7.8996059209E-01     4.4334182708E+00    -5.3193363758E-01    -1.4231447361E+00     3.0858425909E-01
    2.2700000000E+00     7.8468144729E-01     4.4191979465E+00    -5.2391546417E-01    -1.4209129145E+00     3.0858425909E-01
    2.2800000000E+00     7.7948188359E-01     4.4050001552E+00    -5.1601705534E-01    -1.4186382803E+00     3.0858425909E-01
    2.2900000000E+00     7.7436071412E-01     4.3908253201E+00    -5.0823626665E-01    -1.4163218650E+00     3.0858425909E-01
    2.3000000000E+00     7.6931677322E-01     4.3766738538E+00    -5.0057099212E-01    -1.4139646809E+00     3.0858425909E-01
    2.3100000000E+00     7.6434891613E-01     4.3625461591E+00    -4.9301916356E-01    -1.4115677208E+00     3.0858425909E-01
    2.3200000000E+00     7.5945601857E-01     4.3484426288E+00    -4.8557874990E-01    -1.4091319589E+00     3.0858425909E-01
    2.3300000000E+00     7.5463697640E-01     4.3343636461E+00    -4.7824775655E-01    -1.4066583508E+00     3.0858425909E-01
    2.3400000000E+00     7.4989070524E-01     4.3203095848E+00    -4.7102422478E-01    -1.4041478338E+00     3.0858425909E-01
    2.3500000000E+00     7.4521614011E-01     4.3062808093E+00    -4.6390623107E-01    -1.4016013274E+00     3.0858425909E-01
    2.3600000000E+00     7.4061223512E-01     4.2922776752E+00    -4.5689188647E-01    -1.3990197338E+00     3.0858425909E-01
    2.3700000000E+00     7.3607796307E-01     4.2783005287E+00    -4.4997933604E-01    -1.3964039376E+00     3.0858425909E-01
    2.3800000000E+00     7.3161231516E-01     4.2643497075E+00    -4.4316675820E-01    -1.3937548068E+00     3.0858425909E-01
    2.3900000000E+00     7.2721430063E-01     4.2504255408E+00    -4.3645236413E-01    -1.3910731926E+00     3.0858425909E-01
    2.4000000000E+00     7.2288294646E-01     4.2365283492E+00    -4.2983439722E-01    -1.3883599301E+00     3.0858425909E-01
    2.4100000000E+00     7.1861729702E-01     4.2226584450E+00    -4.2331113246E-01    -1.3856158382E+00     3.0858425909E-01
    2.4200000000E+00     7.1441641378E-01     4.2088161325E+00    -4.1688087590E-01    -1.3828417202E+00     3.0858425909E-01
    2.4300000000E+00     7.1027937502E-01     4.1950017080E+00    -4.1054196403E-01    -1.3800383641E+00     3.0858425909E-01
    2.4400000000E+00     7.0620527547E-01     4.1812154601E+00    -4.0429276330E-01    -1.3772065425E+00     3.0858425909E-01
    2.4500000000E+00     7.0219322607E-01     4.1674576695E+00    -3.9813166952E-01    -1.3743470133E+00     3.0858425909E-01
    2.4600000000E+00     6.9824235364E-01     4.1537286097E+00    -3.9205710733E-01    -1.3714605198E+00     3.0858425909E-01
    2.4700000000E+00     6.9435180064E-01     4.1400285466E+00    -3.8606752971E-01    -1.3685477910E+00     3.0858425909E-01
    2.4800000000E+00     6.9052072483E-01     4.1263577390E+00    -3.8016141741E-01    -1.3656095419E+00     3.0858425909E-01
    2.4900000000E+00     6.8674829905E-01     4.1127164385E+00    -3.7433727849E-01    -1.3626464735E+00     3.0858425909E-01
    2.5000000000E+00     6.8303371091E-01     4.0991048899E+00    -3.6859364775E-01    -1.3596592735E+00     3.0858425909E-01
    2.5100000000E+00     6.7937616253E-01     4.0855233312E+00    -3.6292908629E-01    -1.3566486162E+00     3.0858425909E-01
    2.5200000000E+00     6.7577487033E-01     4.0719719936E+00    -3.5734218102E-01    -1.3536151628E+00     3.0858425909E-01
    2.5300000000E+00     6.7222906469E-01     4.0584511018E+00    -3.5183154413E-01    -1.3505595619E+00     3.0858425909E-01
    2.5400000000E+00     6.6873798976E-01     4.0449608740E+00    -3.4639581269E-01    -1.3474824493E+00     3.0858425909E-01
    2.5500000000E+00     6.6530090321E-01     4.0315015224E+00    -3.4103364813E-01    -1.3443844485E+00     3.0858425909E-01
    2.5600000000E+00     6.6191707596E-01     4.0180732527E+00    -3.3574373580E-01    -1.3412661712E+00     3.0858425909E-01
    2.5700000000E+00     6.5858579196E-01     4.0046762646E+00    -3.3052478455E-01    -1.3381282169E+00     3.0858425909E-01
    2.5800000000E+00     6.5530634797E-01     3.9913107520E+00    -3.2537552622E-01    -1.3349711735E+00     3.0858425909E-01
    2.5900000000E+00     6.5207805328E-01     3.9779769028E+00    -3.2029471530E-01    -1.3317956176E+00     3.0858425909E-01
    2.6000000000E+00     6.4890022958E-01     3.9646748994E+00    -3.1528112844E-01    -1.3286021145E+00     3.0858425909E-01
    2.6100000000E+00     6.4577221064E-01     3.9514049185E+00    -3.1033356404E-01    -1.3253912185E+00     3.0858425909E-01
    2.6200000000E+00     6.4269334216E-01     3.9381671312E+00    -3.0545084184E-01    -1.3221634729E+00     3.0858425909E-01
    2.6300000000E+00     6.3966298153E-01     3.9249617034E+00    -3.0063180256E-01    -1.3189194108E+00     3.0858425909E-01
    2.6400000000E+00     6.3668049763E-01     3.9117887957E+00    -2.9587530742E-01    -1.3156595546E+00     3.0858425909E-01
    2.6500000000E+00     6.3374527063E-01     3.8986485633E+00    -2.9118023784E-01    -1.3123844164E+00     3.0858425909E-01
    2.6600000000E+00     6.3085669179E-01     3.8855411566E+00    -2.8654549497E-01    -1.3090944986E+00     3.0858425909E-01
    2.6700000000E+00     6.2801416324E-01     3.8724667209E+00    -2.8196999940E-01    -1.3057902936E+00     3.0858425909E-01
    2.6800000000E+00     6.2521709785E-01     3.8594253967E+00    -2.7745269073E-01    -1.3024722841E+00     3.0858425909E-01
    2.6900000000E+00     6.2246491895E-01     3.8464173197E+00    -2.7299252721E-01    -1.2991409434E+00     3.0858425909E-01
    2.7000000000E+00     6.1975706023E-01     3.8334426207E+00    -2.6858848543E-01    -1.2957967354E+00     3.0858425909E-01
    2.7100000000E+00     6.1709296552E-01     3.8205014263E+00    -2.6423955991E-01    -1.2924401150E+00     3.0858425909E-01
    2.7200000000E+00     6.1447208861E-01     3.8075938583E+00    -2.5994476281E-01    -1.2890715283E+00     3.0858425909E-01
    2.7300000000E+00     6.1189389307E-01     3.7947200342E+00    -2.5570312356E-01    -1.2856914122E+00     3.0858425909E-01
    2.7400000000E+00     6.0935785212E-01     3.7818800671E+00    -2.5151368853E-01    -1.2823001954E+00     3.0858425909E-01
    2.7500000000E+00     6.0686344841E-01     3.7690740659E+00    -2.4737552073E-01    -1.2788982979E+00     3.0858425909E-01
    2.7600000000E+00     6.0441017389E-01     3.7563021354E+00    -2.4328769945E-01    -1.2754861315E+00     3.0858425909E-01
    2.7700000000E+00     6.0199752962E-01     3.7435643762E+00    -2.3924931998E-01    -1.2720640998E+00     3.0858425909E-01
    2.7800000000E+00     5.9962502565E-01     3.7308608849E+00    -2.3525949331E-01    -1.2686325986E+00     3.0858425909E-01
    2.7900000000E+00     5.9729218082E-01     3.7181917545E+00    -2.3131734579E-01    -1.2651920156E+00     3.0858425909E-01
    2.8000000000E+00     5.9499852266E-01     3.7055570736E+00    -2.2742201885E-01    -1.2617427310E+00     3.0858425909E-01
    2.8100000000E+00     5.9274358719E-01     3.6929569276E+00    -2.2357266873E-01    -1.2582851174E+00     3.0858425909E-01
    2.8200000000E+00     5.9052691880E-01     3.6803913978E+00    -2.1976846617E-01    -1.2548195399E+00     3.0858425909E-01
    2.8300000000E+00     5.8834807010E-01     3.6678605621E+00    -2.1600859614E-01    -1.2513463565E+00     3.0858425909E-01
    2.8400000000E+00     5.8620660177E-01     3.6553644949E+00    -2.1229225756E-01    -1.2478659181E+00     3.0858425909E-01
    2.8500000000E+00     5.8410208246E-01     3.6429032668E+00    -2.0861866304E-01    -1.2443785683E+00     3.0858425909E-01
    2.8600000000E+00     5.8203408861E-01     3.6304769454E+00    -2.0498703859E-01    -1.2408846442E+00     3.0858425909E-01
    2.8700000000E+00     5.8000220433E-01     3.6180855948E+00    -2.0139662340E-01    -1.2373844759E+00     3.0858425909E-01
    2.8800000000E+00     5.7800602127E-01     3.6057292756E+00    -1.9784666956E-01    -1.2338783870E+00     3.0858425909E-01
    2.8900000000E+00     5.7604513852E-01     3.5934080457E+00    -1.9433644180E-01    -1.2303666947E+00     3.0858425909E-01
    2.9000000000E+00     5.7411916243E-01     3.5811219594E+00    -1.9086521728E-01    -1.2268497098E+00     3.0858425909E-01
    2.9100000000E+00     5.7222770653E-01     3.5688710681E+00    -1.8743228530E-01    -1.2233277366E+00     3.0858425909E-01
    2.9200000000E+00     5.7037039141E-01     3.5566554203E+00    -1.8403694712E-01    -1.2198010737E+00     3.0858425909E-01
    2.9300000000E+00     5.6854684457E-01     3.5444750613E+00    -1.8067851568E-01    -1.2162700133E+00     3.0858425909E-01
    2.9400000000E+00     5.6675670033E-01     3.5323300337E+00    -1.7735631539E-01    -1.2127348421E+00     3.0858425909E-01
    2.9500000000E+00     5.6499959971E-01     3.5202203772E+00    -1.7406968193E-01    -1.2091958405E+00     3.0858425909E-01
    2.9600000000E+00     5.6327519031E-01     3.5081461288E+00    -1.7081796199E-01    -1.2056532837E+00     3.0858425909E-01
    2.9700000000E+00     5.6158312623E-01     3.4961073225E+00    -1.6760051307E-01    -1.2021074410E+00     3.0858425909E-01
    2.9800000000E+00     5.5992306792E-01     3.4841039900E+00    -1.6441670330E-01    -1.1985585765E+00     3.0858425909E-01
    2.9900000000E+00     5.5829468211E-01     3.4721361602E+00    -1.6126591120E-01    -1.1950069487E+00     3.0858425909E-01
    3.0000000000E+00     5.5669764168E-01     3.4602038594E+00    -1.5814752546E-01    -1.1914528109E+00     3.0858425909E-01
    3.0100000000E+00     5.5513162558E-01     3.4483071115E+00    -1.5506094479E-01    -1.1878964114E+00     3.0858425909E-01
    3.0200000000E+00     5.5359631874E-01     3.4364459379E+00    -1.5200557769E-01    -1.1843379931E+00     3.0858425909E-01
    3.0300000000E+00     5.5209141192E-01     3.4246203576E+00    -1.4898084229E-01    -1.1807777942E+00     3.0858425909E-01
    3.0400000000E+00     5.5061660169E-01     3.4128303872E+00    -1.4598616612E-01    -1.1772160479E+00     3.0858425909E-01
    3.0500000000E+00     5.4917159028E-01     3.4010760410E+00    -1.4302098594E-01    -1.1736529826E+00     3.0858425909E-01
    3.0600000000E+00     5.4775608550E-01     3.3893573312E+00    -1.4008474759E-01    -1.1700888221E+00     3.0858425909E-01
    3.0700000000E+00     5.4636980068E-01     3.3776742675E+00    -1.3717690577E-01    -1.1665237854E+00     3.0858425909E-01
    3.0800000000E+00     5.4501245452E-01     3.3660268577E+00    -1.3429692390E-01    -1.1629580871E+00     3.0858425909E-01
    3.0900000000E+00     5.4368377109E-01     3.3544151073E+00    -1.3144427393E-01    -1.1593919374E+00     3.0858425909E-01
    3.1000000000E+00     5.4238347967E-01     3.3428390197E+00    -1.2861843617E-01    -1.1558255419E+00     3.0858425909E-01
    3.1100000000E+00     5.4111131470E-01     3.3312985966E+00    -1.2581889913E-01    -1.1522591023E+00     3.0858425909E-01
    3.1200000000E+00     5.3986701570E-01     3.3197938372E+00    -1.2304515938E-01    -1.1486928157E+00     3.0858425909E-01
    3.1300000000E+00     5.3865032717E-01     3.3083247391E+00    -1.2029672136E-01    -1.1451268753E+00     3.0858425909E-01
    3.1400000000E+00     5.3746099856E-01     3.2968912979E+00    -1.1757309723E-01    -1.1415614702E+00     3.0858425909E-01
    3.1500000000E+00     5.3629878412E-01     3.2854935073E+00    -1.1487380675E-01    -1.1379967856E+00     3.0858425909E-01
    3.1600000000E+00     5.3516344289E-01     3.2741313592E+00    -1.1219837708E-01    -1.1344330026E+00     3.0858425909E-01
    3.1700000000E+00     5.3405473859E-01     3.2628048436E+00    -1.0954634269E-01    -1.1308702987E+00     3.0858425909E-01
    3.1800000000E+00     5.3297243958E-01     3.2515139490E+00    -1.0691724516E-01    -1.1273088474E+00     3.0858425909E-01
    3.1900000000E+00     5.3191631874E-01     3.2402586620E+00    -1.0431063308E-01    -1.1237488189E+00     3.0858425909E-01
    3.2000000000E+00     5.3088615345E-01     3.2290389674E+00    -1.0172606189E-01    -1.1201903793E+00     3.0858425909E-01
    3.2100000000E+00     5.2988172549E-01     3.2178548485E+00    -9.9163093768E-02    -1.1166336915E+00     3.0858425909E-01
    3.2200000000E+00     5.2890282100E-01     3.2067062872E+00    -9.6621297459E-02    -1.1130789147E+00     3.0858425909E-01
    3.2300000000E+00     5.2794923039E-01     3.1955932633E+00    -9.4100248179E-02    -1.1095262049E+00     3.0858425909E-01
    3.2400000000E+00     5.2702074828E-01     3.1845157557E+00    -9.1599527474E-02    -1.1059757146E+00     3.0858425909E-01
    3.2500000000E+00     5.2611717345E-01     3.1734737412E+00    -8.9118723091E-02    -1.1024275930E+00     3.0858425909E-01
    3.2600000000E+00     5.2523830878E-01     3.1624671954E+00    -8.6657428859E-02    -1.0988819860E+00     3.0858425909E-01
    3.2700000000E+00     5.2438396117E-01     3.1514960926E+00    -8.4215244569E-02    -1.0953390366E+00     3.0858425909E-01
    3.2800000000E+00     5.2355394150E-01     3.1405604054E+00    -8.1791775849E-02    -1.0917988843E+00     3.0858425909E-01
    3.2900000000E+00     5.2274806457E-01     3.1296601051E+00    -7.9386634056E-02    -1.0882616658E+00     3.0858425909E-01
    3.3000000000E+00     5.2196614901E-01     3.1187951618E+00    -7.6999436156E-02    -1.0847275147E+00     3.0858425909E-01
    3.3100000000E+00     5.2120801729E-01     3.1079655442E+00    -7.4629804611E-02    -1.0811965618E+00     3.0858425909E-01
    3.3200000000E+00     5.2047349561E-01     3.0971712195E+00    -7.2277367275E-02    -1.0776689347E+00     3.0858425909E-01
    3.3300000000E+00     5.1976241385E-01     3.0864121540E+00    -6.9941757277E-02    -1.0741447585E+00     3.0858425909E-01
    3.3400000000E+00     5.1907460557E-01     3.0756883124E+00    -6.7622612924E-02    -1.0706241552E+00     3.0858425909E-01
    3.3500000000E+00     5.1840990790E-01     3.0649996585E+00    -6.5319577591E-02    -1.0671072443E+00     3.0858425909E-01
    3.3600000000E+00     5.1776816150E-01     3.0543461548E+00    -6.3032299619E-02    -1.0635941426E+00     3.0858425909E-01
    3.3700000000E+00     5.1714921054E-01     3.0437277626E+00    -6.0760432221E-02    -1.0600849641E+00     3.0858425909E-01
    3.3800000000E+00     5.1655290263E-01     3.0331444421E+00    -5.8503633373E-02    -1.0565798203E+00     3.0858425909E-01
    3.3900000000E+00     5.1597908877E-01     3.0225961524E+00    -5.6261565727E-02    -1.0530788201E+00     3.0858425909E-01
    3.4000000000E+00     5.1542762332E-01     3.0120828515E+00    -5.4033896512E-02    -1.0495820701E+00     3.0858425909E-01
    3.4100000000E+00     5.1489836394E-01     3.0016044965E+00    -5.1820297440E-02    -1.0460896742E+00     3.0858425909E-01
    3.4200000000E+00     5.1439117155E-01     2.9911610432E+00    -4.9620444617E-02    -1.0426017339E+00     3.0858425909E-01
    3.4300000000E+00     5.1390591029E-01     2.9807524466E+00    -4.7434018453E-02    -1.0391183487E+00     3.0858425909E-01
    3.4400000000E+00     5.1344244748E-01     2.9703786607E+00    -4.5260703572E-02    -1.0356396153E+00     3.0858425909E-01
    3.4500000000E+00     5.1300065355E-01     2.9600396385E+00    -4.3100188728E-02    -1.0321656285E+00     3.0858425909E-01
    3.4600000000E+00     5.1258040206E-01     2.9497353320E+00    -4.0952166717E-02    -1.0286964806E+00     3.0858425909E-01
    3.4700000000E+00     5.1218156959E-01     2.9394656925E+00    -3.8816334297E-02    -1.0252322618E+00     3.0858425909E-01
    3.4800000000E+00     5.1180403574E-01     2.9292306701E+00    -3.6692392106E-02    -1.0217730602E+00     3.0858425909E-01
    3.4900000000E+00     5.1144768309E-01     2.9190302142E+00    -3.4580044578E-02    -1.0183189617E+00     3.0858425909E-01
    3.5000000000E+00     5.1111239717E-01     2.9088642735E+00    -3.2478999869E-02    -1.0148700502E+00     3.0858425909E-01
    3.5100000000E+00     5.1079806638E-01     2.8987327957E+00    -3.0388969774E-02    -1.0114264076E+00     3.0858425909E-01
    3.5200000000E+00     5.1050458201E-01     2.8886357276E+00    -2.8309669659E-02    -1.0079881136E+00     3.0858425909E-01
    3.5300000000E+00     5.1023183816E-01     2.8785730153E+00    -2.6240818376E-02    -1.0045552460E+00     3.0858425909E-01
    3.5400000000E+00     5.0997973174E-01     2.8685446043E+00    -2.4182138198E-02    -1.0011278809E+00     3.0858425909E-01
    3.5500000000E+00     5.0974816241E-01     2.8585504391E+00    -2.2133354745E-02    -9.9770609229E-01     3.0858425909E-01
    3.5600000000E+00     5.0953703256E-01     2.8485904636E+00    -2.0094196908E-02    -9.9428995227E-01     3.0858425909E-01
    3.5700000000E+00     5.0934624728E-01     2.8386646210E+00    -1.8064396788E-02    -9.9087953120E-01     3.0858425909E-01
    3.5800000000E+00     5.0917571431E-01     2.8287728537E+00    -1.6043689621E-02    -9.8747489764E-01     3.0858425909E-01
    3.5900000000E+00     5.0902534405E-01     2.8189151035E+00    -1.4031813713E-02    -9.8407611837E-01     3.0858425909E-01
    3.6000000000E+00     5.0889504946E-01     2.8090913116E+00    -1.2028510376E-02    -9.8068325844E-01     3.0858425909E-01
    3.6100000000E+00     5.0878474612E-01     2.7993014184E+00    -1.0033523861E-02    -9.7729638122E-01     3.0858425909E-01
    3.6200000000E+00     5.0869435211E-01     2.7895453638E+00    -8.0466012930E-03    -9.7391554838E-01     3.0858425909E-01
    3.6300000000E+00     5.0862378805E-01     2.7798230871E+00    -6.0674926128E-03    -9.7054081997E-01     3.0858425909E-01
    3.6400000000E+00     5.0857297703E-01     2.7701345269E+00    -4.0959505122E-03    -9.6717225444E-01     3.0858425909E-01
    3.6500000000E+00     5.0854184463E-01     2.7604796213E+00    -2.1317303744E-03    -9.6380990865E-01     3.0858425909E-01
    3.6600000000E+00     5.0853031883E-01     2.7508583078E+00    -1.7459021523E-04    -9.6045383789E-01     3.0858425909E-01
    3.6700000000E+00     5.0853833002E-01     2.7412705234E+00     1.7757093758E-03    -9.5710409596E-01     3.0858425909E-01
    3.6800000000E+00     5.0856581100E-01     2.7317162046E+00     3.7194052927E-03    -9.5376073514E-01     3.0858425909E-01
    3.6900000000E+00     5.0861269690E-01     2.7221952873E+00     5.6567319688E-03    -9.5042380626E-01     3.0858425909E-01
    3.7000000000E+00     5.0867892518E-01     2.7127077069E+00     7.5879214331E-03    -9.4709335868E-01     3.0858425909E-01
    3.7100000000E+00     5.0876443563E-01     2.7032533983E+00     9.5132033638E-03    -9.4376944038E-01     3.0858425909E-01
    3.7200000000E+00     5.0886917032E-01     2.6938322962E+00     1.1432805142E-02    -9.4045209791E-01     3.0858425909E-01
    3.7300000000E+00     5.0899307355E-01     2.6844443343E+00     1.3346951906E-02    -9.3714137648E-01     3.0858425909E-01
    3.7400000000E+00     5.0913609191E-01     2.6750894464E+00     1.5255866600E-02    -9.3383731994E-01     3.0858425909E-01
    3.7500000000E+00     5.0929817418E-01     2.6657675656E+00     1.7159770027E-02    -9.3053997083E-01     3.0858425909E-01
    3.7600000000E+00     5.0947927134E-01     2.6564786245E+00     1.9058880899E-02    -9.2724937040E-01     3.0858425909E-01
    3.7700000000E+00     5.0967933655E-01     2.6472225555E+00     2.0953415886E-02    -9.2396555863E-01     3.0858425909E-01
    3.7800000000E+00     5.0989832512E-01     2.6379992906E+00     2.2843589662E-02    -9.2068857423E-01     3.0858425909E-01
    3.7900000000E+00     5.1013619451E-01     2.6288087612E+00     2.4729614957E-02    -9.1741845471E-01     3.0858425909E-01
    3.8000000000E+00     5.1039290429E-01     2.6196508985E+00     2.6611702602E-02    -9.1415523636E-01     3.0858425909E-01
    3.8100000000E+00     5.1066841614E-01     2.6105256333E+00     2.8490061573E-02    -9.1089895428E-01     3.0858425909E-01
    3.8200000000E+00     5.1096269379E-01     2.6014328961E+00     3.0364899038E-02    -9.0764964243E-01     3.0858425909E-01
    3.8300000000E+00     5.1127570306E-01     2.5923726171E+00     3.2236420403E-02    -9.0440733360E-01     3.0858425909E-01
    3.8400000000E+00     5.1160741182E-01     2.5833447260E+00     3.4104829354E-02    -9.0117205950E-01     3.0858425909E-01
    3.8500000000E+00     5.1195778995E-01     2.5743491524E+00     3.5970327902E-02    -8.9794385069E-01     3.0858425909E-01
    3.8600000000E+00     5.1232680935E-01     2.5653858254E+00     3.7833116421E-02    -8.9472273668E-01     3.0858425909E-01
    3.8700000000E+00     5.1271444391E-01     2.5564546739E+00     3.9693393698E-02    -8.9150874591E-01     3.0858425910E-01
    3.8800000000E+00     5.1312066951E-01     2.5475556266E+00     4.1551356965E-02    -8.8830190577E-01     3.0858425910E-01
    3.8900000000E+00     5.1354546398E-01     2.5386886119E+00     4.3407201948E-02    -8.8510224263E-01     3.0858425910E-01
    3.9000000000E+00     5.1398880713E-01     2.5298535577E+00     4.5261122899E-02    -8.8190978186E-01     3.0858425910E-01
    3.9100000000E+00     5.1445068067E-01     2.5210503921E+00     4.7113312643E-02    -8.7872454783E-01     3.0858425910E-01
    3.9200000000E+00     5.1493106825E-01     2.5122790426E+00     4.8963962611E-02    -8.7554656393E-01     3.0858425910E-01
    3.9300000000E+00     5.1542995543E-01     2.5035394366E+00     5.0813262881E-02    -8.7237585262E-01     3.0858425910E-01
    3.9400000000E+00     5.1594732964E-01     2.4948315013E+00     5.2661402214E-02    -8.6921243540E-01     3.0858425910E-01
    3.9500000000E+00     5.1648318022E-01     2.4861551635E+00     5.4508568093E-02    -8.6605633287E-01     3.0858425910E-01
    3.9600000000E+00     5.1703749838E-01     2.4775103502E+00     5.6354946757E-02    -8.6290756470E-01     3.0858425910E-01
    3.9700000000E+00     5.1761027715E-01     2.4688969877E+00     5.8200723239E-02    -8.5976614968E-01     3.0858425910E-01
    3.9800000000E+00     5.1820151145E-01     2.4603150026E+00     6.0046081401E-02    -8.5663210574E-01     3.0858425910E-01
    3.9900000000E+00     5.1881119800E-01     2.4517643210E+00     6.1891203969E-02    -8.5350544993E-01     3.0858425910E-01
    4.0000000000E+00     5.1943933535E-01     2.4432448689E+00     6.3736272564E-02    -8.5038619848E-01     3.0858425910E-01
    4.0100000000E+00     5.2008592387E-01     2.4347565723E+00     6.5581467742E-02    -8.4727436678E-01     3.0858425910E-01
    4.0200000000E+00     5.2075096572E-01     2.4262993568E+00     6.7426969023E-02    -8.4416996940E-01     3.0858425910E-01
    4.0300000000E+00     5.2143446486E-01     2.4178731481E+00     6.9272954925E-02    -8.4107302012E-01     3.0858425910E-01
    4.0400000000E+00     5.2213642703E-01     2.4094778715E+00     7.1119602996E-02    -8.3798353192E-01     3.0858425910E-01
    4.0500000000E+00     5.2285685972E-01     2.4011134525E+00     7.2967089849E-02    -8.3490151704E-01     3.0858425910E-01
    4.0600000000E+00     5.2359577221E-01     2.3927798162E+00     7.4815591188E-02    -8.3182698693E-01     3.0858425910E-01
    4.0700000000E+00     5.2435317551E-01     2.3844768878E+00     7.6665281846E-02    -8.2875995231E-01     3.0858425910E-01
    4.0800000000E+00     5.2512908239E-01     2.3762045922E+00     7.8516335808E-02    -8.2570042316E-01     3.0858425910E-01
    4.0900000000E+00     5.2592350735E-01     2.3679628543E+00     8.0368926248E-02    -8.2264840875E-01     3.0858425910E-01
    4.1000000000E+00     5.2673646661E-01     2.3597515989E+00     8.2223225556E-02    -8.1960391764E-01     3.0858425910E-01
    4.1100000000E+00     5.2756797813E-01     2.3515707508E+00     8.4079405368E-02    -8.1656695768E-01     3.0858425910E-01
    4.1200000000E+00     5.2841806156E-01     2.3434202346E+00     8.5937636594E-02    -8.1353753607E-01     3.0858425910E-01
    4.1300000000E+00     5.2928673826E-01     2.3352999749E+00     8.7798089448E-02    -8.1051565932E-01     3.0858425910E-01
    4.1400000000E+00     5.3017403131E-01     2.3272098963E+00     8.9660933477E-02    -8.0750133327E-01     3.0858425910E-01
    4.1500000000E+00     5.3107996547E-01     2.3191499231E+00     9.1526337587E-02    -8.0449456313E-01     3.0858425910E-01
    4.1600000000E+00     5.3200456716E-01     2.3111199798E+00     9.3394470071E-02    -8.0149535347E-01     3.0858425910E-01
    4.1700000000E+00     5.3294786452E-01     2.3031199908E+00     9.5265498639E-02    -7.9850370824E-01     3.0858425910E-01
    4.1800000000E+00     5.3390988734E-01     2.2951498804E+00     9.7139590442E-02    -7.9551963076E-01     3.0858425910E-01
    4.1900000000E+00     5.3489066710E-01     2.2872095730E+00     9.9016912099E-02    -7.9254312376E-01     3.0858425910E-01
    4.2000000000E+00     5.3589023691E-01     2.2792989927E+00     1.0089762973E-01    -7.8957418936E-01     3.0858425910E-01
    4.2100000000E+00     5.3690863156E-01     2.2714180639E+00     1.0278190896E-01    -7.8661282913E-01     3.0858425910E-01
    4.2200000000E+00     5.3794588751E-01     2.2635667109E+00     1.0466991497E-01    -7.8365904403E-01     3.0858425910E-01
    4.2300000000E+00     5.3900204283E-01     2.2557448578E+00     1.0656181253E-01    -7.8071283447E-01     3.0858425910E-01
    4.2400000000E+00     5.4007713728E-01     2.2479524289E+00     1.0845776599E-01    -7.7777420032E-01     3.0858425910E-01
    4.2500000000E+00     5.4117121222E-01     2.2401893485E+00     1.1035793930E-01    -7.7484314088E-01     3.0858425910E-01
    4.2600000000E+00     5.4228431068E-01     2.2324555409E+00     1.1226249611E-01    -7.7191965494E-01     3.0858425910E-01
    4.2700000000E+00     5.4341647730E-01     2.2247509302E+00     1.1417159969E-01    -7.6900374074E-01     3.0858425910E-01
    4.2800000000E+00     5.4456775837E-01     2.2170754408E+00     1.1608541303E-01    -7.6609539603E-01     3.0858425910E-01
    4.2900000000E+00     5.4573820180E-01     2.2094289971E+00     1.1800409884E-01    -7.6319461804E-01     3.0858425910E-01
    4.3000000000E+00     5.4692785713E-01     2.2018115232E+00     1.1992781956E-01    -7.6030140348E-01     3.0858425910E-01
    4.3100000000E+00     5.4813677551E-01     2.1942229438E+00     1.2185673740E-01    -7.5741574860E-01     3.0858425910E-01
    4.3200000000E+00     5.4936500974E-01     2.1866631831E+00     1.2379101436E-01    -7.5453764915E-01     3.0858425910E-01
    4.3300000000E+00     5.5061261421E-01     2.1791321656E+00     1.2573081226E-01    -7.5166710041E-01     3.0858425910E-01
    4.3400000000E+00     5.5187964493E-01     2.1716298159E+00     1.2767629273E-01    -7.4880409720E-01     3.0858425910E-01
    4.3500000000E+00     5.5316615954E-01     2.1641560586E+00     1.2962761727E-01    -7.4594863387E-01     3.0858425910E-01
    4.3600000000E+00     5.5447221729E-01     2.1567108181E+00     1.3158494726E-01    -7.4310070432E-01     3.0858425910E-01
    4.3700000000E+00     5.5579787904E-01     2.1492940194E+00     1.3354844398E-01    -7.4026030201E-01     3.0858425910E-01
    4.3800000000E+00     5.5714320726E-01     2.1419055870E+00     1.3551826862E-01    -7.3742741997E-01     3.0858425910E-01
    4.3900000000E+00     5.5850826604E-01     2.1345454459E+00     1.3749458233E-01    -7.3460205079E-01     3.0858425910E-01
    4.4000000000E+00     5.5989312108E-01     2.1272135210E+00     1.3947754620E-01    -7.3178418665E-01     3.0858425910E-01
    4.4100000000E+00     5.6129783967E-01     2.1199097372E+00     1.4146732132E-01    -7.2897381931E-01     3.0858425910E-01
    4.4200000000E+00     5.6272249074E-01     2.1126340197E+00     1.4346406879E-01    -7.2617094010E-01     3.0858425910E-01
    4.4300000000E+00     5.6416714483E-01     2.1053862935E+00     1.4546794973E-01    -7.2337554000E-01     3.0858425910E-01
    4.4400000000E+00     5.6563187405E-01     2.0981664840E+00     1.4747912530E-01    -7.2058760954E-01     3.0858425910E-01
    4.4500000000E+00     5.6711675218E-01     2.0909745164E+00     1.4949775674E-01    -7.1780713890E-01     3.0858425910E-01
    4.4600000000E+00     5.6862185458E-01     2.0838103163E+00     1.5152400537E-01    -7.1503411787E-01     3.0858425910E-01
    4.4700000000E+00     5.7014725822E-01     2.0766738093E+00     1.5355803261E-01    -7.1226853585E-01     3.0858425910E-01
    4.4800000000E+00     5.7169304170E-01     2.0695649209E+00     1.5560000003E-01    -7.0951038189E-01     3.0858425910E-01
    4.4900000000E+00     5.7325928523E-01     2.0624835769E+00     1.5765006931E-01    -7.0675964465E-01     3.0858425910E-01
    4.5000000000E+00     5.7484607063E-01     2.0554297033E+00     1.5970840234E-01    -7.0401631248E-01     3.0858425910E-01
    4.5100000000E+00     5.7645348136E-01     2.0484032260E+00     1.6177516115E-01    -7.0128037332E-01     3.0858425910E-01
    4.5200000000E+00     5.7808160248E-01     2.0414040712E+00     1.6385050801E-01    -6.9855181481E-01     3.0858425910E-01
    4.5300000000E+00     5.7973052069E-01     2.0344321652E+00     1.6593460539E-01    -6.9583062422E-01     3.0858425910E-01
    4.5400000000E+00     5.8140032430E-01     2.0274874342E+00     1.6802761602E-01    -6.9311678851E-01     3.0858425910E-01
    4.5500000000E+00     5.8309110326E-01     2.0205698049E+00     1.7012970288E-01    -6.9041029429E-01     3.0858425910E-01
    4.5600000000E+00     5.8480294916E-01     2.0136792039E+00     1.7224102923E-01    -6.8771112785E-01     3.0858425910E-01
    4.5700000000E+00     5.8653595519E-01     2.0068155580E+00     1.7436175863E-01    -6.8501927517E-01     3.0858425910E-01
    4.5800000000E+00     5.8829021622E-01     1.9999787941E+00     1.7649205496E-01    -6.8233472191E-01     3.0858425910E-01
    4.5900000000E+00     5.9006582873E-01     1.9931688393E+00     1.7863208243E-01    -6.7965745341E-01     3.0858425910E-01
    4.6000000000E+00     5.9186289085E-01     1.9863856208E+00     1.8078200559E-01    -6.7698745472E-01     3.0858425910E-01
    4.6100000000E+00     5.9368150237E-01     1.9796290660E+00     1.8294198940E-01    -6.7432471059E-01     3.0858425910E-01
    4.6200000000E+00     5.9552176473E-01     1.9728991024E+00     1.8511219916E-01    -6.7166920546E-01     3.0858425910E-01
    4.6300000000E+00     5.9738378100E-01     1.9661956578E+00     1.8729280060E-01    -6.6902092350E-01     3.0858425910E-01
    4.6400000000E+00     5.9926765593E-01     1.9595186599E+00     1.8948395989E-01    -6.6637984857E-01     3.0858425910E-01
    4.6500000000E+00     6.0117349594E-01     1.9528680369E+00     1.9168584360E-01    -6.6374596426E-01     3.0858425910E-01
    4.6600000000E+00     6.0310140911E-01     1.9462437167E+00     1.9389861881E-01    -6.6111925389E-01     3.0858425910E-01
    4.6700000000E+00     6.0505150518E-01     1.9396456279E+00     1.9612245302E-01    -6.5849970050E-01     3.0858425910E-01
    4.6800000000E+00     6.0702389559E-01     1.9330736989E+00     1.9835751427E-01    -6.5588728685E-01     3.0858425910E-01
    4.6900000000E+00     6.0901869345E-01     1.9265278584E+00     2.0060397110E-01    -6.5328199545E-01     3.0858425910E-01
    4.7000000000E+00     6.1103601356E-01     1.9200080353E+00     2.0286199255E-01    -6.5068380854E-01     3.0858425910E-01
    4.7100000000E+00     6.1307597242E-01     1.9135141587E+00     2.0513174824E-01    -6.4809270811E-01     3.0858425910E-01
    4.7200000000E+00     6.1513868821E-01     1.9070461576E+00     2.0741340833E-01    -6.4550867587E-01     3.0858425910E-01
    4.7300000000E+00     6.1722428083E-01     1.9006039616E+00     2.0970714357E-01    -6.4293169332E-01     3.0858425910E-01
    4.7400000000E+00     6.1933287190E-01     1.8941875003E+00     2.1201312530E-01    -6.4036174168E-01     3.0858425910E-01
    4.7500000000E+00     6.2146458473E-01     1.8877967034E+00     2.1433152546E-01    -6.3779880194E-01     3.0858425910E-01
    4.7600000000E+00     6.2361954438E-01     1.8814315010E+00     2.1666251665E-01    -6.3524285484E-01     3.0858425910E-01
    4.7700000000E+00     6.2579787761E-01     1.8750918231E+00     2.1900627209E-01    -6.3269388091E-01     3.0858425910E-01
    4.7800000000E+00     6.2799971295E-01     1.8687776002E+00     2.2136296566E-01    -6.3015186042E-01     3.0858425910E-01
    4.7900000000E+00     6.3022518064E-01     1.8624887628E+00     2.2373277192E-01    -6.2761677341E-01     3.0858425910E-01
    4.8000000000E+00     6.3247441268E-01     1.8562252417E+00     2.2611586614E-01    -6.2508859971E-01     3.0858425910E-01
    4.8100000000E+00     6.3474754284E-01     1.8499869678E+00     2.2851242429E-01    -6.2256731891E-01     3.0858425910E-01
    4.8200000000E+00     6.3704470663E-01     1.8437738724E+00     2.3092262305E-01    -6.2005291039E-01     3.0858425910E-01
    4.8300000000E+00     6.3936604136E-01     1.8375858868E+00     2.3334663987E-01    -6.1754535329E-01     3.0858425910E-01
    4.8400000000E+00     6.4171168609E-01     1.8314229425E+00     2.3578465294E-01    -6.1504462658E-01     3.0858425910E-01
    4.8500000000E+00     6.4408178167E-01     1.8252849715E+00     2.3823684123E-01    -6.1255070896E-01     3.0858425910E-01
    4.8600000000E+00     6.4647647076E-01     1.8191719057E+00     2.4070338451E-01    -6.1006357896E-01     3.0858425910E-01
    4.8700000000E+00     6.4889589781E-01     1.8130836774E+00     2.4318446333E-01    -6.0758321489E-01     3.0858425910E-01
    4.8800000000E+00     6.5134020908E-01     1.8070202190E+00     2.4568025910E-01    -6.0510959486E-01     3.0858425910E-01
    4.8900000000E+00     6.5380955266E-01     1.8009814631E+00     2.4819095403E-01    -6.0264269676E-01     3.0858425910E-01
    4.9000000000E+00     6.5630407844E-01     1.7949673427E+00     2.5071673121E-01    -6.0018249831E-01     3.0858425910E-01
    4.9100000000E+00     6.5882393817E-01     1.7889777909E+00     2.5325777460E-01    -5.9772897700E-01     3.0858425910E-01
    4.9200000000E+00     6.6136928543E-01     1.7830127410E+00     2.5581426901E-01    -5.9528211015E-01     3.0858425910E-01
    4.9300000000E+00     6.6394027567E-01     1.7770721266E+00     2.5838640020E-01    -5.9284187486E-01     3.0858425910E-01
    4.9400000000E+00     6.6653706618E-01     1.7711558814E+00     2.6097435481E-01    -5.9040824808E-01     3.0858425910E-01
    4.9500000000E+00     6.6915981614E-01     1.7652639396E+00     2.6357832044E-01    -5.8798120653E-01     3.0858425910E-01
    4.9600000000E+00     6.7180868659E-01     1.7593962354E+00     2.6619848560E-01    -5.8556072676E-01     3.0858425910E-01
    4.9700000000E+00     6.7448384048E-01     1.7535527033E+00     2.6883503980E-01    -5.8314678514E-01     3.0858425910E-01
    4.9800000000E+00     6.7718544265E-01     1.7477332780E+00     2.7148817351E-01    -5.8073935786E-01     3.0858425910E-01
    4.9900000000E+00     6.7991365985E-01     1.7419378945E+00     2.7415807820E-01    -5.7833842090E-01     3.0858425910E-01
    5.0000000000E+00     6.8266866076E-01     1.7361664880E+00     2.7684494633E-01    -5.7594395009E-01     3.0858425910E-01
    5.0100000000E+00     6.8545061597E-01     1.7304189940E+00     2.7954897142E-01    -5.7355592108E-01     3.0858425910E-01
    5.0200000000E+00     6.8825969802E-01     1.7246953482E+00     2.8227034800E-01    -5.7117430934E-01     3.0858425910E-01
    5.0300000000E+00     6.9109608142E-01     1.7189954866E+00     2.8500927167E-01    -5.6879909015E-01     3.0858425910E-01
    5.0400000000E+00     6.9395994260E-01     1.7133193452E+00     2.8776593908E-01    -5.6643023864E-01     3.0858425910E-01
    5.0500000000E+00     6.9685146001E-01     1.7076668606E+00     2.9054054799E-01    -5.6406772975E-01     3.0858425910E-01
    5.0600000000E+00     6.9977081403E-01     1.7020379696E+00     2.9333329725E-01    -5.6171153827E-01     3.0858425910E-01
    5.0700000000E+00     7.0271818708E-01     1.6964326089E+00     2.9614438682E-01    -5.5936163882E-01     3.0858425910E-01
    5.0800000000E+00     7.0569376357E-01     1.6908507159E+00     2.9897401780E-01    -5.5701800582E-01     3.0858425910E-01
    5.0900000000E+00     7.0869772992E-01     1.6852922280E+00     3.0182239242E-01    -5.5468061357E-01     3.0858425910E-01
    5.1000000000E+00     7.1173027458E-01     1.6797570829E+00     3.0468971410E-01    -5.5234943618E-01     3.0858425910E-01
    5.1100000000E+00     7.1479158804E-01     1.6742452186E+00     3.0757618741E-01    -5.5002444759E-01     3.0858425910E-01
    5.1200000000E+00     7.1788186285E-01     1.6687565734E+00     3.1048201811E-01    -5.4770562161E-01     3.0858425910E-01
    5.1300000000E+00     7.2100129362E-01     1.6632910857E+00     3.1340741319E-01    -5.4539293185E-01     3.0858425910E-01
    5.1400000000E+00     7.2415007702E-01     1.6578486944E+00     3.1635258083E-01    -5.4308635179E-01     3.0858425910E-01
    5.1500000000E+00     7.2732841184E-01     1.6524293384E+00     3.1931773046E-01    -5.4078585473E-01     3.0858425910E-01
    5.1600000000E+00     7.3053649894E-01     1.6470329571E+00     3.2230307278E-01    -5.3849141384E-01     3.0858425910E-01
    5.1700000000E+00     7.3377454131E-01     1.6416594901E+00     3.2530881972E-01    -5.3620300209E-01     3.0858425910E-01
    5.1800000000E+00     7.3704274406E-01     1.6363088771E+00     3.2833518451E-01    -5.3392059234E-01     3.0858425910E-01
    5.1900000000E+00     7.4034131444E-01     1.6309810583E+00     3.3138238167E-01    -5.3164415726E-01     3.0858425910E-01
    5.2000000000E+00     7.4367046185E-01     1.6256759741E+00     3.3445062704E-01    -5.2937366939E-01     3.0858425910E-01
    5.2100000000E+00     7.4703039787E-01     1.6203935652E+00     3.3754013778E-01    -5.2710910110E-01     3.0858425910E-01
    5.2200000000E+00     7.5042133622E-01     1.6151337724E+00     3.4065113237E-01    -5.2485042461E-01     3.0858425910E-01
    5.2300000000E+00     7.5384349286E-01     1.6098965371E+00     3.4378383067E-01    -5.2259761198E-01     3.0858425910E-01
    5.2400000000E+00     7.5729708592E-01     1.6046818008E+00     3.4693845390E-01    -5.2035063515E-01     3.0858425910E-01
    5.2500000000E+00     7.6078233576E-01     1.5994895051E+00     3.5011522466E-01    -5.1810946586E-01     3.0858425910E-01
    5.2600000000E+00     7.6429946498E-01     1.5943195922E+00     3.5331436696E-01    -5.1587407574E-01     3.0858425910E-01
    5.2700000000E+00     7.6784869842E-01     1.5891720044E+00     3.5653610621E-01    -5.1364443624E-01     3.0858425910E-01
    5.2800000000E+00     7.7143026319E-01     1.5840466844E+00     3.5978066926E-01    -5.1142051869E-01     3.0858425910E-01
    5.2900000000E+00     7.7504438865E-01     1.5789435750E+00     3.6304828438E-01    -5.0920229423E-01     3.0858425910E-01
    5.3000000000E+00     7.7869130648E-01     1.5738626196E+00     3.6633918134E-01    -5.0698973389E-01     3.0858425910E-01
    5.3100000000E+00     7.8237125065E-01     1.5688037616E+00     3.6965359133E-01    -5.0478280853E-01     3.0858425910E-01
    5.3200000000E+00     7.8608445746E-01     1.5637669448E+00     3.7299174706E-01    -5.0258148886E-01     3.0858425910E-01
    5.3300000000E+00     7.8983116553E-01     1.5587521132E+00     3.7635388274E-01    -5.0038574545E-01     3.0858425910E-01
    5.3400000000E+00     7.9361161583E-01     1.5537592114E+00     3.7974023408E-01    -4.9819554871E-01     3.0858425910E-01
    5.3500000000E+00     7.9742605172E-01     1.5487881838E+00     3.8315103833E-01    -4.9601086890E-01     3.0858425910E-01
    5.3600000000E+00     8.0127471890E-01     1.5438389757E+00     3.8658653428E-01    -4.9383167615E-01     3.0858425910E-01
    5.3700000000E+00     8.0515786551E-01     1.5389115321E+00     3.9004696229E-01    -4.9165794041E-01     3.0858425910E-01
    5.3800000000E+00     8.0907574206E-01     1.5340057988E+00     3.9353256428E-01    -4.8948963152E-01     3.0858425910E-01
    5.3900000000E+00     8.1302860152E-01     1.5291217215E+00     3.9704358375E-01    -4.8732671913E-01     3.0858425910E-01
    5.4000000000E+00     8.1701669928E-01     1.5242592465E+00     4.0058026583E-01    -4.8516917276E-01     3.0858425910E-01
    5.4100000000E+00     8.2104029320E-01     1.5194183203E+00     4.0414285725E-01    -4.8301696179E-01     3.0858425910E-01
    5.4200000000E+00     8.2509964362E-01     1.5145988896E+00     4.0773160637E-01    -4.8087005544E-01     3.0858425910E-01
    5.4300000000E+00     8.2919501335E-01     1.5098009016E+00     4.1134676319E-01    -4.7872842276E-01     3.0858425910E-01
    5.4400000000E+00     8.3332666775E-01     1.5050243037E+00     4.1498857938E-01    -4.7659203268E-01     3.0858425910E-01
    5.4500000000E+00     8.3749487465E-01     1.5002690436E+00     4.1865730828E-01    -4.7446085397E-01     3.0858425910E-01
    5.4600000000E+00     8.4169990447E-01     1.4955350693E+00     4.2235320492E-01    -4.7233485523E-01     3.0858425910E-01
    5.4700000000E+00     8.4594203016E-01     1.4908223293E+00     4.2607652604E-01    -4.7021400493E-01     3.0858425910E-01
    5.4800000000E+00     8.5022152727E-01     1.4861307722E+00     4.2982753006E-01    -4.6809827138E-01     3.0858425910E-01
    5.4900000000E+00     8.5453867391E-01     1.4814603469E+00     4.3360647718E-01    -4.6598762274E-01     3.0858425910E-01
    5.5000000000E+00     8.5889375083E-01     1.4768110029E+00     4.3741362930E-01    -4.6388202700E-01     3.0858425910E-01
    5.5100000000E+00     8.6328704139E-01     1.4721826896E+00     4.4124925012E-01    -4.6178145201E-01     3.0858425910E-01
    5.5200000000E+00     8.6771883161E-01     1.4675753572E+00     4.4511360507E-01    -4.5968586546E-01     3.0858425910E-01
    5.5300000000E+00     8.7218941016E-01     1.4629889558E+00     4.4900696140E-01    -4.5759523488E-01     3.0858425910E-01
    5.5400000000E+00     8.7669906840E-01     1.4584234361E+00     4.5292958814E-01    -4.5550952766E-01     3.0858425910E-01
    5.5500000000E+00     8.8124810039E-01     1.4538787490E+00     4.5688175614E-01    -4.5342871101E-01     3.0858425910E-01
    5.5600000000E+00     8.8583680291E-01     1.4493548457E+00     4.6086373809E-01    -4.5135275199E-01     3.0858425910E-01
    5.5700000000E+00     8.9046547545E-01     1.4448516778E+00     4.6487580849E-01    -4.4928161751E-01     3.0858425910E-01
    5.5800000000E+00     8.9513442029E-01     1.4403691974E+00     4.6891824373E-01    -4.4721527430E-01     3.0858425910E-01
    5.5900000000E+00     8.9984394247E-01     1.4359073565E+00     4.7299132204E-01    -4.4515368893E-01     3.0858425910E-01
    5.6000000000E+00     9.0459434981E-01     1.4314661078E+00     4.7709532355E-01    -4.4309682782E-01     3.0858425910E-01
    5.6100000000E+00     9.0938595296E-01     1.4270454043E+00     4.8123053029E-01    -4.4104465723E-01     3.0858425910E-01
    5.6200000000E+00     9.1421906538E-01     1.4226451992E+00     4.8539722618E-01    -4.3899714323E-01     3.0858425910E-01
    5.6300000000E+00     9.1909400340E-01     1.4182654460E+00     4.8959569707E-01    -4.3695425174E-01     3.0858425910E-01
    5.6400000000E+00     9.2401108620E-01     1.4139060988E+00     4.9382623075E-01    -4.3491594852E-01     3.0858425910E-01
    5.6500000000E+00     9.2897063585E-01     1.4095671119E+00     4.9808911696E-01    -4.3288219913E-01     3.0858425910E-01
    5.6600000000E+00     9.3397297735E-01     1.4052484398E+00     5.0238464739E-01    -4.3085296899E-01     3.0858425910E-01
    5.6700000000E+00     9.3901843859E-01     1.4009500376E+00     5.0671311573E-01    -4.2882822334E-01     3.0858425910E-01
    5.6800000000E+00     9.4410735044E-01     1.3966718605E+00     5.1107481763E-01    -4.2680792723E-01     3.0858425910E-01
    5.6900000000E+00     9.4924004672E-01     1.3924138643E+00     5.1547005075E-01    -4.2479204556E-01     3.0858425910E-01
    5.7000000000E+00     9.5441686423E-01     1.3881760050E+00     5.1989911478E-01    -4.2278054303E-01     3.0858425910E-01
    5.7100000000E+00     9.5963814279E-01     1.3839582390E+00     5.2436231142E-01    -4.2077338417E-01     3.0858425910E-01
    5.7200000000E+00     9.6490422524E-01     1.3797605229E+00     5.2885994440E-01    -4.1877053334E-01     3.0858425910E-01
    5.7300000000E+00     9.7021545748E-01     1.3755828140E+00     5.3339231954E-01    -4.1677195469E-01     3.0858425910E-01
    5.7400000000E+00     9.7557218847E-01     1.3714250697E+00     5.3795974468E-01    -4.1477761223E-01     3.0858425910E-01
    5.7500000000E+00     9.8097477024E-01     1.3672872478E+00     5.4256252976E-01    -4.1278746974E-01     3.0858425910E-01
    5.7600000000E+00     9.8642355797E-01     1.3631693065E+00     5.4720098681E-01    -4.1080149084E-01     3.0858425910E-01
    5.7700000000E+00     9.9191890993E-01     1.3590712042E+00     5.5187542996E-01    -4.0881963895E-01     3.0858425910E-01
    5.7800000000E+00     9.9746118757E-01     1.3549929000E+00     5.5658617544E-01    -4.0684187729E-01     3.0858425910E-01
    5.7900000000E+00     1.0030507555E+00     1.3509343532E+00     5.6133354162E-01    -4.0486816891E-01     3.0858425910E-01
    5.8000000000E+00     1.0086879815E+00     1.3468955233E+00     5.6611784901E-01    -4.0289847664E-01     3.0858425910E-01
    5.8100000000E+00     1.0143732367E+00     1.3428763704E+00     5.7093942025E-01    -4.0093276312E-01     3.0858425910E-01
    5.8200000000E+00     1.0201068952E+00     1.3388768549E+00     5.7579858015E-01    -3.9897099080E-01     3.0858425910E-01
    5.8300000000E+00     1.0258893347E+00     1.3348969375E+00     5.8069565570E-01    -3.9701312191E-01     3.0858425910E-01
    5.8400000000E+00     1.0317209358E+00     1.3309365796E+00     5.8563097606E-01    -3.9505911848E-01     3.0858425910E-01
    5.8500000000E+00     1.0376020828E+00     1.3269957424E+00     5.9060487260E-01    -3.9310894235E-01     3.0858425910E-01
    5.8600000000E+00     1.0435331630E+00     1.3230743881E+00     5.9561767887E-01    -3.9116255512E-01     3.0858425910E-01
    5.8700000000E+00     1.0495145672E+00     1.3191724788E+00     6.0066973065E-01    -3.8921991821E-01     3.0858425910E-01
    5.8800000000E+00     1.0555466895E+00     1.3152899773E+00     6.0576136595E-01    -3.8728099280E-01     3.0858425910E-01
    5.8900000000E+00     1.0616299276E+00     1.3114268467E+00     6.1089292502E-01    -3.8534573986E-01     3.0858425910E-01
    5.9000000000E+00     1.0677646823E+00     1.3075830504E+00     6.1606475034E-01    -3.8341412013E-01     3.0858425910E-01
    5.9100000000E+00     1.0739513580E+00     1.3037585523E+00     6.2127718667E-01    -3.8148609416E-01     3.0858425910E-01
    5.9200000000E+00     1.0801903625E+00     1.2999533167E+00     6.2653058101E-01    -3.7956162224E-01     3.0858425910E-01
    5.9300000000E+00     1.0864821073E+00     1.2961673082E+00     6.3182528266E-01    -3.7764066443E-01     3.0858425910E-01
    5.9400000000E+00     1.0928270070E+00     1.2924004918E+00     6.3716164319E-01    -3.7572318059E-01     3.0858425910E-01
    5.9500000000E+00     1.0992254802E+00     1.2886528331E+00     6.4254001649E-01    -3.7380913032E-01     3.0858425910E-01
    5.9600000000E+00     1.1056779486E+00     1.2849242979E+00     6.4796075873E-01    -3.7189847298E-01     3.0858425910E-01
    5.9700000000E+00     1.1121848378E+00     1.2812148525E+00     6.5342422841E-01    -3.6999116771E-01     3.0858425910E-01
    5.9800000000E+00     1.1187465768E+00     1.2775244635E+00     6.5893078634E-01    -3.6808717338E-01     3.0858425910E-01
    5.9900000000E+00     1.1253635983E+00     1.2738530981E+00     6.6448079567E-01    -3.6618644862E-01     3.0858425910E-01
    6.0000000000E+00     1.1320363388E+00     1.2702007238E+00     6.7007462190E-01    -3.6428895183E-01     3.0858425910E-01
    6.0100000000E+00     1.1387652381E+00     1.2665673085E+00     6.7571263285E-01    -3.6239464113E-01     3.0858425910E-01
    6.0200000000E+00     1.1455507399E+00     1.2629528205E+00     6.8139519873E-01    -3.6050347439E-01     3.0858425910E-01
    6.0300000000E+00     1.1523932918E+00     1.2593572286E+00     6.8712269207E-01    -3.5861540923E-01     3.0858425910E-01
    6.0400000000E+00     1.1592933448E+00     1.2557805021E+00     6.9289548782E-01    -3.5673040298E-01     3.0858425910E-01
    6.0500000000E+00     1.1662513538E+00     1.2522226105E+00     6.9871396328E-01    -3.5484841273E-01     3.0858425910E-01
    6.0600000000E+00     1.1732677776E+00     1.2486835239E+00     7.0457849813E-01    -3.5296939527E-01     3.0858425910E-01
    6.0700000000E+00     1.1803430786E+00     1.2451632129E+00     7.1048947444E-01    -3.5109330714E-01     3.0858425910E-01
    6.0800000000E+00     1.1874777232E+00     1.2416616482E+00     7.1644727671E-01    -3.4922010458E-01     3.0858425910E-01
    6.0900000000E+00     1.1946721815E+00     1.2381788013E+00     7.2245229180E-01    -3.4734974355E-01     3.0858425910E-01
    6.1000000000E+00     1.2019269277E+00     1.2347146440E+00     7.2850490900E-01    -3.4548217974E-01     3.0858425910E-01
    6.1100000000E+00     1.2092424397E+00     1.2312691485E+00     7.3460552001E-01    -3.4361736851E-01     3.0858425910E-01
    6.1200000000E+00     1.2166191994E+00     1.2278422876E+00     7.4075451895E-01    -3.4175526495E-01     3.0858425910E-01
    6.1300000000E+00     1.2240576927E+00     1.2244340343E+00     7.4695230236E-01    -3.3989582385E-01     3.0858425910E-01
    6.1400000000E+00     1.2315584094E+00     1.2210443624E+00     7.5319926921E-01    -3.3803899969E-01     3.0858425910E-01
    6.1500000000E+00     1.2391218433E+00     1.2176732458E+00     7.5949582090E-01    -3.3618474663E-01     3.0858425910E-01
    6.1600000000E+00     1.2467484924E+00     1.2143206590E+00     7.6584236126E-01    -3.3433301852E-01     3.0858425910E-01
    6.1700000000E+00     1.2544388585E+00     1.2109865772E+00     7.7223929656E-01    -3.3248376891E-01     3.0858425910E-01
    6.1800000000E+00     1.2621934477E+00     1.2076709756E+00     7.7868703552E-01    -3.3063695099E-01     3.0858425910E-01
    6.1900000000E+00     1.2700127700E+00     1.2043738302E+00     7.8518598929E-01    -3.2879251766E-01     3.0858425910E-01
    6.2000000000E+00     1.2778973396E+00     1.2010951174E+00     7.9173657147E-01    -3.2695042146E-01     3.0858425910E-01
    6.2100000000E+00     1.2858476749E+00     1.1978348141E+00     7.9833919810E-01    -3.2511061459E-01     3.0858425910E-01
    6.2200000000E+00     1.2938642984E+00     1.1945928977E+00     8.0499428768E-01    -3.2327304892E-01     3.0858425910E-01
    6.2300000000E+00     1.3019477369E+00     1.1913693458E+00     8.1170226114E-01    -3.2143767597E-01     3.0858425910E-01
    6.2400000000E+00     1.3100985213E+00     1.1881641370E+00     8.1846354186E-01    -3.1960444690E-01     3.0858425910E-01
    6.2500000000E+00     1.3183171868E+00     1.1849772499E+00     8.2527855569E-01    -3.1777331251E-01     3.0858425910E-01
    6.2600000000E+00     1.3266042730E+00     1.1818086639E+00     8.3214773090E-01    -3.1594422323E-01     3.0858425910E-01
    6.2700000000E+00     1.3349603234E+00     1.1786583588E+00     8.3907149822E-01    -3.1411712913E-01     3.0858425910E-01
    6.2800000000E+00     1.3433858863E+00     1.1755263149E+00     8.4605029082E-01    -3.1229197990E-01     3.0858425910E-01
    6.2900000000E+00     1.3518815141E+00     1.1724125129E+00     8.5308454429E-01    -3.1046872485E-01     3.0858425910E-01
    6.3000000000E+00     1.3604477636E+00     1.1693169342E+00     8.6017469670E-01    -3.0864731288E-01     3.0858425910E-01
    6.3100000000E+00     1.3690851958E+00     1.1662395607E+00     8.6732118851E-01    -3.0682769253E-01     3.0858425910E-01
    6.3200000000E+00     1.3777943766E+00     1.1631803746E+00     8.7452446264E-01    -3.0500981192E-01     3.0858425910E-01
    6.3300000000E+00     1.3865758759E+00     1.1601393588E+00     8.8178496443E-01    -3.0319361876E-01     3.0858425910E-01
    6.3400000000E+00     1.3954302681E+00     1.1571164967E+00     8.8910314163E-01    -3.0137906036E-01     3.0858425910E-01
    6.3500000000E+00     1.4043581324E+00     1.1541117723E+00     8.9647944441E-01    -2.9956608361E-01     3.0858425910E-01
    6.3600000000E+00     1.4133600523E+00     1.1511251700E+00     9.0391432535E-01    -2.9775463495E-01     3.0858425910E-01
    6.3700000000E+00     1.4224366157E+00     1.1481566747E+00     9.1140823942E-01    -2.9594466041E-01     3.0858425910E-01
    6.3800000000E+00     1.4315884154E+00     1.1452062720E+00     9.1896164401E-01    -2.9413610559E-01     3.0858425910E-01
    6.3900000000E+00     1.4408160484E+00     1.1422739480E+00     9.2657499886E-01    -2.9232891561E-01     3.0858425910E-01
    6.4000000000E+00     1.4501201167E+00     1.1393596894E+00     9.3424876611E-01    -2.9052303517E-01     3.0858425910E-01
    6.4100000000E+00     1.4595012267E+00     1.1364634832E+00     9.4198341025E-01    -2.8871840849E-01     3.0858425910E-01
    6.4200000000E+00     1.4689599894E+00     1.1335853172E+00     9.4977939814E-01    -2.8691497932E-01     3.0858425910E-01
    6.4300000000E+00     1.4784970207E+00     1.1307251798E+00     9.5763719896E-01    -2.8511269096E-01     3.0858425910E-01
    6.4400000000E+00     1.4881129410E+00     1.1278830598E+00     9.6555728424E-01    -2.8331148619E-01     3.0858425910E-01
    6.4500000000E+00     1.4978083756E+00     1.1250589466E+00     9.7354012782E-01    -2.8151130732E-01     3.0858425910E-01
    6.4600000000E+00     1.5075839543E+00     1.1222528304E+00     9.8158620585E-01    -2.7971209618E-01     3.0858425910E-01
    6.4700000000E+00     1.5174403121E+00     1.1194647017E+00     9.8969599677E-01    -2.7791379404E-01     3.0858425910E-01
    6.4800000000E+00     1.5273780883E+00     1.1166945517E+00     9.9786998128E-01    -2.7611634172E-01     3.0858425910E-01
    6.4900000000E+00     1.5373979273E+00     1.1139423722E+00     1.0061086424E+00    -2.7431967947E-01     3.0858425910E-01
    6.5000000000E+00     1.5475004783E+00     1.1112081557E+00     1.0144124652E+00    -2.7252374702E-01     3.0858425910E-01
    6.5100000000E+00     1.5576863954E+00     1.1084918950E+00     1.0227819372E+00    -2.7072848358E-01     3.0858425910E-01
    6.5200000000E+00     1.5679563375E+00     1.1057935840E+00     1.0312175481E+00    -2.6893382779E-01     3.0858425910E-01
    6.5300000000E+00     1.5783109685E+00     1.1031132167E+00     1.0397197896E+00    -2.6713971773E-01     3.0858425910E-01
    6.5400000000E+00     1.5887509571E+00     1.1004507880E+00     1.0482891557E+00    -2.6534609094E-01     3.0858425910E-01
    6.5500000000E+00     1.5992769770E+00     1.0978062934E+00     1.0569261426E+00    -2.6355288435E-01     3.0858425910E-01
    6.5600000000E+00     1.6098897070E+00     1.0951797291E+00     1.0656312484E+00    -2.6176003433E-01     3.0858425910E-01
    6.5700000000E+00     1.6205898307E+00     1.0925710918E+00     1.0744049735E+00    -2.5996747665E-01     3.0858425910E-01
    6.5800000000E+00     1.6313780368E+00     1.0899803788E+00     1.0832478203E+00    -2.5817514647E-01     3.0858425910E-01
    6.5900000000E+00     1.6422550192E+00     1.0874075883E+00     1.0921602932E+00    -2.5638297834E-01     3.0858425910E-01
    6.6000000000E+00     1.6532214765E+00     1.0848527189E+00     1.1011428986E+00    -2.5459090620E-01     3.0858425910E-01
    6.6100000000E+00     1.6642781126E+00     1.0823157701E+00     1.1101961450E+00    -2.5279886333E-01     3.0858425910E-01
    6.6200000000E+00     1.6754256366E+00     1.0797967418E+00     1.1193205428E+00    -2.5100678237E-01     3.0858425910E-01
    6.6300000000E+00     1.6866647624E+00     1.0772956348E+00     1.1285166043E+00    -2.4921459533E-01     3.0858425910E-01
    6.6400000000E+00     1.6979962092E+00     1.0748124505E+00     1.1377848435E+00    -2.4742223354E-01     3.0858425910E-01
    6.6500000000E+00     1.7094207015E+00     1.0723471909E+00     1.1471257767E+00    -2.4562962763E-01     3.0858425910E-01
    6.6600000000E+00     1.7209389688E+00     1.0698998590E+00     1.1565399217E+00    -2.4383670759E-01     3.0858425910E-01
    6.6700000000E+00     1.7325517457E+00     1.0674704581E+00     1.1660277981E+00    -2.4204340266E-01     3.0858425910E-01
    6.6800000000E+00     1.7442597723E+00     1.0650589924E+00     1.1755899273E+00    -2.4024964141E-01     3.0858425910E-01
    6.6900000000E+00     1.7560637935E+00     1.0626654670E+00     1.1852268324E+00    -2.3845535168E-01     3.0858425910E-01
    6.7000000000E+00     1.7679645599E+00     1.0602898874E+00     1.1949390382E+00    -2.3666046054E-01     3.0858425910E-01
    6.7100000000E+00     1.7799628271E+00     1.0579322600E+00     1.2047270712E+00    -2.3486489437E-01     3.0858425910E-01
    6.7200000000E+00     1.7920593559E+00     1.0555925920E+00     1.2145914592E+00    -2.3306857876E-01     3.0858425910E-01
    6.7300000000E+00     1.8042549125E+00     1.0532708912E+00     1.2245327319E+00    -2.3127143852E-01     3.0858425910E-01
    6.7400000000E+00     1.8165502686E+00     1.0509671663E+00     1.2345514202E+00    -2.2947339769E-01     3.0858425910E-01
    6.7500000000E+00     1.8289462008E+00     1.0486814265E+00     1.2446480565E+00    -2.2767437952E-01     3.0858425910E-01
    6.7600000000E+00     1.8414434913E+00     1.0464136822E+00     1.2548231747E+00    -2.2587430645E-01     3.0858425910E-01
    6.7700000000E+00     1.8540429276E+00     1.0441639442E+00     1.2650773100E+00    -2.2407310007E-01     3.0858425910E-01
    6.7800000000E+00     1.8667453027E+00     1.0419322242E+00     1.2754109988E+00    -2.2227068116E-01     3.0858425910E-01
    6.7900000000E+00     1.8795514146E+00     1.0397185349E+00     1.2858247789E+00    -2.2046696965E-01     3.0858425910E-01
    6.8000000000E+00     1.8924620670E+00     1.0375228894E+00     1.2963191890E+00    -2.1866188458E-01     3.0858425910E-01
    6.8100000000E+00     1.9054780689E+00     1.0353453020E+00     1.3068947691E+00    -2.1685534413E-01     3.0858425910E-01
    6.8200000000E+00     1.9186002348E+00     1.0331857876E+00     1.3175520603E+00    -2.1504726559E-01     3.0858425910E-01
    6.8300000000E+00     1.9318293843E+00     1.0310443621E+00     1.3282916046E+00    -2.1323756532E-01     3.0858425910E-01
    6.8400000000E+00     1.9451663428E+00     1.0289210420E+00     1.3391139450E+00    -2.1142615877E-01     3.0858425910E-01
    6.8500000000E+00     1.9586119410E+00     1.0268158449E+00     1.3500196251E+00    -2.0961296046E-01     3.0858425910E-01
    6.8600000000E+00     1.9721670150E+00     1.0247287891E+00     1.3610091896E+00    -2.0779788392E-01     3.0858425910E-01
    6.8700000000E+00     1.9858324062E+00     1.0226598938E+00     1.3720831838E+00    -2.0598084175E-01     3.0858425910E-01
    6.8800000000E+00     1.9996089619E+00     1.0206091791E+00     1.3832421536E+00    -2.0416174553E-01     3.0858425910E-01
    6.8900000000E+00     2.0134975344E+00     1.0185766660E+00     1.3944866456E+00    -2.0234050584E-01     3.0858425910E-01
    6.9000000000E+00     2.0274989817E+00     1.0165623764E+00     1.4058172067E+00    -2.0051703227E-01     3.0858425910E-01
    6.9100000000E+00     2.0416141672E+00     1.0145663331E+00     1.4172343842E+00    -1.9869123332E-01     3.0858425910E-01
    6.9200000000E+00     2.0558439599E+00     1.0125885598E+00     1.4287387261E+00    -1.9686301647E-01     3.0858425910E-01
    6.9300000000E+00     2.0701892341E+00     1.0106290812E+00     1.4403307801E+00    -1.9503228811E-01     3.0858425910E-01
    6.9400000000E+00     2.0846508697E+00     1.0086879227E+00     1.4520110945E+00    -1.9319895355E-01     3.0858425910E-01
    6.9500000000E+00     2.0992297521E+00     1.0067651111E+00     1.4637802174E+00    -1.9136291698E-01     3.0858425910E-01
    6.9600000000E+00     2.1139267719E+00     1.0048606737E+00     1.4756386970E+00    -1.8952408147E-01     3.0858425910E-01
    6.9700000000E+00     2.1287428257E+00     1.0029746391E+00     1.4875870813E+00    -1.8768234891E-01     3.0858425910E-01
    6.9800000000E+00     2.1436788151E+00     1.0011070367E+00     1.4996259181E+00    -1.8583762007E-01     3.0858425910E-01
    6.9900000000E+00     2.1587356474E+00     9.9925789704E-01     1.5117557548E+00    -1.8398979449E-01     3.0858425910E-01
    7.0000000000E+00     2.1739142353E+00     9.9742725151E-01     1.5239771386E+00    -1.8213877053E-01     3.0858425910E-01
    7.0100000000E+00     2.1892154971E+00     9.9561513264E-01     1.5362906158E+00    -1.8028444530E-01     3.0858425910E-01
    7.0200000000E+00     2.2046403564E+00     9.9382157395E-01     1.5486967325E+00    -1.7842671468E-01     3.0858425910E-01
    7.0300000000E+00     2.2201897424E+00     9.9204661005E-01     1.5611960336E+00    -1.7656547326E-01     3.0858425910E-01
    7.0400000000E+00     2.2358645895E+00     9.9029027655E-01     1.5737890634E+00    -1.7470061435E-01     3.0858425910E-01
    7.0500000000E+00     2.2516658379E+00     9.8855261018E-01     1.5864763652E+00    -1.7283202994E-01     3.0858425910E-01
    7.0600000000E+00     2.2675944329E+00     9.8683364873E-01     1.5992584810E+00    -1.7095961069E-01     3.0858425910E-01
    7.0700000000E+00     2.2836513254E+00     9.8513343111E-01     1.6121359516E+00    -1.6908324588E-01     3.0858425910E-01
    7.0800000000E+00     2.2998374716E+00     9.8345199734E-01     1.6251093167E+00    -1.6720282344E-01     3.0858425910E-01
    7.0900000000E+00     2.3161538331E+00     9.8178938855E-01     1.6381791142E+00    -1.6531822986E-01     3.0858425910E-01
    7.1000000000E+00     2.3326013771E+00     9.8014564703E-01     1.6513458804E+00    -1.6342935021E-01     3.0858425910E-01
    7.1100000000E+00     2.3491810758E+00     9.7852081622E-01     1.6646101499E+00    -1.6153606812E-01     3.0858425910E-01
    7.1200000000E+00     2.3658939069E+00     9.7691494073E-01     1.6779724552E+00    -1.5963826571E-01     3.0858425910E-01
    7.1300000000E+00     2.3827408534E+00     9.7532806637E-01     1.6914333271E+00    -1.5773582363E-01     3.0858425910E-01
    7.1400000000E+00     2.3997229037E+00     9.7376024013E-01     1.7049932937E+00    -1.5582862096E-01     3.0858425910E-01
    7.1500000000E+00     2.4168410514E+00     9.7221151023E-01     1.7186528811E+00    -1.5391653524E-01     3.0858425910E-01
    7.1600000000E+00     2.4340962952E+00     9.7068192612E-01     1.7324126126E+00    -1.5199944243E-01     3.0858425910E-01
    7.1700000000E+00     2.4514896392E+00     9.6917153849E-01     1.7462730090E+00    -1.5007721688E-01     3.0858425910E-01
    7.1800000000E+00     2.4690220926E+00     9.6768039931E-01     1.7602345881E+00    -1.4814973128E-01     3.0858425910E-01
    7.1900000000E+00     2.4866946699E+00     9.6620856183E-01     1.7742978646E+00    -1.4621685666E-01     3.0858425910E-01
    7.2000000000E+00     2.5045083906E+00     9.6475608058E-01     1.7884633502E+00    -1.4427846236E-01     3.0858425910E-01
    7.2100000000E+00     2.5224642793E+00     9.6332301142E-01     1.8027315529E+00    -1.4233441599E-01     3.0858425910E-01
    7.2200000000E+00     2.5405633657E+00     9.6190941154E-01     1.8171029775E+00    -1.4038458341E-01     3.0858425910E-01
    7.2300000000E+00     2.5588066846E+00     9.6051533949E-01     1.8315781245E+00    -1.3842882866E-01     3.0858425910E-01
    7.2400000000E+00     2.5771952756E+00     9.5914085517E-01     1.8461574909E+00    -1.3646701401E-01     3.0858425910E-01
    7.2500000000E+00     2.5957301835E+00     9.5778601988E-01     1.8608415694E+00    -1.3449899984E-01     3.0858425910E-01
    7.2600000000E+00     2.6144124577E+00     9.5645089631E-01     1.8756308481E+00    -1.3252464468E-01     3.0858425910E-01
    7.2700000000E+00     2.6332431527E+00     9.5513554860E-01     1.8905258107E+00    -1.3054380512E-01     3.0858425910E-01
    7.2800000000E+00     2.6522233278E+00     9.5384004231E-01     1.9055269361E+00    -1.2855633581E-01     3.0858425910E-01
    7.2900000000E+00     2.6713540469E+00     9.5256444447E-01     1.9206346981E+00    -1.2656208942E-01     3.0858425910E-01
    7.3000000000E+00     2.6906363787E+00     9.5130882361E-01     1.9358495653E+00    -1.2456091662E-01     3.0858425910E-01
    7.3100000000E+00     2.7100713967E+00     9.5007324973E-01     1.9511720008E+00    -1.2255266600E-01     3.0858425910E-01
    7.3200000000E+00     2.7296601788E+00     9.4885779439E-01     1.9666024620E+00    -1.2053718408E-01     3.0858425910E-01
    7.3300000000E+00     2.7494038076E+00     9.4766253067E-01     1.9821414003E+00    -1.1851431526E-01     3.0858425910E-01
    7.3400000000E+00     2.7693033699E+00     9.4648753323E-01     1.9977892608E+00    -1.1648390176E-01     3.0858425910E-01
    7.3500000000E+00     2.7893599573E+00     9.4533287832E-01     2.0135464822E+00    -1.1444578362E-01     3.0858425910E-01
    7.3600000000E+00     2.8095746655E+00     9.4419864378E-01     2.0294134966E+00    -1.1239979863E-01     3.0858425910E-01
    7.3700000000E+00     2.8299485946E+00     9.4308490912E-01     2.0453907288E+00    -1.1034578233E-01     3.0858425910E-01
    7.3800000000E+00     2.8504828489E+00     9.4199175546E-01     2.0614785967E+00    -1.0828356791E-01     3.0858425910E-01
    7.3900000000E+00     2.8711785367E+00     9.4091926565E-01     2.0776775103E+00    -1.0621298623E-01     3.0858425910E-01
    7.4000000000E+00     2.8920367706E+00     9.3986752420E-01     2.0939878719E+00    -1.0413386573E-01     3.0858425910E-01
    7.4100000000E+00     2.9130586670E+00     9.3883661738E-01     2.1104100756E+00    -1.0204603244E-01     3.0858425910E-01
    7.4200000000E+00     2.9342453462E+00     9.3782663318E-01     2.1269445072E+00    -9.9949309877E-02     3.0858425910E-01
    7.4300000000E+00     2.9555979325E+00     9.3683766141E-01     2.1435915437E+00    -9.7843519051E-02     3.0858425910E-01
    7.4400000000E+00     2.9771175537E+00     9.3586979364E-01     2.1603515528E+00    -9.5728478397E-02     3.0858425910E-01
    7.4500000000E+00     2.9988053413E+00     9.3492312329E-01     2.1772248931E+00    -9.3604003733E-02     3.0858425910E-01
    7.4600000000E+00     3.0206624305E+00     9.3399774563E-01     2.1942119134E+00    -9.1469908217E-02     3.0858425910E-01
    7.4700000000E+00     3.0426899596E+00     9.3309375782E-01     2.2113129523E+00    -8.9326002297E-02     3.0858425910E-01
    7.4800000000E+00     3.0648890707E+00     9.3221125893E-01     2.2285283381E+00    -8.7172093668E-02     3.0858425910E-01
    7.4900000000E+00     3.0872609086E+00     9.3135034994E-01     2.2458583884E+00    -8.5007987218E-02     3.0858425910E-01
    7.5000000000E+00     3.1098066217E+00     9.3051113383E-01     2.2633034096E+00    -8.2833484981E-02     3.0858425910E-01
    7.5100000000E+00     3.1325273610E+00     9.2969371556E-01     2.2808636966E+00    -8.0648386089E-02     3.0858425910E-01
    7.5200000000E+00     3.1554242808E+00     9.2889820211E-01     2.2985395323E+00    -7.8452486716E-02     3.0858425910E-01
    7.5300000000E+00     3.1784985377E+00     9.2812470252E-01     2.3163311876E+00    -7.6245580029E-02     3.0858425910E-01
    7.5400000000E+00     3.2017512914E+00     9.2737332790E-01     2.3342389205E+00    -7.4027456136E-02     3.0858425910E-01
    7.5500000000E+00     3.2251837039E+00     9.2664419150E-01     2.3522629760E+00    -7.1797902028E-02     3.0858425910E-01
    7.5600000000E+00     3.2487969395E+00     9.2593740868E-01     2.3704035856E+00    -6.9556701527E-02     3.0858425910E-01
    7.5700000000E+00     3.2725921648E+00     9.2525309702E-01     2.3886609670E+00    -6.7303635229E-02     3.0858425910E-01
    7.5800000000E+00     3.2965705487E+00     9.2459137627E-01     2.4070353233E+00    -6.5038480447E-02     3.0858425910E-01
    7.5900000000E+00     3.3207332618E+00     9.2395236846E-01     2.4255268431E+00    -6.2761011154E-02     3.0858425910E-01
    7.6000000000E+00     3.3450814767E+00     9.2333619786E-01     2.4441356995E+00    -6.0470997921E-02     3.0858425910E-01
    7.6100000000E+00     3.3696163675E+00     9.2274299109E-01     2.4628620499E+00    -5.8168207861E-02     3.0858425910E-01
    7.6200000000E+00     3.3943391098E+00     9.2217287708E-01     2.4817060357E+00    -5.5852404563E-02     3.0858425910E-01
    7.6300000000E+00     3.4192508807E+00     9.2162598718E-01     2.5006677815E+00    -5.3523348035E-02     3.0858425910E-01
    7.6400000000E+00     3.4443528583E+00     9.2110245511E-01     2.5197473945E+00    -5.1180794635E-02     3.0858425910E-01
    7.6500000000E+00     3.4696462218E+00     9.2060241710E-01     2.5389449647E+00    -4.8824497012E-02     3.0858425910E-01
    7.6600000000E+00     3.4951321511E+00     9.2012601182E-01     2.5582605634E+00    -4.6454204033E-02     3.0858425910E-01
    7.6700000000E+00     3.5208118267E+00     9.1967338052E-01     2.5776942434E+00    -4.4069660726E-02     3.0858425910E-01
    7.6800000000E+00     3.5466864297E+00     9.1924466697E-01     2.5972460383E+00    -4.1670608201E-02     3.0858425910E-01
    7.6900000000E+00     3.5727571412E+00     9.1884001759E-01     2.6169159615E+00    -3.9256783588E-02     3.0858425910E-01
    7.7000000000E+00     3.5990251426E+00     9.1845958143E-01     2.6367040065E+00    -3.6827919967E-02     3.0858425910E-01
    7.7100000000E+00     3.6254916150E+00     9.1810351023E-01     2.6566101453E+00    -3.4383746289E-02     3.0858425910E-01
    7.7200000000E+00     3.6521577390E+00     9.1777195846E-01     2.6766343286E+00    -3.1923987310E-02     3.0858425910E-01
    7.7300000000E+00     3.6790246948E+00     9.1746508336E-01     2.6967764850E+00    -2.9448363514E-02     3.0858425910E-01
    7.7400000000E+00     3.7060936616E+00     9.1718304501E-01     2.7170365199E+00    -2.6956591036E-02     3.0858425910E-01
    7.7500000000E+00     3.7333658177E+00     9.1692600633E-01     2.7374143157E+00    -2.4448381589E-02     3.0858425910E-01
    7.7600000000E+00     3.7608423400E+00     9.1669413315E-01     2.7579097305E+00    -2.1923442380E-02     3.0858425910E-01
    7.7700000000E+00     3.7885244039E+00     9.1648759424E-01     2.7785225976E+00    -1.9381476034E-02     3.0858425910E-01
    7.7800000000E+00     3.8164131828E+00     9.1630656139E-01     2.7992527250E+00    -1.6822180514E-02     3.0858425910E-01
    7.7900000000E+00     3.8445098485E+00     9.1615120942E-01     2.8200998944E+00    -1.4245249034E-02     3.0858425910E-01
    7.8000000000E+00     3.8728155701E+00     9.1602171623E-01     2.8410638610E+00    -1.1650369979E-02     3.0858425910E-01
    7.8100000000E+00     3.9013315141E+00     9.1591826290E-01     2.8621443522E+00    -9.0372268169E-03     3.0858425910E-01
    7.8200000000E+00     3.9300588445E+00     9.1584103365E-01     2.8833410672E+00    -6.4054980131E-03     3.0858425910E-01
    7.8300000000E+00     3.9589987218E+00     9.1579021598E-01     2.9046536762E+00    -3.7548569417E-03     3.0858425910E-01
    7.8400000000E+00     3.9881523032E+00     9.1576600066E-01     2.9260818196E+00    -1.0849717953E-03     3.0858425910E-01
    7.8500000000E+00     4.0175207420E+00     9.1576858181E-01     2.9476251073E+00     1.6044945063E-03     3.0858425910E-01
    7.8600000000E+00     4.0471051877E+00     9.1579815696E-01     2.9692831177E+00     4.3138844094E-03     3.0858425910E-01
    7.8700000000E+00     4.0769067853E+00     9.1585492707E-01     2.9910553972E+00     7.0435458209E-03     3.0858425910E-01
    7.8800000000E+00     4.1069266749E+00     9.1593909663E-01     3.0129414590E+00     9.7938322048E-03     3.0858425910E-01
    7.8900000000E+00     4.1371659920E+00     9.1605087366E-01     3.0349407826E+00     1.2565102680E-02     3.0858425910E-01
    7.9000000000E+00     4.1676258663E+00     9.1619046984E-01     3.0570528127E+00     1.5357722119E-02     3.0858425910E-01
    7.9100000000E+00     4.1983074220E+00     9.1635810050E-01     3.0792769584E+00     1.8172061250E-02     3.0858425910E-01
    7.9200000000E+00     4.2292117771E+00     9.1655398472E-01     3.1016125922E+00     2.1008496763E-02     3.0858425910E-01
    7.9300000000E+00     4.2603400432E+00     9.1677834537E-01     3.1240590493E+00     2.3867411406E-02     3.0858425910E-01
    7.9400000000E+00     4.2916933251E+00     9.1703140918E-01     3.1466156266E+00     2.6749194100E-02     3.0858425910E-01
    7.9500000000E+00     4.3232727203E+00     9.1731340679E-01     3.1692815813E+00     2.9654240042E-02     3.0858425910E-01
    7.9600000000E+00     4.3550793187E+00     9.1762457286E-01     3.1920561308E+00     3.2582950820E-02     3.0858425910E-01
    7.9700000000E+00     4.3871142022E+00     9.1796514605E-01     3.2149384507E+00     3.5535734516E-02     3.0858425910E-01
    7.9800000000E+00     4.4193784441E+00     9.1833536917E-01     3.2379276745E+00     3.8513005830E-02     3.0858425910E-01
    7.9900000000E+00     4.4518731090E+00     9.1873548920E-01     3.2610228924E+00     4.1515186186E-02     3.0858425910E-01
    8.0000000000E+00     4.4845992521E+00     9.1916575735E-01     3.2842231501E+00     4.4542703857E-02     3.0858425910E-01
    8.0100000000E+00     4.5175579188E+00     9.1962642918E-01     3.3075274477E+00     4.7595994078E-02     3.0858425910E-01
    8.0200000000E+00     4.5507501444E+00     9.2011776462E-01     3.3309347387E+00     5.0675499170E-02     3.0858425910E-01
    8.0300000000E+00     4.5841769533E+00     9.2064002805E-01     3.3544439291E+00     5.3781668663E-02     3.0858425910E-01
    8.0400000000E+00     4.6178393588E+00     9.2119348840E-01     3.3780538756E+00     5.6914959421E-02     3.0858425910E-01
    8.0500000000E+00     4.6517383627E+00     9.2177841919E-01     3.4017633852E+00     6.0075835765E-02     3.0858425910E-01
    8.0600000000E+00     4.6858749542E+00     9.2239509864E-01     3.4255712134E+00     6.3264769607E-02     3.0858425910E-01
    8.0700000000E+00     4.7202501103E+00     9.2304380970E-01     3.4494760635E+00     6.6482240578E-02     3.0858425910E-01
    8.0800000000E+00     4.7548647944E+00     9.2372484019E-01     3.4734765849E+00     6.9728736160E-02     3.0858425910E-01
    8.0900000000E+00     4.7897199563E+00     9.2443848283E-01     3.4975713721E+00     7.3004751822E-02     3.0858425910E-01
    8.1000000000E+00     4.8248165312E+00     9.2518503531E-01     3.5217589632E+00     7.6310791156E-02     3.0858425910E-01
    8.1100000000E+00     4.8601554398E+00     9.2596480043E-01     3.5460378390E+00     7.9647366016E-02     3.0858425910E-01
    8.1200000000E+00     4.8957375870E+00     9.2677808615E-01     3.5704064213E+00     8.3014996659E-02     3.0858425910E-01
    8.1300000000E+00     4.9315638618E+00     9.2762520565E-01     3.5948630714E+00     8.6414211887E-02     3.0858425910E-01
    8.1400000000E+00     4.9676351364E+00     9.2850647746E-01     3.6194060893E+00     8.9845549192E-02     3.0858425910E-01
    8.1500000000E+00     5.0039522656E+00     9.2942222553E-01     3.6440337117E+00     9.3309554902E-02     3.0858425910E-01
    8.1600000000E+00     5.0405160865E+00     9.3037277930E-01     3.6687441110E+00     9.6806784332E-02     3.0858425910E-01
    8.1700000000E+00     5.0773274174E+00     9.3135847384E-01     3.6935353933E+00     1.0033780193E-01     3.0858425910E-01
    8.1800000000E+00     5.1143870575E+00     9.3237964988E-01     3.7184055976E+00     1.0390318145E-01     3.0858425910E-01
    8.1900000000E+00     5.1516957857E+00     9.3343665395E-01     3.7433526937E+00     1.0750350606E-01     3.0858425910E-01
    8.2000000000E+00     5.1892543606E+00     9.3452983846E-01     3.7683745810E+00     1.1113936855E-01     3.0858425910E-01
    8.2100000000E+00     5.2270635194E+00     9.3565956179E-01     3.7934690865E+00     1.1481137148E-01     3.0858425910E-01
    8.2200000000E+00     5.2651239770E+00     9.3682618840E-01     3.8186339639E+00     1.1852012732E-01     3.0858425910E-01
    8.2300000000E+00     5.3034364255E+00     9.3803008892E-01     3.8438668913E+00     1.2226625861E-01     3.0858425910E-01
    8.2400000000E+00     5.3420015336E+00     9.3927164026E-01     3.8691654699E+00     1.2605039817E-01     3.0858425910E-01
    8.2500000000E+00     5.3808199455E+00     9.4055122572E-01     3.8945272220E+00     1.2987318922E-01     3.0858425910E-01
    8.2600000000E+00     5.4198922801E+00     9.4186923507E-01     3.9199495897E+00     1.3373528558E-01     3.0858425910E-01
    8.2700000000E+00     5.4592191306E+00     9.4322606466E-01     3.9454299329E+00     1.3763735180E-01     3.0858425910E-01
    8.2800000000E+00     5.4988010630E+00     9.4462211759E-01     3.9709655276E+00     1.4158006339E-01     3.0858425910E-01
    8.2900000000E+00     5.5386386159E+00     9.4605780371E-01     3.9965535637E+00     1.4556410697E-01     3.0858425910E-01
    8.3000000000E+00     5.5787322994E+00     9.4753353982E-01     4.0221911440E+00     1.4959018041E-01     3.0858425909E-01
    8.3100000000E+00     5.6190825940E+00     9.4904974978E-01     4.0478752815E+00     1.5365899307E-01     3.0858425909E-01
    8.3200000000E+00     5.6596899500E+00     9.5060686455E-01     4.0736028979E+00     1.5777126595E-01     3.0858425909E-01
    8.3300000000E+00     5.7005547863E+00     9.5220532240E-01     4.0993708217E+00     1.6192773186E-01     3.0858425909E-01
    8.3400000000E+00     5.7416774899E+00     9.5384556898E-01     4.1251757860E+00     1.6612913563E-01     3.0858425909E-01
    8.3500000000E+00     5.7830584143E+00     9.5552805743E-01     4.1510144267E+00     1.7037623429E-01     3.0858425909E-01
    8.3600000000E+00     5.8246978791E+00     9.5725324855E-01     4.1768832804E+00     1.7466979724E-01     3.0858425909E-01
    8.3700000000E+00     5.8665961688E+00     9.5902161086E-01     4.2027787824E+00     1.7901060646E-01     3.0858425909E-01
    8.3800000000E+00     5.9087535314E+00     9.6083362081E-01     4.2286972645E+00     1.8339945668E-01     3.0858425909E-01
    8.3900000000E+00     5.9511701781E+00     9.6268976283E-01     4.2546349530E+00     1.8783715560E-01     3.0858425909E-01
    8.4000000000E+00     5.9938462815E+00     9.6459052949E-01     4.2805879663E+00     1.9232452404E-01     3.0858425909E-01
    8.4100000000E+00     6.0367819752E+00     9.6653642165E-01     4.3065523133E+00     1.9686239620E-01     3.0858425909E-01
    8.4200000000E+00     6.0799773519E+00     9.6852794858E-01     4.3325238903E+00     2.0145161978E-01     3.0858425909E-01
    8.4300000000E+00     6.1234324631E+00     9.7056562809E-01     4.3584984795E+00     2.0609305622E-01     3.0858425909E-01
    8.4400000000E+00     6.1671473171E+00     9.7264998667E-01     4.3844717465E+00     2.1078758091E-01     3.0858425909E-01
    8.4500000000E+00     6.2111218787E+00     9.7478155963E-01     4.4104392378E+00     2.1553608335E-01     3.0858425909E-01
    8.4600000000E+00     6.2553560674E+00     9.7696089127E-01     4.4363963786E+00     2.2033946737E-01     3.0858425909E-01
    8.4700000000E+00     6.2998497562E+00     9.7918853498E-01     4.4623384705E+00     2.2519865134E-01     3.0858425909E-01
    8.4800000000E+00     6.3446027706E+00     9.8146505341E-01     4.4882606888E+00     2.3011456834E-01     3.0858425909E-01
    8.4900000000E+00     6.3896148872E+00     9.8379101861E-01     4.5141580805E+00     2.3508816640E-01     3.0858425909E-01
    8.5000000000E+00     6.4348858325E+00     9.8616701221E-01     4.5400255616E+00     2.4012040865E-01     3.0858425909E-01
    8.5100000000E+00     6.4804152814E+00     9.8859362553E-01     4.5658579143E+00     2.4521227358E-01     3.0858425909E-01
    8.5200000000E+00     6.5262028559E+00     9.9107145974E-01     4.5916497851E+00     2.5036475520E-01     3.0858425909E-01
    8.5300000000E+00     6.5722481238E+00     9.9360112605E-01     4.6173956816E+00     2.5557886323E-01     3.0858425909E-01
    8.5400000000E+00     6.6185505975E+00     9.9618324584E-01     4.6430899704E+00     2.6085562336E-01     3.0858425909E-01
    8.5500000000E+00     6.6651097320E+00     9.9881845083E-01     4.6687268743E+00     2.6619607738E-01     3.0858425909E-01
    8.5600000000E+00     6.7119249240E+00     1.0015073832E+00     4.6943004695E+00     2.7160128341E-01     3.0858425909E-01
    8.5700000000E+00     6.7589955101E+00     1.0042506959E+00     4.7198046832E+00     2.7707231611E-01     3.0858425909E-01
    8.5800000000E+00     6.8063207656E+00     1.0070490526E+00     4.7452332907E+00     2.8261026683E-01     3.0858425909E-01
    8.5900000000E+00     6.8538999026E+00     1.0099031280E+00     4.7705799126E+00     2.8821624387E-01     3.0858425909E-01
    8.6000000000E+00     6.9017320688E+00     1.0128136080E+00     4.7958380125E+00     2.9389137260E-01     3.0858425909E-01
    8.6100000000E+00     6.9498163455E+00     1.0157811898E+00     4.8210008936E+00     2.9963679571E-01     3.0858425909E-01
    8.6200000000E+00     6.9981517464E+00     1.0188065821E+00     4.8460616964E+00     3.0545367334E-01     3.0858425909E-01
    8.6300000000E+00     7.0467372158E+00     1.0218905053E+00     4.8710133956E+00     3.1134318331E-01     3.0858425909E-01
    8.6400000000E+00     7.0955716267E+00     1.0250336918E+00     4.8958487973E+00     3.1730652129E-01     3.0858425909E-01
    8.6500000000E+00     7.1446537795E+00     1.0282368859E+00     4.9205605362E+00     3.2334490096E-01     3.0858425909E-01
    8.6600000000E+00     7.1939824001E+00     1.0315008441E+00     4.9451410728E+00     3.2945955418E-01     3.0858425909E-01
    8.6700000000E+00     7.2435561380E+00     1.0348263354E+00     4.9695826903E+00     3.3565173119E-01     3.0858425909E-01
    8.6800000000E+00     7.2933735646E+00     1.0382141414E+00     4.9938774918E+00     3.4192270075E-01     3.0858425909E-01
    8.6900000000E+00     7.3434331715E+00     1.0416650564E+00     5.0180173973E+00     3.4827375030E-01     3.0858425909E-01
    8.7000000000E+00     7.3937333686E+00     1.0451798877E+00     5.0419941408E+00     3.5470618610E-01     3.0858425909E-01
    8.7100000000E+00     7.4442724823E+00     1.0487594558E+00     5.0657992676E+00     3.6122133341E-01     3.0858425909E-01
    8.7200000000E+00     7.4950487531E+00     1.0524045945E+00     5.0894241309E+00     3.6782053659E-01     3.0858425909E-01
    8.7300000000E+00     7.5460603346E+00     1.0561161512E+00     5.1128598890E+00     3.7450515926E-01     3.0858425909E-01
    8.7400000000E+00     7.5973052905E+00     1.0598949870E+00     5.1360975025E+00     3.8127658442E-01     3.0858425908E-01
    8.7500000000E+00     7.6487815934E+00     1.0637419769E+00     5.1591277314E+00     3.8813621456E-01     3.0858425908E-01
    8.7600000000E+00     7.7004871224E+00     1.0676580101E+00     5.1819411315E+00     3.9508547174E-01     3.0858425908E-01
    8.7700000000E+00     7.7524196611E+00     1.0716439899E+00     5.2045280523E+00     4.0212579775E-01     3.0858425908E-01
    8.7800000000E+00     7.8045768956E+00     1.0757008345E+00     5.2268786334E+00     4.0925865415E-01     3.0858425908E-01
    8.7900000000E+00     7.8569564124E+00     1.0798294764E+00     5.2489828021E+00     4.1648552233E-01     3.0858425908E-01
    8.8000000000E+00     7.9095556960E+00     1.0840308633E+00     5.2708302698E+00     4.2380790363E-01     3.0858425908E-01
    8.8100000000E+00     7.9623721271E+00     1.0883059579E+00     5.2924105298E+00     4.3122731934E-01     3.0858425908E-01
    8.8200000000E+00     8.0154029802E+00     1.0926557383E+00     5.3137128539E+00     4.3874531078E-01     3.0858425908E-01
    8.8300000000E+00     8.0686454213E+00     1.0970811979E+00     5.3347262897E+00     4.4636343927E-01     3.0858425908E-01
    8.8400000000E+00     8.1220965058E+00     1.1015833461E+00     5.3554396578E+00     4.5408328619E-01     3.0858425908E-01
    8.8500000000E+00     8.1757531762E+00     1.1061632080E+00     5.3758415492E+00     4.6190645294E-01     3.0858425908E-01
    8.8600000000E+00     8.2296122597E+00     1.1108218250E+00     5.3959203220E+00     4.6983456093E-01     3.0858425908E-01
    8.8700000000E+00     8.2836704660E+00     1.1155602545E+00     5.4156640992E+00     4.7786925154E-01     3.0858425908E-01
    8.8800000000E+00     8.3379243847E+00     1.1203795708E+00     5.4350607657E+00     4.8601218604E-01     3.0858425908E-01
    8.8900000000E+00     8.3923704831E+00     1.1252808647E+00     5.4540979659E+00     4.9426504552E-01     3.0858425908E-01
    8.9000000000E+00     8.4470051039E+00     1.1302652438E+00     5.4727631009E+00     5.0262953080E-01     3.0858425908E-01
    8.9100000000E+00     8.5018244622E+00     1.1353338331E+00     5.4910433264E+00     5.1110736226E-01     3.0858425908E-01
    8.9200000000E+00     8.5568246437E+00     1.1404877747E+00     5.5089255496E+00     5.1970027976E-01     3.0858425908E-01
    8.9300000000E+00     8.6120016020E+00     1.1457282282E+00     5.5263964276E+00     5.2841004239E-01     3.0858425908E-01
    8.9400000000E+00     8.6673511558E+00     1.1510563709E+00     5.5434423646E+00     5.3723842834E-01     3.0858425908E-01
    8.9500000000E+00     8.7228689867E+00     1.1564733982E+00     5.5600495099E+00     5.4618723461E-01     3.0858425908E-01
    8.9600000000E+00     8.7785506364E+00     1.1619805231E+00     5.5762037559E+00     5.5525827681E-01     3.0858425908E-01
    8.9700000000E+00     8.8343915043E+00     1.1675789773E+00     5.5918907358E+00     5.6445338883E-01     3.0858425908E-01
    8.9800000000E+00     8.8903868449E+00     1.1732700106E+00     5.6070958223E+00     5.7377442253E-01     3.0858425908E-01
    8.9900000000E+00     8.9465317648E+00     1.1790548917E+00     5.6218041250E+00     5.8322324742E-01     3.0858425908E-01
    9.0000000000E+00     9.0028212209E+00     1.1849349078E+00     5.6360004896E+00     5.9280175022E-01     3.0858425908E-01
    9.0100000000E+00     9.0592500168E+00     1.1909113653E+00     5.6496694961E+00     6.0251183448E-01     3.0858425908E-01
    9.0200000000E+00     9.1158128007E+00     1.1969855895E+00     5.6627954572E+00     6.1235542011E-01     3.0858425908E-01
    9.0300000000E+00     9.1725040627E+00     1.2031589251E+00     5.6753624174E+00     6.2233444283E-01     3.0858425908E-01
    9.0400000000E+00     9.2293181317E+00     1.2094327363E+00     5.6873541519E+00     6.3245085371E-01     3.0858425908E-01
    9.0500000000E+00     9.2862491733E+00     1.2158084067E+00     5.6987541659E+00     6.4270661850E-01     3.0858425908E-01
    9.0600000000E+00     9.3432911868E+00     1.2222873398E+00     5.7095456936E+00     6.5310371704E-01     3.0858425908E-01
    9.0700000000E+00     9.4004380022E+00     1.2288709588E+00     5.7197116979E+00     6.6364414258E-01     3.0858425908E-01
    9.0800000000E+00     9.4576832780E+00     1.2355607071E+00     5.7292348704E+00     6.7432990100E-01     3.0858425908E-01
    9.0900000000E+00     9.5150204982E+00     1.2423580480E+00     5.7380976309E+00     6.8516301009E-01     3.0858425908E-01
    9.1000000000E+00     9.5724429698E+00     1.2492644652E+00     5.7462821277E+00     6.9614549866E-01     3.0858425908E-01
    9.1100000000E+00     9.6299438195E+00     1.2562814627E+00     5.7537702385E+00     7.0727940566E-01     3.0858425908E-01
    9.1200000000E+00     9.6875159920E+00     1.2634105649E+00     5.7605435704E+00     7.1856677923E-01     3.0858425908E-01
    9.1300000000E+00     9.7451522462E+00     1.2706533167E+00     5.7665834614E+00     7.3000967566E-01     3.0858425908E-01
    9.1400000000E+00     9.8028451533E+00     1.2780112837E+00     5.7718709813E+00     7.4161015835E-01     3.0858425908E-01
    9.1500000000E+00     9.8605870939E+00     1.2854860521E+00     5.7763869336E+00     7.5337029662E-01     3.0858425908E-01
    9.1600000000E+00     9.9183702553E+00     1.2930792287E+00     5.7801118568E+00     7.6529216450E-01     3.0858425908E-01
    9.1700000000E+00     9.9761866286E+00     1.3007924414E+00     5.7830260274E+00     7.7737783947E-01     3.0858425908E-01
    9.1800000000E+00     1.0034028007E+01     1.3086273385E+00     5.7851094615E+00     7.8962940107E-01     3.0858425908E-01
    9.1900000000E+00     1.0091885981E+01     1.3165855893E+00     5.7863419187E+00     8.0204892945E-01     3.0858425908E-01
    9.2000000000E+00     1.0149751940E+01     1.3246688839E+00     5.7867029045E+00     8.1463850388E-01     3.0858425908E-01
    9.2100000000E+00     1.0207617065E+01     1.3328789331E+00     5.7861716744E+00     8.2740020112E-01     3.0858425908E-01
    9.2200000000E+00     1.0265472330E+01     1.3412174686E+00     5.7847272380E+00     8.4033609374E-01     3.0858425908E-01
    9.2300000000E+00     1.0323308495E+01     1.3496862425E+00     5.7823483635E+00     8.5344824834E-01     3.0858425908E-01
    9.2400000000E+00     1.0381116111E+01     1.3582870279E+00     5.7790135823E+00     8.6673872369E-01     3.0858425908E-01
    9.2500000000E+00     1.0438885508E+01     1.3670216182E+00     5.7747011951E+00     8.8020956873E-01     3.0858425908E-01
    9.2600000000E+00     1.0496606803E+01     1.3758918273E+00     5.7693892772E+00     8.9386282054E-01     3.0858425908E-01
    9.2700000000E+00     1.0554269888E+01     1.3848994894E+00     5.7630556854E+00     9.0770050219E-01     3.0858425908E-01
    9.2800000000E+00     1.0611864436E+01     1.3940464588E+00     5.7556780644E+00     9.2172462040E-01     3.0858425908E-01
    9.2900000000E+00     1.0669379894E+01     1.4033346099E+00     5.7472338550E+00     9.3593716324E-01     3.0858425908E-01
    9.3000000000E+00     1.0726805482E+01     1.4127658367E+00     5.7377003015E+00     9.5034009760E-01     3.0858425908E-01
    9.3100000000E+00     1.0784130193E+01     1.4223420530E+00     5.7270544609E+00     9.6493536661E-01     3.0858425908E-01
    9.3200000000E+00     1.0841342787E+01     1.4320651916E+00     5.7152732116E+00     9.7972488690E-01     3.0858425908E-01
    9.3300000000E+00     1.0898431795E+01     1.4419372045E+00     5.7023332639E+00     9.9471054577E-01     3.0858425908E-01
    9.3400000000E+00     1.0955385512E+01     1.4519600625E+00     5.6882111701E+00     1.0098941982E+00     3.0858425908E-01
    9.3500000000E+00     1.1012191999E+01     1.4621357545E+00     5.6728833359E+00     1.0252776639E+00     3.0858425908E-01
    9.3600000000E+00     1.1068839080E+01     1.4724662877E+00     5.6563260323E+00     1.0408627239E+00     3.0858425908E-01
    9.3700000000E+00     1.1125314342E+01     1.4829536868E+00     5.6385154081E+00     1.0566511173E+00     3.0858425908E-01
    9.3800000000E+00     1.1181605131E+01     1.4935999935E+00     5.6194275036E+00     1.0726445377E+00     3.0858425908E-01
    9.3900000000E+00     1.1237698554E+01     1.5044072665E+00     5.5990382643E+00     1.0888446297E+00     3.0858425908E-01
    9.4000000000E+00     1.1293581478E+01     1.5153775803E+00     5.5773235564E+00     1.1052529852E+00     3.0858425908E-01
    9.4100000000E+00     1.1349240527E+01     1.5265130255E+00     5.5542591819E+00     1.1218711391E+00     3.0858425908E-01
    9.4200000000E+00     1.1404662082E+01     1.5378157074E+00     5.5298208954E+00     1.1387005657E+00     3.0858425908E-01
    9.4300000000E+00     1.1459832284E+01     1.5492877458E+00     5.5039844219E+00     1.1557426743E+00     3.0858425908E-01
    9.4400000000E+00     1.1514737029E+01     1.5609312743E+00     5.4767254744E+00     1.1729988046E+00     3.0858425908E-01
    9.4500000000E+00     1.1569361971E+01     1.5727484395E+00     5.4480197737E+00     1.1904702228E+00     3.0858425908E-01
    9.4600000000E+00     1.1623692521E+01     1.5847414003E+00     5.4178430680E+00     1.2081581161E+00     3.0858425908E-01
    9.4700000000E+00     1.1677713848E+01     1.5969123271E+00     5.3861711544E+00     1.2260635888E+00     3.0858425908E-01
    9.4800000000E+00     1.1731410880E+01     1.6092634008E+00     5.3529799004E+00     1.2441876565E+00     3.0858425908E-01
    9.4900000000E+00     1.1784768302E+01     1.6217968120E+00     5.3182452673E+00     1.2625312413E+00     3.0858425908E-01
    9.5000000000E+00     1.1837770561E+01     1.6345147601E+00     5.2819433336E+00     1.2810951667E+00     3.0858425908E-01
    9.5100000000E+00     1.1890401865E+01     1.6474194522E+00     5.2440503207E+00     1.2998801517E+00     3.0858425908E-01
    9.5200000000E+00     1.1942646185E+01     1.6605131020E+00     5.2045426182E+00     1.3188868054E+00     3.0858425908E-01
    9.5300000000E+00     1.1994487257E+01     1.6737979288E+00     5.1633968113E+00     1.3381156212E+00     3.0858425908E-01
    9.5400000000E+00     1.2045908583E+01     1.6872761562E+00     5.1205897086E+00     1.3575669708E+00     3.0858425908E-01
    9.5500000000E+00     1.2096893437E+01     1.7009500108E+00     5.0760983714E+00     1.3772410979E+00     3.0858425908E-01
    9.5600000000E+00     1.2147424861E+01     1.7148217212E+00     5.0299001440E+00     1.3971381123E+00     3.0858425908E-01
    9.5700000000E+00     1.2197485675E+01     1.7288935160E+00     4.9819726848E+00     1.4172579831E+00     3.0858425908E-01
    9.5800000000E+00     1.2247058477E+01     1.7431676231E+00     4.9322939987E+00     1.4376005323E+00     3.0858425909E-01
    9.5900000000E+00     1.2296125646E+01     1.7576462678E+00     4.8808424706E+00     1.4581654279E+00     3.0858425909E-01
    9.6000000000E+00     1.2344669346E+01     1.7723316712E+00     4.8275968999E+00     1.4789521768E+00     3.0858425909E-01
    9.6100000000E+00     1.2392671535E+01     1.7872260486E+00     4.7725365364E+00     1.4999601184E+00     3.0858425909E-01
    9.6200000000E+00     1.2440113960E+01     1.8023316081E+00     4.7156411168E+00     1.5211884167E+00     3.0858425909E-01
    9.6300000000E+00     1.2486978174E+01     1.8176505481E+00     4.6568909025E+00     1.5426360530E+00     3.0858425909E-01
    9.6400000000E+00     1.2533245532E+01     1.8331850563E+00     4.5962667188E+00     1.5643018190E+00     3.0858425909E-01
    9.6500000000E+00     1.2578897200E+01     1.8489373069E+00     4.5337499947E+00     1.5861843085E+00     3.0858425909E-01
    9.6600000000E+00     1.2623914163E+01     1.8649094595E+00     4.4693228040E+00     1.6082819101E+00     3.0858425909E-01
    9.6700000000E+00     1.2668277230E+01     1.8811036561E+00     4.4029679075E+00     1.6305927990E+00     3.0858425909E-01
    9.6800000000E+00     1.2711967041E+01     1.8975220196E+00     4.3346687957E+00     1.6531149294E+00     3.0858425909E-01
    9.6900000000E+00     1.2754964073E+01     1.9141666513E+00     4.2644097335E+00     1.6758460262E+00     3.0858425909E-01
    9.7000000000E+00     1.2797248652E+01     1.9310396284E+00     4.1921758049E+00     1.6987835768E+00     3.0858425909E-01
    9.7100000000E+00     1.2838800959E+01     1.9481430018E+00     4.1179529589E+00     1.7219248233E+00     3.0858425909E-01
    9.7200000000E+00     1.2879601038E+01     1.9654787938E+00     4.0417280566E+00     1.7452667538E+00     3.0858425909E-01
    9.7300000000E+00     1.2919628806E+01     1.9830489950E+00     3.9634889190E+00     1.7688060940E+00     3.0858425909E-01
    9.7400000000E+00     1.2958864065E+01     2.0008555619E+00     3.8832243751E+00     1.7925392993E+00     3.0858425909E-01
    9.7500000000E+00     1.2997286509E+01     2.0189004145E+00     3.8009243118E+00     1.8164625461E+00     3.0858425910E-01
    9.7600000000E+00     1.3034875736E+01     2.0371854327E+00     3.7165797232E+00     1.8405717235E+00     3.0858425910E-01
    9.7700000000E+00     1.3071611262E+01     2.0557124540E+00     3.6301827618E+00     1.8648624249E+00     3.0858425910E-01
    9.7800000000E+00     1.3107472528E+01     2.0744832706E+00     3.5417267892E+00     1.8893299396E+00     3.0858425910E-01
    9.7900000000E+00     1.3142438916E+01     2.0934996255E+00     3.4512064281E+00     1.9139692447E+00     3.0858425910E-01
    9.8000000000E+00     1.3176489761E+01     2.1127632103E+00     3.3586176139E+00     1.9387749967E+00     3.0858425910E-01
    9.8100000000E+00     1.3209604364E+01     2.1322756614E+00     3.2639576477E+00     1.9637415237E+00     3.0858425910E-01
    9.8200000000E+00     1.3241762006E+01     2.1520385567E+00     3.1672252483E+00     1.9888628169E+00     3.0858425910E-01
    9.8300000000E+00     1.3272941962E+01     2.1720534125E+00     3.0684206053E+00     2.0141325231E+00     3.0858425910E-01
    9.8400000000E+00     1.3303123516E+01     2.1923216796E+00     2.9675454316E+00     2.0395439372E+00     3.0858425910E-01
    9.8500000000E+00     1.3332285979E+01     2.2128447401E+00     2.8646030164E+00     2.0650899942E+00     3.0858425910E-01
    9.8600000000E+00     1.3360408702E+01     2.2336239035E+00     2.7595982771E+00     2.0907632623E+00     3.0858425910E-01
    9.8700000000E+00     1.3387471092E+01     2.2546604034E+00     2.6525378124E+00     2.1165559359E+00     3.0858425910E-01
    9.8800000000E+00     1.3413452633E+01     2.2759553930E+00     2.5434299528E+00     2.1424598287E+00     3.0858425910E-01
    9.8900000000E+00     1.3438332900E+01     2.2975099421E+00     2.4322848127E+00     2.1684663675E+00     3.0858425910E-01
    9.9000000000E+00     1.3462091578E+01     2.3193250327E+00     2.3191143403E+00     2.1945665859E+00     3.0858425911E-01
    9.9100000000E+00     1.3484708482E+01     2.3414015549E+00     2.2039323672E+00     2.2207511187E+00     3.0858425911E-01
    9.9200000000E+00     1.3506163573E+01     2.3637403036E+00     2.0867546567E+00     2.2470101969E+00     3.0858425911E-01
    9.9300000000E+00     1.3526436981E+01     2.3863419735E+00     1.9675989515E+00     2.2733336426E+00     3.0858425911E-01
    9.9400000000E+00     1.3545509024E+01     2.4092071557E+00     1.8464850191E+00     2.2997108646E+00     3.0858425911E-01
    9.9500000000E+00     1.3563360227E+01     2.4323363334E+00     1.7234346967E+00     2.3261308549E+00     3.0858425911E-01
    9.9600000000E+00     1.3579971343E+01     2.4557298773E+00     1.5984719334E+00     2.3525821851E+00     3.0858425911E-01
    9.9700000000E+00     1.3595323377E+01     2.4793880421E+00     1.4716228312E+00     2.3790530042E+00     3.0858425911E-01
    9.9800000000E+00     1.3609397606E+01     2.5033109615E+00     1.3429156842E+00     2.4055310360E+00     3.0858425911E-01
    9.9900000000E+00     1.3622175599E+01     2.5274986445E+00     1.2123810142E+00     2.4320035784E+00     3.0858425911E-01
    1.0000000000E+01     1.3633639244E+01     2.5519509710E+00     1.0800516055E+00     2.4584575022E+00     3.0858425911E-01
    1.0010000000E+01     1.3643770765E+01     2.5766676873E+00     9.4596253602E-01     2.4848792516E+00     3.0858425911E-01
    1.0020000000E+01     1.3652552753E+01     2.6016484022E+00     8.1015120585E-01     2.5112548448E+00     3.0858425911E-01
    1.0030000000E+01     1.3659968181E+01     2.6268925824E+00     6.7265736286E-01     2.5375698761E+00     3.0858425911E-01
    1.0040000000E+01     1.3666000432E+01     2.6523995485E+00     5.3352312502E-01     2.5638095182E+00     3.0858425911E-01
    1.0050000000E+01     1.3670633324E+01     2.6781684707E+00     3.9279299929E-01     2.5899585259E+00     3.0858425911E-01
    1.0060000000E+01     1.3673851129E+01     2.7041983647E+00     2.5051389685E-01     2.6160012403E+00     3.0858425911E-01
    1.0070000000E+01     1.3675638602E+01     2.7304880877E+00     1.0673514461E-01     2.6419215944E+00     3.0858425911E-01
    1.0080000000E+01     1.3675981005E+01     2.7570363339E+00    -3.8491507440E-02     2.6677031197E+00     3.0858425911E-01
    1.0090000000E+01     1.3674864126E+01     2.7838416311E+00    -1.8511188294E-01     2.6933289530E+00     3.0858425911E-01
    1.0100000000E+01     1.3672274310E+01     2.8109023365E+00    -3.3306938035E-01     2.7187818457E+00     3.0858425911E-01
    1.0110000000E+01     1.3668198478E+01     2.8382166328E+00    -4.8230497871E-01     2.7440441730E+00     3.0858425911E-01
    1.0120000000E+01     1.3662624155E+01     2.8657825248E+00    -6.3275724807E-01     2.7690979446E+00     3.0858425911E-01
    1.0130000000E+01     1.3655539490E+01     2.8935978354E+00    -7.8436236495E-01     2.7939248168E+00     3.0858425911E-01
    1.0140000000E+01     1.3646933285E+01     2.9216602026E+00    -9.3705413280E-01     2.8185061055E+00     3.0858425911E-01
    1.0150000000E+01     1.3636795013E+01     2.9499670756E+00    -1.0907640077E+00     2.8428228004E+00     3.0858425911E-01
    1.0160000000E+01     1.3625114847E+01     2.9785157122E+00    -1.2454211292E+00     2.8668555803E+00     3.0858425911E-01
    1.0170000000E+01     1.3611883677E+01     3.0073031754E+00    -1.4009523575E+00     2.8905848303E+00     3.0858425911E-01
    1.0180000000E+01     1.3597093137E+01     3.0363263308E+00    -1.5572823148E+00     2.9139906591E+00     3.0858425911E-01
    1.0190000000E+01     1.3580735626E+01     3.0655818434E+00    -1.7143334335E+00     2.9370529183E+00     3.0858425910E-01
    1.0200000000E+01     1.3562804330E+01     3.0950661759E+00    -1.8720260101E+00     2.9597512229E+00     3.0858425910E-01
    1.0210000000E+01     1.3543293240E+01     3.1247755860E+00    -2.0302782643E+00     2.9820649728E+00     3.0858425910E-01
    1.0220000000E+01     1.3522197178E+01     3.1547061243E+00    -2.1890064045E+00     3.0039733754E+00     3.0858425910E-01
    1.0230000000E+01     1.3499511812E+01     3.1848536325E+00    -2.3481246993E+00     3.0254554700E+00     3.0858425910E-01
    1.0240000000E+01     1.3475233675E+01     3.2152137423E+00    -2.5075455545E+00     3.0464901525E+00     3.0858425910E-01
    1.0250000000E+01     1.3449360190E+01     3.2457818734E+00    -2.6671795965E+00     3.0670562019E+00     3.0858425910E-01
    1.0260000000E+01     1.3421889676E+01     3.2765532332E+00    -2.8269357617E+00     3.0871323081E+00     3.0858425910E-01
    1.0270000000E+01     1.3392821376E+01     3.3075228152E+00    -2.9867213909E+00     3.1066971000E+00     3.0858425910E-01
    1.0280000000E+01     1.3362155464E+01     3.3386853994E+00    -3.1464423306E+00     3.1257291754E+00     3.0858425910E-01
    1.0290000000E+01     1.3329893063E+01     3.3700355516E+00    -3.3060030395E+00     3.1442071316E+00     3.0858425909E-01
    1.0300000000E+01     1.3296036260E+01     3.4015676237E+00    -3.4653067004E+00     3.1621095970E+00     3.0858425909E-01
    1.0310000000E+01     1.3260588113E+01     3.4332757542E+00    -3.6242553376E+00     3.1794152637E+00     3.0858425909E-01
    1.0320000000E+01     1.3223552666E+01     3.4651538690E+00    -3.7827499403E+00     3.1961029207E+00     3.0858425909E-01
    1.0330000000E+01     1.3184934960E+01     3.4971956823E+00    -3.9406905895E+00     3.2121514885E+00     3.0858425909E-01
    1.0340000000E+01     1.3144741037E+01     3.5293946987E+00    -4.0979765918E+00     3.2275400535E+00     3.0858425909E-01
    1.0350000000E+01     1.3102977948E+01     3.5617442143E+00    -4.2545066158E+00     3.2422479040E+00     3.0858425909E-01
    1.0360000000E+01     1.3059653764E+01     3.5942373194E+00    -4.4101788344E+00     3.2562545658E+00     3.0858425908E-01
    1.0370000000E+01     1.3014777571E+01     3.6268669009E+00    -4.5648910701E+00     3.2695398393E+00     3.0858425908E-01
    1.0380000000E+01     1.2968359483E+01     3.6596256452E+00    -4.7185409450E+00     3.2820838361E+00     3.0858425908E-01
    1.0390000000E+01     1.2920410635E+01     3.6925060415E+00    -4.8710260331E+00     3.2938670163E+00     3.0858425908E-01
    1.0400000000E+01     1.2870943186E+01     3.7255003856E+00    -5.0222440165E+00     3.3048702261E+00     3.0858425908E-01
    1.0410000000E+01     1.2819970319E+01     3.7586007837E+00    -5.1720928440E+00     3.3150747352E+00     3.0858425908E-01
    1.0420000000E+01     1.2767506232E+01     3.7917991570E+00    -5.3204708918E+00     3.3244622740E+00     3.0858425907E-01
    1.0430000000E+01     1.2713566140E+01     3.8250872466E+00    -5.4672771265E+00     3.3330150715E+00     3.0858425907E-01
    1.0440000000E+01     1.2658166263E+01     3.8584566184E+00    -5.6124112687E+00     3.3407158922E+00     3.0858425907E-01
    1.0450000000E+01     1.2601323820E+01     3.8918986689E+00    -5.7557739585E+00     3.3475480725E+00     3.0858425907E-01
    1.0460000000E+01     1.2543057017E+01     3.9254046308E+00    -5.8972669208E+00     3.3534955574E+00     3.0858425907E-01
    1.0470000000E+01     1.2483385037E+01     3.9589655796E+00    -6.0367931309E+00     3.3585429361E+00     3.0858425907E-01
    1.0480000000E+01     1.2422328029E+01     3.9925724400E+00    -6.1742569796E+00     3.3626754768E+00     3.0858425906E-01
    1.0490000000E+01     1.2359907086E+01     4.0262159929E+00    -6.3095644373E+00     3.3658791608E+00     3.0858425906E-01
    1.0500000000E+01     1.2296144236E+01     4.0598868827E+00    -6.4426232168E+00     3.3681407159E+00     3.0858425906E-01
    1.0510000000E+01     1.2231062419E+01     4.0935756250E+00    -6.5733429335E+00     3.3694476485E+00     3.0858425906E-01
    1.0520000000E+01     1.2164685469E+01     4.1272726145E+00    -6.7016352641E+00     3.3697882741E+00     3.0858425906E-01
    1.0530000000E+01     1.2097038092E+01     4.1609681332E+00    -6.8274141016E+00     3.3691517474E+00     3.0858425906E-01
    1.0540000000E+01     1.2028145844E+01     4.1946523589E+00    -6.9505957070E+00     3.3675280903E+00     3.0858425905E-01
    1.0550000000E+01     1.1958035106E+01     4.2283153742E+00    -7.0710988571E+00     3.3649082188E+00     3.0858425905E-01
    1.0560000000E+01     1.1886733057E+01     4.2619471753E+00    -7.1888449877E+00     3.3612839676E+00     3.0858425905E-01
    1.0570000000E+01     1.1814267649E+01     4.2955376814E+00    -7.3037583322E+00     3.3566481140E+00     3.0858425905E-01
    1.0580000000E+01     1.1740667576E+01     4.3290767446E+00    -7.4157660543E+00     3.3509943993E+00     3.0858425905E-01
    1.0590000000E+01     1.1665962247E+01     4.3625541589E+00    -7.5247983751E+00     3.3443175480E+00     3.0858425905E-01
    1.0600000000E+01     1.1590181749E+01     4.3959596707E+00    -7.6307886942E+00     3.3366132863E+00     3.0858425904E-01
    1.0610000000E+01     1.1513356824E+01     4.4292829889E+00    -7.7336737039E+00     3.3278783570E+00     3.0858425904E-01
    1.0620000000E+01     1.1435518826E+01     4.4625137948E+00    -7.8333934961E+00     3.3181105333E+00     3.0858425904E-01
    1.0630000000E+01     1.1356699693E+01     4.4956417525E+00    -7.9298916621E+00     3.3073086302E+00     3.0858425904E-01
    1.0640000000E+01     1.1276931908E+01     4.5286565199E+00    -8.0231153850E+00     3.2954725131E+00     3.0858425904E-01
    1.0650000000E+01     1.1196248465E+01     4.5615477584E+00    -8.1130155232E+00     3.2826031052E+00     3.0858425904E-01
    1.0660000000E+01     1.1114682828E+01     4.5943051442E+00    -8.1995466862E+00     3.2687023916E+00     3.0858425904E-01
    1.0670000000E+01     1.1032268900E+01     4.6269183786E+00    -8.2826673020E+00     3.2537734215E+00     3.0858425904E-01
    1.0680000000E+01     1.0949040977E+01     4.6593771987E+00    -8.3623396752E+00     3.2378203079E+00     3.0858425904E-01
    1.0690000000E+01     1.0865033713E+01     4.6916713880E+00    -8.4385300365E+00     3.2208482251E+00     3.0858425904E-01
    1.0700000000E+01     1.0780282082E+01     4.7237907873E+00    -8.5112085832E+00     3.2028634035E+00     3.0858425904E-01
    1.0710000000E+01     1.0694821334E+01     4.7557253045E+00    -8.5803495106E+00     3.1838731228E+00     3.0858425903E-01
    1.0720000000E+01     1.0608686957E+01     4.7874649258E+00    -8.6459310336E+00     3.1638857013E+00     3.0858425903E-01
    1.0730000000E+01     1.0521914638E+01     4.8189997257E+00    -8.7079353999E+00     3.1429104851E+00     3.0858425903E-01
    1.0740000000E+01     1.0434540219E+01     4.8503198773E+00    -8.7663488930E+00     3.1209578326E+00     3.0858425903E-01
    1.0750000000E+01     1.0346599662E+01     4.8814156620E+00    -8.8211618274E+00     3.0980390991E+00     3.0858425903E-01
    1.0760000000E+01     1.0258129004E+01     4.9122774800E+00    -8.8723685328E+00     3.0741666173E+00     3.0858425903E-01
    1.0770000000E+01     1.0169164318E+01     4.9428958594E+00    -8.9199673308E+00     3.0493536765E+00     3.0858425903E-01
    1.0780000000E+01     1.0079741676E+01     4.9732614660E+00    -8.9639605025E+00     3.0236145002E+00     3.0858425903E-01
    1.0790000000E+01     9.9898971067E+00     5.0033651123E+00    -9.0043542463E+00     2.9969642210E+00     3.0858425903E-01
    1.0800000000E+01     9.8996665564E+00     5.0331977667E+00    -9.0411586290E+00     2.9694188536E+00     3.0858425903E-01
    1.0810000000E+01     9.8090858528E+00     5.0627505619E+00    -9.0743875271E+00     2.9409952666E+00     3.0858425903E-01
    1.0820000000E+01     9.7181906658E+00     5.0920148035E+00    -9.1040585611E+00     2.9117111520E+00     3.0858425903E-01
    1.0830000000E+01     9.6270164706E+00     5.1209819780E+00    -9.1301930216E+00     2.8815849936E+00     3.0858425903E-01
    1.0840000000E+01     9.5355985114E+00     5.1496437606E+00    -9.1528157887E+00     2.8506360336E+00     3.0858425904E-01
    1.0850000000E+01     9.4439717662E+00     5.1779920225E+00    -9.1719552437E+00     2.8188842376E+00     3.0858425904E-01
    1.0860000000E+01     9.3521709120E+00     5.2060188381E+00    -9.1876431746E+00     2.7863502592E+00     3.0858425904E-01
    1.0870000000E+01     9.2602302912E+00     5.2337164914E+00    -9.1999146753E+00     2.7530554023E+00     3.0858425904E-01
    1.0880000000E+01     9.1681838792E+00     5.2610774828E+00    -9.2088080391E+00     2.7190215834E+00     3.0858425904E-01
    1.0890000000E+01     9.0760652532E+00     5.2880945348E+00    -9.2143646466E+00     2.6842712924E+00     3.0858425904E-01
    1.0900000000E+01     8.9839075613E+00     5.3147605972E+00    -9.2166288487E+00     2.6488275527E+00     3.0858425904E-01
    1.0910000000E+01     8.8917434939E+00     5.3410688527E+00    -9.2156478452E+00     2.6127138811E+00     3.0858425904E-01
    1.0920000000E+01     8.7996052556E+00     5.3670127215E+00    -9.2114715594E+00     2.5759542465E+00     3.0858425904E-01
    1.0930000000E+01     8.7075245389E+00     5.3925858656E+00    -9.2041525084E+00     2.5385730290E+00     3.0858425904E-01
    1.0940000000E+01     8.6155324983E+00     5.4177821926E+00    -9.1937456717E+00     2.5005949779E+00     3.0858425904E-01
    1.0950000000E+01     8.5236597273E+00     5.4425958593E+00    -9.1803083552E+00     2.4620451701E+00     3.0858425904E-01
    1.0960000000E+01     8.4319362347E+00     5.4670212747E+00    -9.1639000547E+00     2.4229489683E+00     3.0858425905E-01
    1.0970000000E+01     8.3403914245E+00     5.4910531027E+00    -9.1445823168E+00     2.3833319799E+00     3.0858425905E-01
    1.0980000000E+01     8.2490540752E+00     5.5146862644E+00    -9.1224185983E+00     2.3432200145E+00     3.0858425905E-01
    1.0990000000E+01     8.1579523219E+00     5.5379159397E+00    -9.0974741253E+00     2.3026390440E+00     3.0858425905E-01
    1.1000000000E+01     8.0671136392E+00     5.5607375689E+00    -9.0698157513E+00     2.2616151610E+00     3.0858425905E-01
    1.1010000000E+01     7.9765648256E+00     5.5831468538E+00    -9.0395118157E+00     2.2201745395E+00     3.0858425905E-01
    1.1020000000E+01     7.8863319893E+00     5.6051397579E+00    -9.0066320028E+00     2.1783433946E+00     3.0858425905E-01
    1.1030000000E+01     7.7964405356E+00     5.6267125073E+00    -8.9712472005E+00     2.1361479445E+00     3.0858425905E-01
    1.1040000000E+01     7.7069151555E+00     5.6478615898E+00    -8.9334293619E+00     2.0936143723E+00     3.0858425906E-01
    1.1050000000E+01     7.6177798157E+00     5.6685837547E+00    -8.8932513669E+00     2.0507687891E+00     3.0858425906E-01
    1.1060000000E+01     7.5290577499E+00     5.6888760122E+00    -8.8507868863E+00     2.0076371979E+00     3.0858425906E-01
    1.1070000000E+01     7.4407714519E+00     5.7087356316E+00    -8.8061102484E+00     1.9642454587E+00     3.0858425906E-01
    1.1080000000E+01     7.3529426693E+00     5.7281601399E+00    -8.7592963074E+00     1.9206192550E+00     3.0858425906E-01
    1.1090000000E+01     7.2655923993E+00     5.7471473201E+00    -8.7104203153E+00     1.8767840606E+00     3.0858425906E-01
    1.1100000000E+01     7.1787408848E+00     5.7656952086E+00    -8.6595577960E+00     1.8327651089E+00     3.0858425906E-01
    1.1110000000E+01     7.0924076129E+00     5.7838020930E+00    -8.6067844241E+00     1.7885873624E+00     3.0858425906E-01
    1.1120000000E+01     7.0066113135E+00     5.8014665088E+00    -8.5521759053E+00     1.7442754840E+00     3.0858425907E-01
    1.1130000000E+01     6.9213699598E+00     5.8186872367E+00    -8.4958078625E+00     1.6998538099E+00     3.0858425907E-01
    1.1140000000E+01     6.8367007699E+00     5.8354632990E+00    -8.4377557247E+00     1.6553463233E+00     3.0858425907E-01
    1.1150000000E+01     6.7526202085E+00     5.8517939559E+00    -8.3780946197E+00     1.6107766299E+00     3.0858425907E-01
    1.1160000000E+01     6.6691439916E+00     5.8676787016E+00    -8.3168992723E+00     1.5661679351E+00     3.0858425907E-01
    1.1170000000E+01     6.5862870898E+00     5.8831172606E+00    -8.2542439056E+00     1.5215430219E+00     3.0858425907E-01
    1.1180000000E+01     6.5040637347E+00     5.8981095826E+00    -8.1902021475E+00     1.4769242309E+00     3.0858425907E-01
    1.1190000000E+01     6.4224874249E+00     5.9126558386E+00    -8.1248469411E+00     1.4323334417E+00     3.0858425907E-01
    1.1200000000E+01     6.3415709334E+00     5.9267564161E+00    -8.0582504604E+00     1.3877920553E+00     3.0858425907E-01
    1.1210000000E+01     6.2613263155E+00     5.9404119141E+00    -7.9904840300E+00     1.3433209786E+00     3.0858425908E-01
    1.1220000000E+01     6.1817649179E+00     5.9536231381E+00    -7.9216180501E+00     1.2989406097E+00     3.0858425908E-01
    1.1230000000E+01     6.1028973882E+00     5.9663910950E+00    -7.8517219252E+00     1.2546708251E+00     3.0858425908E-01
    1.1240000000E+01     6.0247336853E+00     5.9787169878E+00    -7.7808639986E+00     1.2105309680E+00     3.0858425908E-01
    1.1250000000E+01     5.9472830901E+00     5.9906022102E+00    -7.7091114905E+00     1.1665398383E+00     3.0858425908E-01
    1.1260000000E+01     5.8705542172E+00     6.0020483412E+00    -7.6365304415E+00     1.1227156836E+00     3.0858425908E-01
    1.1270000000E+01     5.7945550269E+00     6.0130571395E+00    -7.5631856602E+00     1.0790761917E+00     3.0858425908E-01
    1.1280000000E+01     5.7192928378E+00     6.0236305377E+00    -7.4891406752E+00     1.0356384841E+00     3.0858425908E-01
    1.1290000000E+01     5.6447743399E+00     6.0337706370E+00    -7.4144576919E+00     9.9241911166E-01     3.0858425908E-01
    1.1300000000E+01     5.5710056077E+00     6.0434797010E+00    -7.3391975534E+00     9.4943405005E-01     3.0858425908E-01
    1.1310000000E+01     5.4979921144E+00     6.0527601504E+00    -7.2634197051E+00     9.0669869758E-01     3.0858425908E-01
    1.1320000000E+01     5.4257387458E+00     6.0616145568E+00    -7.1871821648E+00     8.6422787357E-01     3.0858425908E-01
    1.1330000000E+01     5.3542498147E+00     6.0700456372E+00    -7.1105414951E+00     8.2203581797E-01     3.0858425908E-01
    1.1340000000E+01     5.2835290759E+00     6.0780562480E+00    -7.0335527810E+00     7.8013619193E-01     3.0858425908E-01
    1.1350000000E+01     5.2135797405E+00     6.0856493795E+00    -6.9562696105E+00     7.3854207947E-01     3.0858425908E-01
    1.1360000000E+01     5.1444044915E+00     6.0928281497E+00    -6.8787440591E+00     6.9726599004E-01     3.0858425908E-01
    1.1370000000E+01     5.0760054986E+00     6.0995957992E+00    -6.8010266779E+00     6.5631986193E-01     3.0858425908E-01
    1.1380000000E+01     5.0083844338E+00     6.1059556848E+00    -6.7231664850E+00     6.1571506662E-01     3.0858425908E-01
    1.1390000000E+01     4.9415424865E+00     6.1119112744E+00    -6.6452109594E+00     5.7546241389E-01     3.0858425908E-01
    1.1400000000E+01     4.8754803791E+00     6.1174661411E+00    -6.5672060394E+00     5.3557215766E-01     3.0858425908E-01
    1.1410000000E+01     4.8101983823E+00     6.1226239579E+00    -6.4891961226E+00     4.9605400260E-01     3.0858425908E-01
    1.1420000000E+01     4.7456963303E+00     6.1273884921E+00    -6.4112240693E+00     4.5691711131E-01     3.0858425908E-01
    1.1430000000E+01     4.6819736368E+00     6.1317635999E+00    -6.3333312082E+00     4.1817011220E-01     3.0858425908E-01
    1.1440000000E+01     4.6190293094E+00     6.1357532211E+00    -6.2555573450E+00     3.7982110789E-01     3.0858425908E-01
    1.1450000000E+01     4.5568619654E+00     6.1393613740E+00    -6.1779407729E+00     3.4187768412E-01     3.0858425908E-01
    1.1460000000E+01     4.4954698468E+00     6.1425921503E+00    -6.1005182858E+00     3.0434691918E-01     3.0858425908E-01
    1.1470000000E+01     4.4348508349E+00     6.1454497099E+00    -6.0233251924E+00     2.6723539374E-01     3.0858425908E-01
    1.1480000000E+01     4.3750024654E+00     6.1479382760E+00    -5.9463953340E+00     2.3054920106E-01     3.0858425908E-01
    1.1490000000E+01     4.3159219427E+00     6.1500621305E+00    -5.8697611022E+00     1.9429395760E-01     3.0858425908E-01
    1.1500000000E+01     4.2576061546E+00     6.1518256089E+00    -5.7934534597E+00     1.5847481388E-01     3.0858425908E-01
    1.1510000000E+01     4.2000516862E+00     6.1532330961E+00    -5.7175019616E+00     1.2309646567E-01     3.0858425908E-01
    1.1520000000E+01     4.1432548342E+00     6.1542890217E+00    -5.6419347785E+00     8.8163165335E-02     3.0858425908E-01
    1.1530000000E+01     4.0872116201E+00     6.1549978557E+00    -5.5667787209E+00     5.3678733486E-02     3.0858425908E-01
    1.1540000000E+01     4.0319178043E+00     6.1553641040E+00    -5.4920592645E+00     1.9646570694E-02     3.0858425908E-01
    1.1550000000E+01     3.9773688988E+00     6.1553923047E+00    -5.4178005764E+00    -1.3930330602E-02     3.0858425908E-01
    1.1560000000E+01     3.9235601805E+00     6.1550870236E+00    -5.3440255428E+00    -4.7049374116E-02     3.0858425908E-01
    1.1570000000E+01     3.8704867036E+00     6.1544528508E+00    -5.2707557968E+00    -7.9708347646E-02     3.0858425908E-01
    1.1580000000E+01     3.8181433121E+00     6.1534943964E+00    -5.1980117470E+00    -1.1190541098E-01     3.0858425908E-01
    1.1590000000E+01     3.7665246522E+00     6.1522162873E+00    -5.1258126072E+00    -1.4363908377E-01     3.0858425908E-01
    1.1600000000E+01     3.7156251834E+00     6.1506231632E+00    -5.0541764257E+00    -1.7490823343E-01     3.0858425908E-01
    1.1610000000E+01     3.6654391906E+00     6.1487196737E+00    -4.9831201160E+00    -2.0571206306E-01     3.0858425907E-01
    1.1620000000E+01     3.6159607953E+00     6.1465104746E+00    -4.9126594868E+00    -2.3605009941E-01     3.0858425907E-01
    1.1630000000E+01     3.5671839661E+00     6.1440002249E+00    -4.8428092733E+00    -2.6592218097E-01     3.0858425907E-01
    1.1640000000E+01     3.5191025294E+00     6.1411935837E+00    -4.7735831673E+00    -2.9532844607E-01     3.0858425907E-01
    1.1650000000E+01     3.4717101800E+00     6.1380952073E+00    -4.7049938488E+00    -3.2426932120E-01     3.0858425907E-01
    1.1660000000E+01     3.4250004907E+00     6.1347097463E+00    -4.6370530168E+00    -3.5274550935E-01     3.0858425907E-01
    1.1670000000E+01     3.3789669222E+00     6.1310418429E+00    -4.5697714198E+00    -3.8075797860E-01     3.0858425907E-01
    1.1680000000E+01     3.3336028321E+00     6.1270961284E+00    -4.5031588871E+00    -4.0830795077E-01     3.0858425907E-01
    1.1690000000E+01     3.2889014843E+00     6.1228772206E+00    -4.4372243590E+00    -4.3539689032E-01     3.0858425907E-01
    1.1700000000E+01     3.2448560578E+00     6.1183897217E+00    -4.3719759175E+00    -4.6202649341E-01     3.0858425907E-01
    1.1710000000E+01     3.2014596548E+00     6.1136382155E+00    -4.3074208161E+00    -4.8819867712E-01     3.0858425907E-01
    1.1720000000E+01     3.1587053088E+00     6.1086272658E+00    -4.2435655100E+00    -5.1391556892E-01     3.0858425906E-01
    1.1730000000E+01     3.1165859929E+00     6.1033614140E+00    -4.1804156849E+00    -5.3917949634E-01     3.0858425906E-01
    1.1740000000E+01     3.0750946270E+00     6.0978451774E+00    -4.1179762868E+00    -5.6399297685E-01     3.0858425906E-01
    1.1750000000E+01     3.0342240849E+00     6.0920830470E+00    -4.0562515500E+00    -5.8835870795E-01     3.0858425906E-01
    1.1760000000E+01     2.9939672019E+00     6.0860794862E+00    -3.9952450258E+00    -6.1227955752E-01     3.0858425906E-01
    1.1770000000E+01     2.9543167807E+00     6.0798389287E+00    -3.9349596096E+00    -6.3575855440E-01     3.0858425906E-01
    1.1780000000E+01     2.9152655984E+00     6.0733657774E+00    -3.8753975686E+00    -6.5879887923E-01     3.0858425906E-01
    1.1790000000E+01     2.8768064124E+00     6.0666644023E+00    -3.8165605682E+00    -6.8140385545E-01     3.0858425906E-01
    1.1800000000E+01     2.8389319665E+00     6.0597391399E+00    -3.7584496980E+00    -7.0357694065E-01     3.0858425906E-01
    1.1810000000E+01     2.8016349962E+00     6.0525942912E+00    -3.7010654978E+00    -7.2532171807E-01     3.0858425905E-01
    1.1820000000E+01     2.7649082343E+00     6.0452341209E+00    -3.6444079819E+00    -7.4664188847E-01     3.0858425905E-01
    1.1830000000E+01     2.7287444159E+00     6.0376628561E+00    -3.5884766639E+00    -7.6754126209E-01     3.0858425905E-01
    1.1840000000E+01     2.6931362835E+00     6.0298846853E+00    -3.5332705806E+00    -7.8802375099E-01     3.0858425905E-01
    1.1850000000E+01     2.6580765915E+00     6.0219037573E+00    -3.4787883148E+00    -8.0809336157E-01     3.0858425905E-01
    1.1860000000E+01     2.6235581106E+00     6.0137241807E+00    -3.4250280180E+00    -8.2775418735E-01     3.0858425905E-01
    1.1870000000E+01     2.5895736321E+00     6.0053500223E+00    -3.3719874324E+00    -8.4701040201E-01     3.0858425905E-01
    1.1880000000E+01     2.5561159717E+00     5.9967853072E+00    -3.3196639121E+00    -8.6586625261E-01     3.0858425905E-01
    1.1890000000E+01     2.5231779736E+00     5.9880340174E+00    -3.2680544442E+00    -8.8432605315E-01     3.0858425905E-01
    1.1900000000E+01     2.4907525138E+00     5.9791000917E+00    -3.2171556683E+00    -9.0239417829E-01     3.0858425905E-01
    1.1910000000E+01     2.4588325036E+00     5.9699874247E+00    -3.1669638963E+00    -9.2007505730E-01     3.0858425904E-01
    1.1920000000E+01     2.4274108925E+00     5.9606998664E+00    -3.1174751314E+00    -9.3737316829E-01     3.0858425904E-01
    1.1930000000E+01     2.3964806719E+00     5.9512412221E+00    -3.0686850859E+00    -9.5429303261E-01     3.0858425904E-01
    1.1940000000E+01     2.3660348769E+00     5.9416152514E+00    -3.0205891994E+00    -9.7083920955E-01     3.0858425904E-01
    1.1950000000E+01     2.3360665900E+00     5.9318256682E+00    -2.9731826556E+00    -9.8701629114E-01     3.0858425904E-01
    1.1960000000E+01     2.3065689429E+00     5.9218761405E+00    -2.9264603985E+00    -1.0028288973E+00     3.0858425904E-01
    1.1970000000E+01     2.2775351187E+00     5.9117702897E+00    -2.8804171488E+00    -1.0182816710E+00     3.0858425904E-01
    1.1980000000E+01     2.2489583548E+00     5.9015116910E+00    -2.8350474191E+00    -1.0333792741E+00     3.0858425904E-01
    1.1990000000E+01     2.2208319442E+00     5.8911038726E+00    -2.7903455281E+00    -1.0481263824E+00     3.0858425904E-01
    1.2000000000E+01     2.1931492376E+00     5.8805503160E+00    -2.7463056156E+00    -1.0625276822E+00     3.0858425903E-01
    1.2010000000E+01     2.1659036454E+00     5.8698544560E+00    -2.7029216557E+00    -1.0765878660E+00     3.0858425903E-01
    1.2020000000E+01     2.1390886386E+00     5.8590196801E+00    -2.6601874699E+00    -1.0903116289E+00     3.0858425903E-01
    1.2030000000E+01     2.1126977511E+00     5.8480493291E+00    -2.6180967402E+00    -1.1037036651E+00     3.0858425903E-01
    1.2040000000E+01     2.0867245804E+00     5.8369466969E+00    -2.5766430204E+00    -1.1167686641E+00     3.0858425903E-01
    1.2050000000E+01     2.0611627892E+00     5.8257150304E+00    -2.5358197483E+00    -1.1295113080E+00     3.0858425903E-01
    1.2060000000E+01     2.0360061062E+00     5.8143575297E+00    -2.4956202568E+00    -1.1419362685E+00     3.0858425903E-01
    1.2070000000E+01     2.0112483273E+00     5.8028773484E+00    -2.4560377842E+00    -1.1540482033E+00     3.0858425903E-01
    1.2080000000E+01     1.9868833166E+00     5.7912775936E+00    -2.4170654847E+00    -1.1658517542E+00     3.0858425903E-01
    1.2090000000E+01     1.9629050068E+00     5.7795613259E+00    -2.3786964380E+00    -1.1773515440E+00     3.0858425903E-01
    1.2100000000E+01     1.9393074003E+00     5.7677315599E+00    -2.3409236584E+00    -1.1885521743E+00     3.0858425903E-01
    1.2110000000E+01     1.9160845695E+00     5.7557912643E+00    -2.3037401043E+00    -1.1994582230E+00     3.0858425903E-01
    1.2120000000E+01     1.8932306577E+00     5.7437433622E+00    -2.2671386859E+00    -1.2100742425E+00     3.0858425902E-01
    1.2130000000E+01     1.8707398791E+00     5.7315907311E+00    -2.2311122736E+00    -1.2204047573E+00     3.0858425902E-01
    1.2140000000E+01     1.8486065195E+00     5.7193362037E+00    -2.1956537059E+00    -1.2304542622E+00     3.0858425902E-01
    1.2150000000E+01     1.8268249362E+00     5.7069825677E+00    -2.1607557962E+00    -1.2402272206E+00     3.0858425902E-01
    1.2160000000E+01     1.8053895587E+00     5.6945325663E+00    -2.1264113402E+00    -1.2497280628E+00     3.0858425902E-01
    1.2170000000E+01     1.7842948886E+00     5.6819888988E+00    -2.0926131222E+00    -1.2589611846E+00     3.0858425902E-01
    1.2180000000E+01     1.7635354995E+00     5.6693542205E+00    -2.0593539214E+00    -1.2679309455E+00     3.0858425902E-01
    1.2190000000E+01     1.7431060375E+00     5.6566311434E+00    -2.0266265179E+00    -1.2766416676E+00     3.0858425902E-01
    1.2200000000E+01     1.7230012206E+00     5.6438222363E+00    -1.9944236981E+00    -1.2850976343E+00     3.0858425902E-01
    1.2210000000E+01     1.7032158389E+00     5.6309300257E+00    -1.9627382603E+00    -1.2933030895E+00     3.0858425902E-01
    1.2220000000E+01     1.6837447547E+00     5.6179569956E+00    -1.9315630192E+00    -1.3012622359E+00     3.0858425902E-01
    1.2230000000E+01     1.6645829018E+00     5.6049055882E+00    -1.9008908113E+00    -1.3089792344E+00     3.0858425902E-01
    1.2240000000E+01     1.6457252855E+00     5.5917782043E+00    -1.8707144987E+00    -1.3164582035E+00     3.0858425902E-01
    1.2250000000E+01     1.6271669825E+00     5.5785772039E+00    -1.8410269735E+00    -1.3237032180E+00     3.0858425901E-01
    1.2260000000E+01     1.6089031403E+00     5.5653049064E+00    -1.8118211619E+00    -1.3307183085E+00     3.0858425901E-01
    1.2270000000E+01     1.5909289770E+00     5.5519635909E+00    -1.7830900277E+00    -1.3375074607E+00     3.0858425901E-01
    1.2280000000E+01     1.5732397808E+00     5.5385554971E+00    -1.7548265757E+00    -1.3440746152E+00     3.0858425901E-01
    1.2290000000E+01     1.5558309098E+00     5.5250828256E+00    -1.7270238549E+00    -1.3504236663E+00     3.0858425901E-01
    1.2300000000E+01     1.5386977910E+00     5.5115477380E+00    -1.6996749617E+00    -1.3565584622E+00     3.0858425901E-01
    1.2310000000E+01     1.5218359206E+00     5.4979523578E+00    -1.6727730425E+00    -1.3624828043E+00     3.0858425901E-01
    1.2320000000E+01     1.5052408629E+00     5.4842987709E+00    -1.6463112965E+00    -1.3682004469E+00     3.0858425901E-01
    1.2330000000E+01     1.4889082499E+00     5.4705890255E+00    -1.6202829779E+00    -1.3737150970E+00     3.0858425901E-01
    1.2340000000E+01     1.4728337809E+00     5.4568251334E+00    -1.5946813982E+00    -1.3790304141E+00     3.0858425901E-01
    1.2350000000E+01     1.4570132216E+00     5.4430090696E+00    -1.5694999282E+00    -1.3841500099E+00     3.0858425901E-01
    1.2360000000E+01     1.4414424039E+00     5.4291427737E+00    -1.5447320000E+00    -1.3890774484E+00     3.0858425901E-01
    1.2370000000E+01     1.4261172248E+00     5.4152281495E+00    -1.5203711088E+00    -1.3938162457E+00     3.0858425901E-01
    1.2380000000E+01     1.4110336464E+00     5.4012670660E+00    -1.4964108143E+00    -1.3983698701E+00     3.0858425901E-01
    1.2390000000E+01     1.3961876945E+00     5.3872613579E+00    -1.4728447420E+00    -1.4027417417E+00     3.0858425901E-01
    1.2400000000E+01     1.3815754585E+00     5.3732128258E+00    -1.4496665850E+00    -1.4069352330E+00     3.0858425901E-01
    1.2410000000E+01     1.3671930905E+00     5.3591232368E+00    -1.4268701047E+00    -1.4109536686E+00     3.0858425901E-01
    1.2420000000E+01     1.3530368047E+00     5.3449943250E+00    -1.4044491319E+00    -1.4148003257E+00     3.0858425901E-01
    1.2430000000E+01     1.3391028766E+00     5.3308277921E+00    -1.3823975681E+00    -1.4184784337E+00     3.0858425901E-01
    1.2440000000E+01     1.3253876421E+00     5.3166253075E+00    -1.3607093858E+00    -1.4219911750E+00     3.0858425901E-01
    1.2450000000E+01     1.3118874974E+00     5.3023885093E+00    -1.3393786296E+00    -1.4253416845E+00     3.0858425901E-01
    1.2460000000E+01     1.2985988977E+00     5.2881190043E+00    -1.3183994165E+00    -1.4285330507E+00     3.0858425900E-01
    1.2470000000E+01     1.2855183567E+00     5.2738183686E+00    -1.2977659367E+00    -1.4315683152E+00     3.0858425900E-01
    1.2480000000E+01     1.2726424457E+00     5.2594881483E+00    -1.2774724538E+00    -1.4344504733E+00     3.0858425900E-01
    1.2490000000E+01     1.2599677931E+00     5.2451298597E+00    -1.2575133052E+00    -1.4371824745E+00     3.0858425900E-01
    1.2500000000E+01     1.2474910838E+00     5.2307449897E+00    -1.2378829023E+00    -1.4397672223E+00     3.0858425900E-01
    1.2510000000E+01     1.2352090577E+00     5.2163349966E+00    -1.2185757308E+00    -1.4422075751E+00     3.0858425900E-01
    1.2520000000E+01     1.2231185098E+00     5.2019013101E+00    -1.1995863507E+00    -1.4445063462E+00     3.0858425900E-01
    1.2530000000E+01     1.2112162893E+00     5.1874453323E+00    -1.1809093963E+00    -1.4466663043E+00     3.0858425900E-01
    1.2540000000E+01     1.1994992981E+00     5.1729684377E+00    -1.1625395762E+00    -1.4486901740E+00     3.0858425900E-01
    1.2550000000E+01     1.1879644913E+00     5.1584719735E+00    -1.1444716732E+00    -1.4505806360E+00     3.0858425900E-01
    1.2560000000E+01     1.1766088754E+00     5.1439572608E+00    -1.1267005442E+00    -1.4523403275E+00     3.0858425900E-01
    1.2570000000E+01     1.1654295081E+00     5.1294255942E+00    -1.1092211200E+00    -1.4539718430E+00     3.0858425900E-01
    1.2580000000E+01     1.1544234974E+00     5.1148782427E+00    -1.0920284047E+00    -1.4554777341E+00     3.0858425900E-01
    1.2590000000E+01     1.1435880007E+00     5.1003164499E+00    -1.0751174760E+00    -1.4568605108E+00     3.0858425900E-01
    1.2600000000E+01     1.1329202247E+00     5.0857414347E+00    -1.0584834844E+00    -1.4581226410E+00     3.0858425900E-01
    1.2610000000E+01     1.1224174239E+00     5.0711543912E+00    -1.0421216529E+00    -1.4592665517E+00     3.0858425900E-01
    1.2620000000E+01     1.1120769002E+00     5.0565564897E+00    -1.0260272765E+00    -1.4602946292E+00     3.0858425900E-01
    1.2630000000E+01     1.1018960023E+00     5.0419488769E+00    -1.0101957219E+00    -1.4612092196E+00     3.0858425900E-01
    1.2640000000E+01     1.0918721249E+00     5.0273326759E+00    -9.9462242715E-01    -1.4620126292E+00     3.0858425900E-01
    1.2650000000E+01     1.0820027078E+00     5.0127089873E+00    -9.7930290054E-01    -1.4627071251E+00     3.0858425900E-01
    1.2660000000E+01     1.0722852357E+00     4.9980788890E+00    -9.6423272057E-01    -1.4632949357E+00     3.0858425900E-01
    1.2670000000E+01     1.0627172368E+00     4.9834434369E+00    -9.4940753513E-01    -1.4637782509E+00     3.0858425900E-01
    1.2680000000E+01     1.0532962826E+00     4.9688036652E+00    -9.3482306097E-01    -1.4641592231E+00     3.0858425900E-01
    1.2690000000E+01     1.0440199873E+00     4.9541605866E+00    -9.2047508300E-01    -1.4644399674E+00     3.0858425900E-01
    1.2700000000E+01     1.0348860065E+00     4.9395151930E+00    -9.0635945368E-01    -1.4646225620E+00     3.0858425900E-01
    1.2710000000E+01     1.0258920373E+00     4.9248684557E+00    -8.9247209234E-01    -1.4647090489E+00     3.0858425900E-01
    1.2720000000E+01     1.0170358171E+00     4.9102213257E+00    -8.7880898446E-01    -1.4647014344E+00     3.0858425900E-01
    1.2730000000E+01     1.0083151233E+00     4.8955747341E+00    -8.6536618099E-01    -1.4646016895E+00     3.0858425900E-01
    1.2740000000E+01     9.9972777213E-01     4.8809295925E+00    -8.5213979763E-01    -1.4644117503E+00     3.0858425900E-01
    1.2750000000E+01     9.9127161866E-01     4.8662867934E+00    -8.3912601409E-01    -1.4641335187E+00     3.0858425900E-01
    1.2760000000E+01     9.8294455571E-01     4.8516472102E+00    -8.2632107332E-01    -1.4637688629E+00     3.0858425900E-01
    1.2770000000E+01     9.7474451337E-01     4.8370116981E+00    -8.1372128082E-01    -1.4633196178E+00     3.0858425900E-01
    1.2780000000E+01     9.6666945838E-01     4.8223810938E+00    -8.0132300381E-01    -1.4627875855E+00     3.0858425900E-01
    1.2790000000E+01     9.5871739349E-01     4.8077562164E+00    -7.8912267050E-01    -1.4621745357E+00     3.0858425900E-01
    1.2800000000E+01     9.5088635687E-01     4.7931378674E+00    -7.7711676931E-01    -1.4614822065E+00     3.0858425900E-01
    1.2810000000E+01     9.4317442151E-01     4.7785268309E+00    -7.6530184809E-01    -1.4607123044E+00     3.0858425900E-01
    1.2820000000E+01     9.3557969463E-01     4.7639238743E+00    -7.5367451331E-01    -1.4598665054E+00     3.0858425900E-01
    1.2830000000E+01     9.2810031708E-01     4.7493297483E+00    -7.4223142932E-01    -1.4589464548E+00     3.0858425900E-01
    1.2840000000E+01     9.2073446281E-01     4.7347451873E+00    -7.3096931753E-01    -1.4579537683E+00     3.0858425900E-01
    1.2850000000E+01     9.1348033824E-01     4.7201709097E+00    -7.1988495560E-01    -1.4568900320E+00     3.0858425900E-01
    1.2860000000E+01     9.0633618176E-01     4.7056076183E+00    -7.0897517671E-01    -1.4557568031E+00     3.0858425900E-01
    1.2870000000E+01     8.9930026314E-01     4.6910560002E+00    -6.9823686870E-01    -1.4545556105E+00     3.0858425900E-01
    1.2880000000E+01     8.9237088302E-01     4.6765167276E+00    -6.8766697334E-01    -1.4532879549E+00     3.0858425900E-01
    1.2890000000E+01     8.8554637232E-01     4.6619904577E+00    -6.7726248550E-01    -1.4519553093E+00     3.0858425900E-01
    1.2900000000E+01     8.7882509180E-01     4.6474778332E+00    -6.6702045239E-01    -1.4505591199E+00     3.0858425900E-01
    1.2910000000E+01     8.7220543144E-01     4.6329794824E+00    -6.5693797274E-01    -1.4491008061E+00     3.0858425900E-01
    1.2920000000E+01     8.6568581000E-01     4.6184960195E+00    -6.4701219606E-01    -1.4475817610E+00     3.0858425900E-01
    1.2930000000E+01     8.5926467451E-01     4.6040280451E+00    -6.3724032187E-01    -1.4460033521E+00     3.0858425900E-01
    1.2940000000E+01     8.5294049973E-01     4.5895761459E+00    -6.2761959887E-01    -1.4443669212E+00     3.0858425900E-01
    1.2950000000E+01     8.4671178771E-01     4.5751408957E+00    -6.1814732423E-01    -1.4426737856E+00     3.0858425900E-01
    1.2960000000E+01     8.4057706728E-01     4.5607228549E+00    -6.0882084281E-01    -1.4409252378E+00     3.0858425900E-01
    1.2970000000E+01     8.3453489358E-01     4.5463225714E+00    -5.9963754637E-01    -1.4391225462E+00     3.0858425900E-01
    1.2980000000E+01     8.2858384761E-01     4.5319405803E+00    -5.9059487289E-01    -1.4372669558E+00     3.0858425900E-01
    1.2990000000E+01     8.2272253577E-01     4.5175774045E+00    -5.8169030576E-01    -1.4353596880E+00     3.0858425900E-01
    1.3000000000E+01     8.1694958939E-01     4.5032335548E+00    -5.7292137307E-01    -1.4334019416E+00     3.0858425900E-01
    1.3010000000E+01     8.1126366429E-01     4.4889095300E+00    -5.6428564688E-01    -1.4313948926E+00     3.0858425900E-01
    1.3020000000E+01     8.0566344038E-01     4.4746058174E+00    -5.5578074247E-01    -1.4293396953E+00     3.0858425900E-01
    1.3030000000E+01     8.0014762118E-01     4.4603228928E+00    -5.4740431766E-01    -1.4272374819E+00     3.0858425900E-01
    1.3040000000E+01     7.9471493343E-01     4.4460612208E+00    -5.3915407208E-01    -1.4250893636E+00     3.0858425900E-01
    1.3050000000E+01     7.8936412668E-01     4.4318212549E+00    -5.3102774645E-01    -1.4228964305E+00     3.0858425900E-01
    1.3060000000E+01     7.8409397284E-01     4.4176034380E+00    -5.2302312193E-01    -1.4206597522E+00     3.0858425900E-01
    1.3070000000E+01     7.7890326584E-01     4.4034082022E+00    -5.1513801939E-01    -1.4183803779E+00     3.0858425900E-01
    1.3080000000E+01     7.7379082118E-01     4.3892359693E+00    -5.0737029873E-01    -1.4160593372E+00     3.0858425900E-01
    1.3090000000E+01     7.6875547560E-01     4.3750871510E+00    -4.9971785826E-01    -1.4136976400E+00     3.0858425900E-01
    1.3100000000E+01     7.6379608663E-01     4.3609621488E+00    -4.9217863397E-01    -1.4112962772E+00     3.0858425900E-01
    1.3110000000E+01     7.5891153229E-01     4.3468613544E+00    -4.8475059894E-01    -1.4088562207E+00     3.0858425900E-01
    1.3120000000E+01     7.5410071066E-01     4.3327851501E+00    -4.7743176262E-01    -1.4063784240E+00     3.0858425900E-01
    1.3130000000E+01     7.4936253956E-01     4.3187339086E+00    -4.7022017027E-01    -1.4038638225E+00     3.0858425900E-01
    1.3140000000E+01     7.4469595618E-01     4.3047079933E+00    -4.6311390226E-01    -1.4013133338E+00     3.0858425900E-01
    1.3150000000E+01     7.4009991672E-01     4.2907077586E+00    -4.5611107352E-01    -1.3987278579E+00     3.0858425900E-01
    1.3160000000E+01     7.3557339609E-01     4.2767335498E+00    -4.4920983287E-01    -1.3961082778E+00     3.0858425900E-01
    1.3170000000E+01     7.3111538750E-01     4.2627857038E+00    -4.4240836242E-01    -1.3934554594E+00     3.0858425900E-01
    1.3180000000E+01     7.2672490222E-01     4.2488645486E+00    -4.3570487701E-01    -1.3907702521E+00     3.0858425900E-01
    1.3190000000E+01     7.2240096919E-01     4.2349704039E+00    -4.2909762361E-01    -1.3880534891E+00     3.0858425900E-01
    1.3200000000E+01     7.1814263472E-01     4.2211035813E+00    -4.2258488072E-01    -1.3853059878E+00     3.0858425900E-01
    1.3210000000E+01     7.1394896218E-01     4.2072643840E+00    -4.1616495783E-01    -1.3825285495E+00     3.0858425900E-01
    1.3220000000E+01     7.0981903170E-01     4.1934531075E+00    -4.0983619482E-01    -1.3797219606E+00     3.0858425900E-01
    1.3230000000E+01     7.0575193986E-01     4.1796700394E+00    -4.0359696145E-01    -1.3768869919E+00     3.0858425900E-01
    1.3240000000E+01     7.0174679938E-01     4.1659154597E+00    -3.9744565681E-01    -1.3740243998E+00     3.0858425900E-01
    1.3250000000E+01     6.9780273887E-01     4.1521896410E+00    -3.9138070875E-01    -1.3711349260E+00     3.0858425900E-01
    1.3260000000E+01     6.9391890250E-01     4.1384928484E+00    -3.8540057338E-01    -1.3682192978E+00     3.0858425900E-01
    1.3270000000E+01     6.9009444975E-01     4.1248253398E+00    -3.7950373455E-01    -1.3652782286E+00     3.0858425900E-01
    1.3280000000E+01     6.8632855512E-01     4.1111873663E+00    -3.7368870333E-01    -1.3623124180E+00     3.0858425900E-01
    1.3290000000E+01     6.8262040787E-01     4.0975791716E+00    -3.6795401751E-01    -1.3593225521E+00     3.0858425900E-01
    1.3300000000E+01     6.7896921174E-01     4.0840009931E+00    -3.6229824111E-01    -1.3563093038E+00     3.0858425900E-01
    1.3310000000E+01     6.7537418472E-01     4.0704530613E+00    -3.5671996389E-01    -1.3532733328E+00     3.0858425900E-01
    1.3320000000E+01     6.7183455875E-01     4.0569356001E+00    -3.5121780088E-01    -1.3502152862E+00     3.0858425900E-01
    1.3330000000E+01     6.6834957952E-01     4.0434488270E+00    -3.4579039188E-01    -1.3471357985E+00     3.0858425900E-01
    1.3340000000E+01     6.6491850619E-01     4.0299929535E+00    -3.4043640103E-01    -1.3440354919E+00     3.0858425900E-01
    1.3350000000E+01     6.6154061115E-01     4.0165681846E+00    -3.3515451635E-01    -1.3409149767E+00     3.0858425900E-01
    1.3360000000E+01     6.5821517980E-01     4.0031747193E+00    -3.2994344929E-01    -1.3377748510E+00     3.0858425900E-01
    1.3370000000E+01     6.5494151032E-01     3.9898127510E+00    -3.2480193425E-01    -1.3346157015E+00     3.0858425900E-01
    1.3380000000E+01     6.5171891342E-01     3.9764824668E+00    -3.1972872824E-01    -1.3314381035E+00     3.0858425900E-01
    1.3390000000E+01     6.4854671214E-01     3.9631840485E+00    -3.1472261035E-01    -1.3282426210E+00     3.0858425900E-01
    1.3400000000E+01     6.4542424159E-01     3.9499176722E+00    -3.0978238141E-01    -1.3250298071E+00     3.0858425900E-01
    1.3410000000E+01     6.4235084881E-01     3.9366835083E+00    -3.0490686353E-01    -1.3218002040E+00     3.0858425900E-01
    1.3420000000E+01     6.3932589247E-01     3.9234817223E+00    -3.0009489975E-01    -1.3185543435E+00     3.0858425900E-01
    1.3430000000E+01     6.3634874275E-01     3.9103124739E+00    -2.9534535359E-01    -1.3152927469E+00     3.0858425900E-01
    1.3440000000E+01     6.3341878107E-01     3.8971759181E+00    -2.9065710868E-01    -1.3120159253E+00     3.0858425900E-01
    1.3450000000E+01     6.3053539990E-01     3.8840722045E+00    -2.8602906839E-01    -1.3087243797E+00     3.0858425900E-01
    1.3460000000E+01     6.2769800261E-01     3.8710014779E+00    -2.8146015544E-01    -1.3054186016E+00     3.0858425900E-01
    1.3470000000E+01     6.2490600323E-01     3.8579638783E+00    -2.7694931156E-01    -1.3020990725E+00     3.0858425900E-01
    1.3480000000E+01     6.2215882628E-01     3.8449595407E+00    -2.7249549707E-01    -1.2987662648E+00     3.0858425900E-01
    1.3490000000E+01     6.1945590660E-01     3.8319885957E+00    -2.6809769059E-01    -1.2954206413E+00     3.0858425900E-01
    1.3500000000E+01     6.1679668912E-01     3.8190511691E+00    -2.6375488864E-01    -1.2920626560E+00     3.0858425900E-01
    1.3510000000E+01     6.1418062876E-01     3.8061473823E+00    -2.5946610533E-01    -1.2886927537E+00     3.0858425900E-01
    1.3520000000E+01     6.1160719019E-01     3.7932773523E+00    -2.5523037201E-01    -1.2853113706E+00     3.0858425900E-01
    1.3530000000E+01     6.0907584766E-01     3.7804411917E+00    -2.5104673693E-01    -1.2819189344E+00     3.0858425900E-01
    1.3540000000E+01     6.0658608490E-01     3.7676390091E+00    -2.4691426494E-01    -1.2785158640E+00     3.0858425900E-01
    1.3550000000E+01     6.0413739489E-01     3.7548709085E+00    -2.4283203715E-01    -1.2751025705E+00     3.0858425900E-01
    1.3560000000E+01     6.0172927969E-01     3.7421369904E+00    -2.3879915063E-01    -1.2716794566E+00     3.0858425900E-01
    1.3570000000E+01     5.9936125036E-01     3.7294373508E+00    -2.3481471810E-01    -1.2682469170E+00     3.0858425900E-01
    1.3580000000E+01     5.9703282673E-01     3.7167720822E+00    -2.3087786761E-01    -1.2648053386E+00     3.0858425900E-01
    1.3590000000E+01     5.9474353726E-01     3.7041412729E+00    -2.2698774228E-01    -1.2613551008E+00     3.0858425900E-01
    1.3600000000E+01     5.9249291894E-01     3.6915450078E+00    -2.2314349999E-01    -1.2578965754E+00     3.0858425900E-01
    1.3610000000E+01     5.9028051708E-01     3.6789833678E+00    -2.1934431308E-01    -1.2544301267E+00     3.0858425900E-01
    1.3620000000E+01     5.8810588520E-01     3.6664564305E+00    -2.1558936812E-01    -1.2509561117E+00     3.0858425900E-01
    1.3630000000E+01     5.8596858491E-01     3.6539642696E+00    -2.1187786555E-01    -1.2474748806E+00     3.0858425900E-01
    1.3640000000E+01     5.8386818571E-01     3.6415069558E+00    -2.0820901952E-01    -1.2439867764E+00     3.0858425900E-01
    1.3650000000E+01     5.8180426491E-01     3.6290845559E+00    -2.0458205753E-01    -1.2404921351E+00     3.0858425900E-01
    1.3660000000E+01     5.7977640747E-01     3.6166971338E+00    -2.0099622023E-01    -1.2369912864E+00     3.0858425900E-01
    1.3670000000E+01     5.7778420591E-01     3.6043447498E+00    -1.9745076113E-01    -1.2334845530E+00     3.0858425900E-01
    1.3680000000E+01     5.7582726010E-01     3.5920274613E+00    -1.9394494638E-01    -1.2299722514E+00     3.0858425900E-01
    1.3690000000E+01     5.7390517724E-01     3.5797453223E+00    -1.9047805450E-01    -1.2264546915E+00     3.0858425900E-01
    1.3700000000E+01     5.7201757164E-01     3.5674983839E+00    -1.8704937616E-01    -1.2229321773E+00     3.0858425900E-01
    1.3710000000E+01     5.7016406466E-01     3.5552866943E+00    -1.8365821393E-01    -1.2194050064E+00     3.0858425900E-01
    1.3720000000E+01     5.6834428459E-01     3.5431102984E+00    -1.8030388205E-01    -1.2158734706E+00     3.0858425900E-01
    1.3730000000E+01     5.6655786650E-01     3.5309692384E+00    -1.7698570621E-01    -1.2123378555E+00     3.0858425900E-01
    1.3740000000E+01     5.6480445216E-01     3.5188635539E+00    -1.7370302334E-01    -1.2087984414E+00     3.0858425900E-01
    1.3750000000E+01     5.6308368990E-01     3.5067932814E+00    -1.7045518134E-01    -1.2052555025E+00     3.0858425900E-01
    1.3760000000E+01     5.6139523453E-01     3.4947584547E+00    -1.6724153894E-01    -1.2017093077E+00     3.0858425900E-01
    1.3770000000E+01     5.5973874723E-01     3.4827591052E+00    -1.6406146542E-01    -1.1981601202E+00     3.0858425900E-01
    1.3780000000E+01     5.5811389540E-01     3.4707952614E+00    -1.6091434045E-01    -1.1946081982E+00     3.0858425900E-01
    1.3790000000E+01     5.5652035262E-01     3.4588669495E+00    -1.5779955388E-01    -1.1910537944E+00     3.0858425900E-01
    1.3800000000E+01     5.5495779853E-01     3.4469741930E+00    -1.5471650551E-01    -1.1874971562E+00     3.0858425900E-01
    1.3810000000E+01     5.5342591869E-01     3.4351170130E+00    -1.5166460493E-01    -1.1839385263E+00     3.0858425900E-01
    1.3820000000E+01     5.5192440454E-01     3.4232954283E+00    -1.4864327134E-01    -1.1803781422E+00     3.0858425900E-01
    1.3830000000E+01     5.5045295328E-01     3.4115094552E+00    -1.4565193330E-01    -1.1768162366E+00     3.0858425900E-01
    1.3840000000E+01     5.4901126776E-01     3.3997591079E+00    -1.4269002862E-01    -1.1732530374E+00     3.0858425900E-01
    1.3850000000E+01     5.4759905644E-01     3.3880443981E+00    -1.3975700414E-01    -1.1696887677E+00     3.0858425900E-01
    1.3860000000E+01     5.4621603323E-01     3.3763653354E+00    -1.3685231553E-01    -1.1661236461E+00     3.0858425900E-01
    1.3870000000E+01     5.4486191746E-01     3.3647219273E+00    -1.3397542720E-01    -1.1625578868E+00     3.0858425900E-01
    1.3880000000E+01     5.4353643378E-01     3.3531141791E+00    -1.3112581202E-01    -1.1589916993E+00     3.0858425900E-01
    1.3890000000E+01     5.4223931204E-01     3.3415420940E+00    -1.2830295124E-01    -1.1554252890E+00     3.0858425900E-01
    1.3900000000E+01     5.4097028727E-01     3.3300056733E+00    -1.2550633429E-01    -1.1518588568E+00     3.0858425900E-01
    1.3910000000E+01     5.3972909955E-01     3.3185049163E+00    -1.2273545862E-01    -1.1482925995E+00     3.0858425900E-01
    1.3920000000E+01     5.3851549394E-01     3.3070398201E+00    -1.1998982955E-01    -1.1447267098E+00     3.0858425900E-01
    1.3930000000E+01     5.3732922043E-01     3.2956103802E+00    -1.1726896011E-01    -1.1411613765E+00     3.0858425900E-01
    1.3940000000E+01     5.3617003381E-01     3.2842165901E+00    -1.1457237088E-01    -1.1375967840E+00     3.0858425900E-01
    1.3950000000E+01     5.3503769365E-01     3.2728584415E+00    -1.1189958986E-01    -1.1340331134E+00     3.0858425900E-01
    1.3960000000E+01     5.3393196420E-01     3.2615359242E+00    -1.0925015231E-01    -1.1304705414E+00     3.0858425900E-01
    1.3970000000E+01     5.3285261432E-01     3.2502490264E+00    -1.0662360062E-01    -1.1269092415E+00     3.0858425900E-01
    1.3980000000E+01     5.3179941741E-01     3.2389977346E+00    -1.0401948414E-01    -1.1233493830E+00     3.0858425900E-01
    1.3990000000E+01     5.3077215133E-01     3.2277820334E+00    -1.0143735909E-01    -1.1197911320E+00     3.0858425900E-01
    1.4000000000E+01     5.2977059838E-01     3.2166019060E+00    -9.8876788384E-02    -1.1162346508E+00     3.0858425900E-01
    1.4010000000E+01     5.2879454515E-01     3.2054573340E+00    -9.6337341498E-02    -1.1126800983E+00     3.0858425900E-01
    1.4020000000E+01     5.2784378255E-01     3.1943482971E+00    -9.3818594367E-02    -1.1091276301E+00     3.0858425900E-01
    1.4030000000E+01     5.2691810566E-01     3.1832747739E+00    -9.1320129237E-02    -1.1055773982E+00     3.0858425900E-01
    1.4040000000E+01     5.2601731373E-01     3.1722367412E+00    -8.8841534545E-02    -1.1020295516E+00     3.0858425900E-01
    1.4050000000E+01     5.2514121009E-01     3.1612341744E+00    -8.6382404796E-02    -1.0984842358E+00     3.0858425900E-01
    1.4060000000E+01     5.2428960208E-01     3.1502670476E+00    -8.3942340439E-02    -1.0949415933E+00     3.0858425900E-01
    1.4070000000E+01     5.2346230104E-01     3.1393353332E+00    -8.1520947755E-02    -1.0914017636E+00     3.0858425900E-01
    1.4080000000E+01     5.2265912218E-01     3.1284390025E+00    -7.9117838732E-02    -1.0878648827E+00     3.0858425900E-01
    1.4090000000E+01     5.2187988459E-01     3.1175780253E+00    -7.6732630961E-02    -1.0843310841E+00     3.0858425900E-01
    1.4100000000E+01     5.2112441115E-01     3.1067523701E+00    -7.4364947513E-02    -1.0808004981E+00     3.0858425900E-01
    1.4110000000E+01     5.2039252847E-01     3.0959620042E+00    -7.2014416840E-02    -1.0772732521E+00     3.0858425900E-01
    1.4120000000E+01     5.1968406686E-01     3.0852068935E+00    -6.9680672659E-02    -1.0737494708E+00     3.0858425900E-01
    1.4130000000E+01     5.1899886026E-01     3.0744870028E+00    -6.7363353848E-02    -1.0702292761E+00     3.0858425900E-01
    1.4140000000E+01     5.1833674622E-01     3.0638022956E+00    -6.5062104346E-02    -1.0667127869E+00     3.0858425900E-01
    1.4150000000E+01     5.1769756578E-01     3.0531527343E+00    -6.2776573046E-02    -1.0632001199E+00     3.0858425900E-01
    1.4160000000E+01     5.1708116352E-01     3.0425382801E+00    -6.0506413698E-02    -1.0596913886E+00     3.0858425900E-01
    1.4170000000E+01     5.1648738741E-01     3.0319588930E+00    -5.8251284811E-02    -1.0561867045E+00     3.0858425900E-01
    1.4180000000E+01     5.1591608884E-01     3.0214145322E+00    -5.6010849554E-02    -1.0526861760E+00     3.0858425900E-01
    1.4190000000E+01     5.1536712255E-01     3.0109051553E+00    -5.3784775662E-02    -1.0491899095E+00     3.0858425900E-01
    1.4200000000E+01     5.1484034655E-01     3.0004307194E+00    -5.1572735347E-02    -1.0456980086E+00     3.0858425900E-01
    1.4210000000E+01     5.1433562214E-01     2.9899911803E+00    -4.9374405203E-02    -1.0422105747E+00     3.0858425900E-01
    1.4220000000E+01     5.1385281381E-01     2.9795864927E+00    -4.7189466114E-02    -1.0387277068E+00     3.0858425900E-01
    1.4230000000E+01     5.1339178923E-01     2.9692166106E+00    -4.5017603174E-02    -1.0352495014E+00     3.0858425900E-01
    1.4240000000E+01     5.1295241919E-01     2.9588814868E+00    -4.2858505594E-02    -1.0317760530E+00     3.0858425900E-01
    1.4250000000E+01     5.1253457759E-01     2.9485810734E+00    -4.0711866620E-02    -1.0283074539E+00     3.0858425900E-01
    1.4260000000E+01     5.1213814134E-01     2.9383153213E+00    -3.8577383449E-02    -1.0248437938E+00     3.0858425900E-01
    1.4270000000E+01     5.1176299040E-01     2.9280841807E+00    -3.6454757148E-02    -1.0213851606E+00     3.0858425900E-01
    1.4280000000E+01     5.1140900766E-01     2.9178876010E+00    -3.4343692574E-02    -1.0179316402E+00     3.0858425900E-01
    1.4290000000E+01     5.1107607898E-01     2.9077255306E+00    -3.2243898294E-02    -1.0144833159E+00     3.0858425900E-01
    1.4300000000E+01     5.1076409309E-01     2.8975979171E+00    -3.0155086509E-02    -1.0110402696E+00     3.0858425900E-01
    1.4310000000E+01     5.1047294159E-01     2.8875047073E+00    -2.8076972977E-02    -1.0076025808E+00     3.0858425900E-01
    1.4320000000E+01     5.1020251890E-01     2.8774458474E+00    -2.6009276941E-02    -1.0041703270E+00     3.0858425900E-01
    1.4330000000E+01     5.0995272225E-01     2.8674212824E+00    -2.3951721052E-02    -1.0007435841E+00     3.0858425900E-01
    1.4340000000E+01     5.0972345160E-01     2.8574309571E+00    -2.1904031299E-02    -9.9732242582E-01     3.0858425900E-01
    1.4350000000E+01     5.0951460964E-01     2.8474748151E+00    -1.9865936939E-02    -9.9390692414E-01     3.0858425900E-01
    1.4360000000E+01     5.0932610176E-01     2.8375527995E+00    -1.7837170428E-02    -9.9049714921E-01     3.0858425900E-01
    1.4370000000E+01     5.0915783602E-01     2.8276648528E+00    -1.5817467348E-02    -9.8709316936E-01     3.0858425900E-01
    1.4380000000E+01     5.0900972308E-01     2.8178109166E+00    -1.3806566347E-02    -9.8369505120E-01     3.0858425900E-01
    1.4390000000E+01     5.0888167621E-01     2.8079909320E+00    -1.1804209070E-02    -9.8030285957E-01     3.0858425900E-01
    1.4400000000E+01     5.0877361127E-01     2.7982048394E+00    -9.8101400926E-03    -9.7691665765E-01     3.0858425900E-01
    1.4410000000E+01     5.0868544663E-01     2.7884525787E+00    -7.8241068605E-03    -9.7353650693E-01     3.0858425900E-01
    1.4420000000E+01     5.0861710318E-01     2.7787340889E+00    -5.8458596254E-03    -9.7016246728E-01     3.0858425900E-01
    1.4430000000E+01     5.0856850430E-01     2.7690493088E+00    -3.8751513842E-03    -9.6679459697E-01     3.0858425900E-01
    1.4440000000E+01     5.0853957583E-01     2.7593981762E+00    -1.9117378187E-03    -9.6343295268E-01     3.0858425900E-01
    1.4450000000E+01     5.0853024604E-01     2.7497806288E+00     4.4622763846E-05    -9.6007758954E-01     3.0858425900E-01
    1.4460000000E+01     5.0854044558E-01     2.7401966033E+00     1.9941694885E-03    -9.5672856116E-01     3.0858425900E-01
    1.4470000000E+01     5.0857010750E-01     2.7306460362E+00     3.9371389702E-03    -9.5338591968E-01     3.0858425900E-01
    1.4480000000E+01     5.0861916721E-01     2.7211288635E+00     5.8737653700E-03    -9.5004971574E-01     3.0858425900E-01
    1.4490000000E+01     5.0868756244E-01     2.7116450203E+00     7.8042804501E-03    -9.4671999857E-01     3.0858425900E-01
    1.4500000000E+01     5.0877523322E-01     2.7021944417E+00     9.7289136285E-03    -9.4339681595E-01     3.0858425900E-01
    1.4510000000E+01     5.0888212186E-01     2.6927770621E+00     1.1647892032E-02    -9.4008021432E-01     3.0858425900E-01
    1.4520000000E+01     5.0900817296E-01     2.6833928153E+00     1.3561440550E-02    -9.3677023871E-01     3.0858425900E-01
    1.4530000000E+01     5.0915333332E-01     2.6740416350E+00     1.5469781883E-02    -9.3346693283E-01     3.0858425900E-01
    1.4540000000E+01     5.0931755197E-01     2.6647234543E+00     1.7373136599E-02    -9.3017033908E-01     3.0858425900E-01
    1.4550000000E+01     5.0950078015E-01     2.6554382058E+00     1.9271723176E-02    -9.2688049855E-01     3.0858425900E-01
    1.4560000000E+01     5.0970297126E-01     2.6461858217E+00     2.1165758059E-02    -9.2359745109E-01     3.0858425900E-01
    1.4570000000E+01     5.0992408086E-01     2.6369662340E+00     2.3055455701E-02    -9.2032123527E-01     3.0858425900E-01
    1.4580000000E+01     5.1016406663E-01     2.6277793741E+00     2.4941028618E-02    -9.1705188846E-01     3.0858425900E-01
    1.4590000000E+01     5.1042288838E-01     2.6186251732E+00     2.6822687427E-02    -9.1378944682E-01     3.0858425900E-01
    1.4600000000E+01     5.1070050803E-01     2.6095035620E+00     2.8700640902E-02    -9.1053394532E-01     3.0858425900E-01
    1.4610000000E+01     5.1099688954E-01     2.6004144710E+00     3.0575096011E-02    -9.0728541779E-01     3.0858425900E-01
    1.4620000000E+01     5.1131199897E-01     2.5913578303E+00     3.2446257964E-02    -9.0404389689E-01     3.0858425900E-01
    1.4630000000E+01     5.1164580440E-01     2.5823335696E+00     3.4314330256E-02    -9.0080941420E-01     3.0858425900E-01
    1.4640000000E+01     5.1199827595E-01     2.5733416185E+00     3.6179514713E-02    -8.9758200017E-01     3.0858425900E-01
    1.4650000000E+01     5.1236938574E-01     2.5643819060E+00     3.8042011530E-02    -8.9436168419E-01     3.0858425900E-01
    1.4660000000E+01     5.1275910788E-01     2.5554543610E+00     3.9902019315E-02    -8.9114849457E-01     3.0858425900E-01
    1.4670000000E+01     5.1316741848E-01     2.5465589122E+00     4.1759735131E-02    -8.8794245859E-01     3.0858425900E-01
    1.4680000000E+01     5.1359429560E-01     2.5376954879E+00     4.3615354535E-02    -8.8474360251E-01     3.0858425900E-01
    1.4690000000E+01     5.1403971923E-01     2.5288640162E+00     4.5469071619E-02    -8.8155195158E-01     3.0858425900E-01
    1.4700000000E+01     5.1450367133E-01     2.5200644248E+00     4.7321079048E-02    -8.7836753006E-01     3.0858425900E-01
    1.4710000000E+01     5.1498613575E-01     2.5112966414E+00     4.9171568099E-02    -8.7519036124E-01     3.0858425900E-01
    1.4720000000E+01     5.1548709827E-01     2.5025605933E+00     5.1020728701E-02    -8.7202046748E-01     3.0858425900E-01
    1.4730000000E+01     5.1600654653E-01     2.4938562077E+00     5.2868749470E-02    -8.6885787016E-01     3.0858425900E-01
    1.4740000000E+01     5.1654447008E-01     2.4851834115E+00     5.4715817747E-02    -8.6570258977E-01     3.0858425900E-01
    1.4750000000E+01     5.1710086033E-01     2.4765421315E+00     5.6562119635E-02    -8.6255464590E-01     3.0858425900E-01
    1.4760000000E+01     5.1767571053E-01     2.4679322941E+00     5.8407840033E-02    -8.5941405724E-01     3.0858425900E-01
    1.4770000000E+01     5.1826901580E-01     2.4593538257E+00     6.0253162673E-02    -8.5628084162E-01     3.0858425900E-01
    1.4780000000E+01     5.1888077307E-01     2.4508066526E+00     6.2098270156E-02    -8.5315501599E-01     3.0858425900E-01
    1.4790000000E+01     5.1951098109E-01     2.4422907007E+00     6.3943343982E-02    -8.5003659649E-01     3.0858425900E-01
    1.4800000000E+01     5.2015964044E-01     2.4338058959E+00     6.5788564590E-02    -8.4692559840E-01     3.0858425900E-01
    1.4810000000E+01     5.2082675347E-01     2.4253521640E+00     6.7634111384E-02    -8.4382203623E-01     3.0858425900E-01
    1.4820000000E+01     5.2151232435E-01     2.4169294304E+00     6.9480162772E-02    -8.4072592365E-01     3.0858425900E-01
    1.4830000000E+01     5.2221635900E-01     2.4085376206E+00     7.1326896197E-02    -8.3763727357E-01     3.0858425900E-01
    1.4840000000E+01     5.2293886513E-01     2.4001766600E+00     7.3174488167E-02    -8.3455609813E-01     3.0858425900E-01
    1.4850000000E+01     5.2367985221E-01     2.3918464737E+00     7.5023114287E-02    -8.3148240870E-01     3.0858425900E-01
    1.4860000000E+01     5.2443933145E-01     2.3835469868E+00     7.6872949292E-02    -8.2841621591E-01     3.0858425900E-01
    1.4870000000E+01     5.2521731581E-01     2.3752781244E+00     7.8724167077E-02    -8.2535752967E-01     3.0858425900E-01
    1.4880000000E+01     5.2601381998E-01     2.3670398112E+00     8.0576940726E-02    -8.2230635916E-01     3.0858425900E-01
    1.4890000000E+01     5.2682886038E-01     2.3588319721E+00     8.2431442541E-02    -8.1926271287E-01     3.0858425900E-01
    1.4900000000E+01     5.2766245516E-01     2.3506545318E+00     8.4287844077E-02    -8.1622659858E-01     3.0858425900E-01
    1.4910000000E+01     5.2851462417E-01     2.3425074150E+00     8.6146316164E-02    -8.1319802340E-01     3.0858425900E-01
    1.4920000000E+01     5.2938538895E-01     2.3343905462E+00     8.8007028939E-02    -8.1017699376E-01     3.0858425900E-01
    1.4930000000E+01     5.3027477278E-01     2.3263038500E+00     8.9870151876E-02    -8.0716351544E-01     3.0858425900E-01
    1.4940000000E+01     5.3118280059E-01     2.3182472507E+00     9.1735853811E-02    -8.0415759358E-01     3.0858425900E-01
    1.4950000000E+01     5.3210949901E-01     2.3102206729E+00     9.3604302971E-02    -8.0115923267E-01     3.0858425900E-01
    1.4960000000E+01     5.3305489636E-01     2.3022240408E+00     9.5475667001E-02    -7.9816843659E-01     3.0858425900E-01
    1.4970000000E+01     5.3401902263E-01     2.2942572789E+00     9.7350112991E-02    -7.9518520860E-01     3.0858425900E-01
    1.4980000000E+01     5.3500190945E-01     2.2863203114E+00     9.9227807503E-02    -7.9220955135E-01     3.0858425900E-01
    1.4990000000E+01     5.3600359016E-01     2.2784130627E+00     1.0110891660E-01    -7.8924146692E-01     3.0858425900E-01
    1.5000000000E+01     5.3702409972E-01     2.2705354568E+00     1.0299360585E-01    -7.8628095678E-01     3.0858425900E-01
    1.5010000000E+01     5.3806347476E-01     2.2626874183E+00     1.0488204041E-01    -7.8332802185E-01     3.0858425900E-01
    1.5020000000E+01     5.3912175356E-01     2.2548688712E+00     1.0677438497E-01    -7.8038266248E-01     3.0858425900E-01
    1.5030000000E+01     5.4019897604E-01     2.2470797398E+00     1.0867080384E-01    -7.7744487846E-01     3.0858425900E-01
    1.5040000000E+01     5.4129518376E-01     2.2393199483E+00     1.1057146096E-01    -7.7451466904E-01     3.0858425900E-01
    1.5050000000E+01     5.4241041993E-01     2.2315894211E+00     1.1247651991E-01    -7.7159203295E-01     3.0858425900E-01
    1.5060000000E+01     5.4354472938E-01     2.2238880824E+00     1.1438614394E-01    -7.6867696838E-01     3.0858425900E-01
    1.5070000000E+01     5.4469815857E-01     2.2162158565E+00     1.1630049601E-01    -7.6576947301E-01     3.0858425900E-01
    1.5080000000E+01     5.4587075560E-01     2.2085726678E+00     1.1821973878E-01    -7.6286954401E-01     3.0858425900E-01
    1.5090000000E+01     5.4706257019E-01     2.2009584405E+00     1.2014403468E-01    -7.5997717805E-01     3.0858425900E-01
    1.5100000000E+01     5.4827365368E-01     2.1933730990E+00     1.2207354590E-01    -7.5709237131E-01     3.0858425900E-01
    1.5110000000E+01     5.4950405903E-01     2.1858165678E+00     1.2400843440E-01    -7.5421511950E-01     3.0858425900E-01
    1.5120000000E+01     5.5075384083E-01     2.1782887714E+00     1.2594886199E-01    -7.5134541785E-01     3.0858425900E-01
    1.5130000000E+01     5.5202305527E-01     2.1707896343E+00     1.2789499028E-01    -7.4848326110E-01     3.0858425901E-01
    1.5140000000E+01     5.5331176018E-01     2.1633190811E+00     1.2984698076E-01    -7.4562864358E-01     3.0858425901E-01
    1.5150000000E+01     5.5462001497E-01     2.1558770364E+00     1.3180499480E-01    -7.4278155912E-01     3.0858425901E-01
    1.5160000000E+01     5.5594788069E-01     2.1484634248E+00     1.3376919365E-01    -7.3994200115E-01     3.0858425901E-01
    1.5170000000E+01     5.5729541999E-01     2.1410781713E+00     1.3573973851E-01    -7.3710996264E-01     3.0858425901E-01
    1.5180000000E+01     5.5866269715E-01     2.1337212005E+00     1.3771679052E-01    -7.3428543613E-01     3.0858425901E-01
    1.5190000000E+01     5.6004977803E-01     2.1263924375E+00     1.3970051078E-01    -7.3146841375E-01     3.0858425901E-01
    1.5200000000E+01     5.6145673013E-01     2.1190918073E+00     1.4169106036E-01    -7.2865888721E-01     3.0858425901E-01
    1.5210000000E+01     5.6288362254E-01     2.1118192348E+00     1.4368860037E-01    -7.2585684783E-01     3.0858425901E-01
    1.5220000000E+01     5.6433052597E-01     2.1045746454E+00     1.4569329194E-01    -7.2306228650E-01     3.0858425901E-01
    1.5230000000E+01     5.6579751275E-01     2.0973579642E+00     1.4770529623E-01    -7.2027519373E-01     3.0858425901E-01
    1.5240000000E+01     5.6728465681E-01     2.0901691166E+00     1.4972477449E-01    -7.1749555966E-01     3.0858425901E-01
    1.5250000000E+01     5.6879203369E-01     2.0830080282E+00     1.5175188804E-01    -7.1472337402E-01     3.0858425901E-01
    1.5260000000E+01     5.7031972056E-01     2.0758746244E+00     1.5378679834E-01    -7.1195862618E-01     3.0858425901E-01
    1.5270000000E+01     5.7186779619E-01     2.0687688309E+00     1.5582966695E-01    -7.0920130515E-01     3.0858425901E-01
    1.5280000000E+01     5.7343634097E-01     2.0616905736E+00     1.5788065558E-01    -7.0645139955E-01     3.0858425901E-01
    1.5290000000E+01     5.7502543691E-01     2.0546397782E+00     1.5993992613E-01    -7.0370889768E-01     3.0858425901E-01
    1.5300000000E+01     5.7663516764E-01     2.0476163710E+00     1.6200764067E-01    -7.0097378745E-01     3.0858425901E-01
    1.5310000000E+01     5.7826561841E-01     2.0406202779E+00     1.6408396148E-01    -6.9824605646E-01     3.0858425901E-01
    1.5320000000E+01     5.7991687610E-01     2.0336514253E+00     1.6616905106E-01    -6.9552569195E-01     3.0858425901E-01
    1.5330000000E+01     5.8158902920E-01     2.0267097395E+00     1.6826307217E-01    -6.9281268083E-01     3.0858425901E-01
    1.5340000000E+01     5.8328216785E-01     2.0197951472E+00     1.7036618781E-01    -6.9010700967E-01     3.0858425901E-01
    1.5350000000E+01     5.8499638382E-01     2.0129075749E+00     1.7247856128E-01    -6.8740866474E-01     3.0858425901E-01
    1.5360000000E+01     5.8673177048E-01     2.0060469495E+00     1.7460035618E-01    -6.8471763197E-01     3.0858425901E-01
    1.5370000000E+01     5.8848842289E-01     1.9992131980E+00     1.7673173642E-01    -6.8203389699E-01     3.0858425901E-01
    1.5380000000E+01     5.9026643771E-01     1.9924062473E+00     1.7887286625E-01    -6.7935744512E-01     3.0858425901E-01
    1.5390000000E+01     5.9206591326E-01     1.9856260248E+00     1.8102391027E-01    -6.7668826135E-01     3.0858425901E-01
    1.5400000000E+01     5.9388694951E-01     1.9788724579E+00     1.8318503346E-01    -6.7402633041E-01     3.0858425901E-01
    1.5410000000E+01     5.9572964808E-01     1.9721454741E+00     1.8535640119E-01    -6.7137163671E-01     3.0858425901E-01
    1.5420000000E+01     5.9759411224E-01     1.9654450011E+00     1.8753817923E-01    -6.6872416438E-01     3.0858425901E-01
    1.5430000000E+01     5.9948044692E-01     1.9587709668E+00     1.8973053378E-01    -6.6608389726E-01     3.0858425901E-01
    1.5440000000E+01     6.0138875872E-01     1.9521232992E+00     1.9193363149E-01    -6.6345081890E-01     3.0858425901E-01
    1.5450000000E+01     6.0331915592E-01     1.9455019265E+00     1.9414763946E-01    -6.6082491259E-01     3.0858425901E-01
    1.5460000000E+01     6.0527174844E-01     1.9389067771E+00     1.9637272527E-01    -6.5820616133E-01     3.0858425901E-01
    1.5470000000E+01     6.0724664791E-01     1.9323377795E+00     1.9860905701E-01    -6.5559454787E-01     3.0858425901E-01
    1.5480000000E+01     6.0924396763E-01     1.9257948624E+00     2.0085680327E-01    -6.5299005468E-01     3.0858425901E-01
    1.5490000000E+01     6.1126382259E-01     1.9192779547E+00     2.0311613316E-01    -6.5039266397E-01     3.0858425901E-01
    1.5500000000E+01     6.1330632947E-01     1.9127869855E+00     2.0538721636E-01    -6.4780235769E-01     3.0858425901E-01
    1.5510000000E+01     6.1537160666E-01     1.9063218840E+00     2.0767022310E-01    -6.4521911755E-01     3.0858425901E-01
    1.5520000000E+01     6.1745977425E-01     1.8998825797E+00     2.0996532418E-01    -6.4264292499E-01     3.0858425901E-01
    1.5530000000E+01     6.1957095403E-01     1.8934690021E+00     2.1227269101E-01    -6.4007376123E-01     3.0858425901E-01
    1.5540000000E+01     6.2170526952E-01     1.8870810811E+00     2.1459249563E-01    -6.3751160722E-01     3.0858425901E-01
    1.5550000000E+01     6.2386284598E-01     1.8807187466E+00     2.1692491067E-01    -6.3495644368E-01     3.0858425901E-01
    1.5560000000E+01     6.2604381035E-01     1.8743819290E+00     2.1927010944E-01    -6.3240825110E-01     3.0858425901E-01
    1.5570000000E+01     6.2824829136E-01     1.8680705584E+00     2.2162826590E-01    -6.2986700973E-01     3.0858425901E-01
    1.5580000000E+01     6.3047641944E-01     1.8617845657E+00     2.2399955469E-01    -6.2733269959E-01     3.0858425901E-01
    1.5590000000E+01     6.3272832681E-01     1.8555238814E+00     2.2638415115E-01    -6.2480530048E-01     3.0858425901E-01
    1.5600000000E+01     6.3500414741E-01     1.8492884367E+00     2.2878223133E-01    -6.2228479197E-01     3.0858425901E-01
    1.5610000000E+01     6.3730401697E-01     1.8430781627E+00     2.3119397200E-01    -6.1977115340E-01     3.0858425901E-01
    1.5620000000E+01     6.3962807298E-01     1.8368929908E+00     2.3361955069E-01    -6.1726436392E-01     3.0858425901E-01
    1.5630000000E+01     6.4197645471E-01     1.8307328526E+00     2.3605914568E-01    -6.1476440243E-01     3.0858425901E-01
    1.5640000000E+01     6.4434930321E-01     1.8245976800E+00     2.3851293602E-01    -6.1227124764E-01     3.0858425901E-01
    1.5650000000E+01     6.4674676134E-01     1.8184874051E+00     2.4098110157E-01    -6.0978487805E-01     3.0858425901E-01
    1.5660000000E+01     6.4916897376E-01     1.8124019599E+00     2.4346382299E-01    -6.0730527194E-01     3.0858425901E-01
    1.5670000000E+01     6.5161608693E-01     1.8063412772E+00     2.4596128175E-01    -6.0483240739E-01     3.0858425901E-01
    1.5680000000E+01     6.5408824913E-01     1.8003052894E+00     2.4847366019E-01    -6.0236626230E-01     3.0858425901E-01
    1.5690000000E+01     6.5658561047E-01     1.7942939296E+00     2.5100114147E-01    -5.9990681432E-01     3.0858425901E-01
    1.5700000000E+01     6.5910832291E-01     1.7883071309E+00     2.5354390965E-01    -5.9745404096E-01     3.0858425901E-01
    1.5710000000E+01     6.6165654024E-01     1.7823448266E+00     2.5610214967E-01    -5.9500791949E-01     3.0858425901E-01
    1.5720000000E+01     6.6423041810E-01     1.7764069504E+00     2.5867604736E-01    -5.9256842701E-01     3.0858425901E-01
    1.5730000000E+01     6.6683011400E-01     1.7704934360E+00     2.6126578949E-01    -5.9013554043E-01     3.0858425901E-01
    1.5740000000E+01     6.6945578733E-01     1.7646042176E+00     2.6387156373E-01    -5.8770923647E-01     3.0858425901E-01
    1.5750000000E+01     6.7210759934E-01     1.7587392294E+00     2.6649355873E-01    -5.8528949164E-01     3.0858425901E-01
    1.5760000000E+01     6.7478571320E-01     1.7528984060E+00     2.6913196410E-01    -5.8287628230E-01     3.0858425901E-01
    1.5770000000E+01     6.7749029396E-01     1.7470816821E+00     2.7178697041E-01    -5.8046958460E-01     3.0858425901E-01
    1.5780000000E+01     6.8022150859E-01     1.7412889927E+00     2.7445876925E-01    -5.7806937453E-01     3.0858425901E-01
    1.5790000000E+01     6.8297952596E-01     1.7355202731E+00     2.7714755320E-01    -5.7567562788E-01     3.0858425901E-01
    1.5800000000E+01     6.8576451691E-01     1.7297754587E+00     2.7985351589E-01    -5.7328832029E-01     3.0858425901E-01
    1.5810000000E+01     6.8857665419E-01     1.7240544853E+00     2.8257685197E-01    -5.7090742720E-01     3.0858425901E-01
    1.5820000000E+01     6.9141611252E-01     1.7183572888E+00     2.8531775715E-01    -5.6853292387E-01     3.0858425901E-01
    1.5830000000E+01     6.9428306856E-01     1.7126838056E+00     2.8807642821E-01    -5.6616478543E-01     3.0858425901E-01
    1.5840000000E+01     6.9717770096E-01     1.7070339720E+00     2.9085306304E-01    -5.6380298679E-01     3.0858425901E-01
    1.5850000000E+01     7.0010019036E-01     1.7014077248E+00     2.9364786059E-01    -5.6144750271E-01     3.0858425901E-01
    1.5860000000E+01     7.0305071938E-01     1.6958050010E+00     2.9646102098E-01    -5.5909830780E-01     3.0858425901E-01
    1.5870000000E+01     7.0602947266E-01     1.6902257378E+00     2.9929274540E-01    -5.5675537647E-01     3.0858425901E-01
    1.5880000000E+01     7.0903663684E-01     1.6846698726E+00     3.0214323625E-01    -5.5441868299E-01     3.0858425901E-01
    1.5890000000E+01     7.1207240062E-01     1.6791373434E+00     3.0501269705E-01    -5.5208820145E-01     3.0858425901E-01
    1.5900000000E+01     7.1513695470E-01     1.6736280880E+00     3.0790133251E-01    -5.4976390578E-01     3.0858425901E-01
    1.5910000000E+01     7.1823049187E-01     1.6681420447E+00     3.1080934854E-01    -5.4744576977E-01     3.0858425901E-01
    1.5920000000E+01     7.2135320696E-01     1.6626791522E+00     3.1373695224E-01    -5.4513376701E-01     3.0858425901E-01
    1.5930000000E+01     7.2450529690E-01     1.6572393490E+00     3.1668435194E-01    -5.4282787096E-01     3.0858425901E-01
    1.5940000000E+01     7.2768696069E-01     1.6518225745E+00     3.1965175723E-01    -5.4052805491E-01     3.0858425901E-01
    1.5950000000E+01     7.3089839943E-01     1.6464287678E+00     3.2263937892E-01    -5.3823429199E-01     3.0858425901E-01
    1.5960000000E+01     7.3413981636E-01     1.6410578685E+00     3.2564742910E-01    -5.3594655519E-01     3.0858425901E-01
    1.5970000000E+01     7.3741141682E-01     1.6357098167E+00     3.2867612114E-01    -5.3366481733E-01     3.0858425901E-01
    1.5980000000E+01     7.4071340830E-01     1.6303845523E+00     3.3172566970E-01    -5.3138905106E-01     3.0858425901E-01
    1.5990000000E+01     7.4404600046E-01     1.6250820158E+00     3.3479629078E-01    -5.2911922890E-01     3.0858425901E-01
    1.6000000000E+01     7.4740940508E-01     1.6198021480E+00     3.3788820168E-01    -5.2685532322E-01     3.0858425901E-01
    1.6010000000E+01     7.5080383618E-01     1.6145448897E+00     3.4100162104E-01    -5.2459730621E-01     3.0858425901E-01
    1.6020000000E+01     7.5422950993E-01     1.6093101823E+00     3.4413676887E-01    -5.2234514992E-01     3.0858425901E-01
    1.6030000000E+01     7.5768664473E-01     1.6040979673E+00     3.4729386654E-01    -5.2009882625E-01     3.0858425901E-01
    1.6040000000E+01     7.6117546117E-01     1.5989081865E+00     3.5047313681E-01    -5.1785830696E-01     3.0858425901E-01
    1.6050000000E+01     7.6469618212E-01     1.5937407819E+00     3.5367480385E-01    -5.1562356364E-01     3.0858425901E-01
    1.6060000000E+01     7.6824903266E-01     1.5885956960E+00     3.5689909322E-01    -5.1339456774E-01     3.0858425901E-01
    1.6070000000E+01     7.7183424015E-01     1.5834728715E+00     3.6014623194E-01    -5.1117129054E-01     3.0858425901E-01
    1.6080000000E+01     7.7545203422E-01     1.5783722512E+00     3.6341644845E-01    -5.0895370320E-01     3.0858425901E-01
    1.6090000000E+01     7.7910264681E-01     1.5732937786E+00     3.6670997266E-01    -5.0674177671E-01     3.0858425901E-01
    1.6100000000E+01     7.8278631214E-01     1.5682373969E+00     3.7002703595E-01    -5.0453548193E-01     3.0858425901E-01
    1.6110000000E+01     7.8650326677E-01     1.5632030502E+00     3.7336787119E-01    -5.0233478953E-01     3.0858425901E-01
    1.6120000000E+01     7.9025374958E-01     1.5581906826E+00     3.7673271275E-01    -5.0013967008E-01     3.0858425901E-01
    1.6130000000E+01     7.9403800183E-01     1.5532002384E+00     3.8012179653E-01    -4.9795009397E-01     3.0858425901E-01
    1.6140000000E+01     7.9785626711E-01     1.5482316623E+00     3.8353535993E-01    -4.9576603146E-01     3.0858425901E-01
    1.6150000000E+01     8.0170879142E-01     1.5432848995E+00     3.8697364194E-01    -4.9358745263E-01     3.0858425901E-01
    1.6160000000E+01     8.0559582315E-01     1.5383598951E+00     3.9043688307E-01    -4.9141432744E-01     3.0858425901E-01
    1.6170000000E+01     8.0951761309E-01     1.5334565948E+00     3.9392532543E-01    -4.8924662569E-01     3.0858425901E-01
    1.6180000000E+01     8.1347441447E-01     1.5285749446E+00     3.9743921271E-01    -4.8708431704E-01     3.0858425901E-01
    1.6190000000E+01     8.1746648298E-01     1.5237148906E+00     4.0097879020E-01    -4.8492737098E-01     3.0858425901E-01
    1.6200000000E+01     8.2149407673E-01     1.5188763794E+00     4.0454430482E-01    -4.8277575686E-01     3.0858425901E-01
    1.6210000000E+01     8.2555745636E-01     1.5140593578E+00     4.0813600511E-01    -4.8062944390E-01     3.0858425901E-01
    1.6220000000E+01     8.2965688495E-01     1.5092637730E+00     4.1175414127E-01    -4.7848840114E-01     3.0858425901E-01
    1.6230000000E+01     8.3379262814E-01     1.5044895723E+00     4.1539896515E-01    -4.7635259748E-01     3.0858425901E-01
    1.6240000000E+01     8.3796495406E-01     1.4997367036E+00     4.1907073028E-01    -4.7422200166E-01     3.0858425901E-01
    1.6250000000E+01     8.4217413340E-01     1.4950051150E+00     4.2276969187E-01    -4.7209658229E-01     3.0858425901E-01
    1.6260000000E+01     8.4642043941E-01     1.4902947549E+00     4.2649610685E-01    -4.6997630782E-01     3.0858425901E-01
    1.6270000000E+01     8.5070414791E-01     1.4856055718E+00     4.3025023386E-01    -4.6786114652E-01     3.0858425901E-01
    1.6280000000E+01     8.5502553733E-01     1.4809375150E+00     4.3403233326E-01    -4.6575106654E-01     3.0858425901E-01
    1.6290000000E+01     8.5938488869E-01     1.4762905337E+00     4.3784266718E-01    -4.6364603587E-01     3.0858425901E-01
    1.6300000000E+01     8.6378248567E-01     1.4716645775E+00     4.4168149949E-01    -4.6154602233E-01     3.0858425901E-01
    1.6310000000E+01     8.6821861456E-01     1.4670595966E+00     4.4554909584E-01    -4.5945099360E-01     3.0858425901E-01
    1.6320000000E+01     8.7269356435E-01     1.4624755412E+00     4.4944572367E-01    -4.5736091719E-01     3.0858425901E-01
    1.6330000000E+01     8.7720762670E-01     1.4579123619E+00     4.5337165222E-01    -4.5527576046E-01     3.0858425901E-01
    1.6340000000E+01     8.8176109597E-01     1.4533700097E+00     4.5732715254E-01    -4.5319549061E-01     3.0858425901E-01
    1.6350000000E+01     8.8635426924E-01     1.4488484359E+00     4.6131249752E-01    -4.5112007469E-01     3.0858425901E-01
    1.6360000000E+01     8.9098744632E-01     1.4443475921E+00     4.6532796188E-01    -4.4904947957E-01     3.0858425901E-01
    1.6370000000E+01     8.9566092979E-01     1.4398674303E+00     4.6937382220E-01    -4.4698367199E-01     3.0858425901E-01
    1.6380000000E+01     9.0037502501E-01     1.4354079028E+00     4.7345035695E-01    -4.4492261849E-01     3.0858425901E-01
    1.6390000000E+01     9.0513004011E-01     1.4309689622E+00     4.7755784646E-01    -4.4286628547E-01     3.0858425901E-01
    1.6400000000E+01     9.0992628606E-01     1.4265505615E+00     4.8169657295E-01    -4.4081463916E-01     3.0858425901E-01
    1.6410000000E+01     9.1476407664E-01     1.4221526539E+00     4.8586682058E-01    -4.3876764564E-01     3.0858425901E-01
    1.6420000000E+01     9.1964372850E-01     1.4177751932E+00     4.9006887542E-01    -4.3672527079E-01     3.0858425901E-01
    1.6430000000E+01     9.2456556114E-01     1.4134181332E+00     4.9430302546E-01    -4.3468748034E-01     3.0858425901E-01
    1.6440000000E+01     9.2952989696E-01     1.4090814284E+00     4.9856956067E-01    -4.3265423987E-01     3.0858425901E-01
    1.6450000000E+01     9.3453706127E-01     1.4047650334E+00     5.0286877297E-01    -4.3062551474E-01     3.0858425901E-01
    1.6460000000E+01     9.3958738232E-01     1.4004689032E+00     5.0720095625E-01    -4.2860127019E-01     3.0858425901E-01
    1.6470000000E+01     9.4468119129E-01     1.3961929932E+00     5.1156640640E-01    -4.2658147126E-01     3.0858425901E-01
    1.6480000000E+01     9.4981882233E-01     1.3919372590E+00     5.1596542131E-01    -4.2456608280E-01     3.0858425901E-01
    1.6490000000E+01     9.5500061259E-01     1.3877016569E+00     5.2039830087E-01    -4.2255506952E-01     3.0858425901E-01
    1.6500000000E+01     9.6022690224E-01     1.3834861432E+00     5.2486534704E-01    -4.2054839592E-01     3.0858425901E-01
    1.6510000000E+01     9.6549803444E-01     1.3792906746E+00     5.2936686376E-01    -4.1854602633E-01     3.0858425901E-01
    1.6520000000E+01     9.7081435543E-01     1.3751152084E+00     5.3390315709E-01    -4.1654792490E-01     3.0858425901E-01
    1.6530000000E+01     9.7617621453E-01     1.3709597020E+00     5.3847453510E-01    -4.1455405560E-01     3.0858425901E-01
    1.6540000000E+01     9.8158396412E-01     1.3668241133E+00     5.4308130796E-01    -4.1256438219E-01     3.0858425901E-01
    1.6550000000E+01     9.8703795971E-01     1.3627084005E+00     5.4772378794E-01    -4.1057886828E-01     3.0858425901E-01
    1.6560000000E+01     9.9253855995E-01     1.3586125222E+00     5.5240228941E-01    -4.0859747726E-01     3.0858425901E-01
    1.6570000000E+01     9.9808612662E-01     1.3545364374E+00     5.5711712883E-01    -4.0662017233E-01     3.0858425901E-01
    1.6580000000E+01     1.0036810247E+00     1.3504801053E+00     5.6186862481E-01    -4.0464691652E-01     3.0858425901E-01
    1.6590000000E+01     1.0093236224E+00     1.3464434857E+00     5.6665709810E-01    -4.0267767264E-01     3.0858425901E-01
    1.6600000000E+01     1.0150142910E+00     1.3424265386E+00     5.7148287159E-01    -4.0071240330E-01     3.0858425901E-01
    1.6610000000E+01     1.0207534052E+00     1.3384292245E+00     5.7634627033E-01    -3.9875107094E-01     3.0858425901E-01
    1.6620000000E+01     1.0265413429E+00     1.3344515042E+00     5.8124762155E-01    -3.9679363775E-01     3.0858425901E-01
    1.6630000000E+01     1.0323784853E+00     1.3304933389E+00     5.8618725466E-01    -3.9484006576E-01     3.0858425901E-01
    1.6640000000E+01     1.0382652167E+00     1.3265546901E+00     5.9116550127E-01    -3.9289031676E-01     3.0858425901E-01
    1.6650000000E+01     1.0442019251E+00     1.3226355199E+00     5.9618269518E-01    -3.9094435235E-01     3.0858425901E-01
    1.6660000000E+01     1.0501890016E+00     1.3187357906E+00     6.0123917243E-01    -3.8900213391E-01     3.0858425901E-01
    1.6670000000E+01     1.0562268406E+00     1.3148554649E+00     6.0633527128E-01    -3.8706362259E-01     3.0858425901E-01
    1.6680000000E+01     1.0623158402E+00     1.3109945059E+00     6.1147133221E-01    -3.8512877935E-01     3.0858425901E-01
    1.6690000000E+01     1.0684564016E+00     1.3071528772E+00     6.1664769798E-01    -3.8319756492E-01     3.0858425901E-01
    1.6700000000E+01     1.0746489297E+00     1.3033305426E+00     6.2186471358E-01    -3.8126993979E-01     3.0858425901E-01
    1.6710000000E+01     1.0808938326E+00     1.2995274666E+00     6.2712272628E-01    -3.7934586424E-01     3.0858425901E-01
    1.6720000000E+01     1.0871915220E+00     1.2957436137E+00     6.3242208563E-01    -3.7742529831E-01     3.0858425901E-01
    1.6730000000E+01     1.0935424133E+00     1.2919789490E+00     6.3776314347E-01    -3.7550820183E-01     3.0858425901E-01
    1.6740000000E+01     1.0999469251E+00     1.2882334382E+00     6.4314625393E-01    -3.7359453436E-01     3.0858425901E-01
    1.6750000000E+01     1.1064054797E+00     1.2845070470E+00     6.4857177345E-01    -3.7168425526E-01     3.0858425901E-01
    1.6760000000E+01     1.1129185031E+00     1.2807997419E+00     6.5404006078E-01    -3.6977732362E-01     3.0858425901E-01
    1.6770000000E+01     1.1194864247E+00     1.2771114895E+00     6.5955147701E-01    -3.6787369828E-01     3.0858425901E-01
    1.6780000000E+01     1.1261096776E+00     1.2734422571E+00     6.6510638554E-01    -3.6597333787E-01     3.0858425901E-01
    1.6790000000E+01     1.1327886986E+00     1.2697920120E+00     6.7070515212E-01    -3.6407620074E-01     3.0858425901E-01
    1.6800000000E+01     1.1395239281E+00     1.2661607225E+00     6.7634814487E-01    -3.6218224498E-01     3.0858425901E-01
    1.6810000000E+01     1.1463158101E+00     1.2625483567E+00     6.8203573422E-01    -3.6029142844E-01     3.0858425901E-01
    1.6820000000E+01     1.1531647926E+00     1.2589548836E+00     6.8776829301E-01    -3.5840370870E-01     3.0858425901E-01
    1.6830000000E+01     1.1600713271E+00     1.2553802723E+00     6.9354619642E-01    -3.5651904307E-01     3.0858425901E-01
    1.6840000000E+01     1.1670358690E+00     1.2518244927E+00     6.9936982204E-01    -3.5463738860E-01     3.0858425901E-01
    1.6850000000E+01     1.1740588773E+00     1.2482875147E+00     7.0523954980E-01    -3.5275870207E-01     3.0858425901E-01
    1.6860000000E+01     1.1811408149E+00     1.2447693089E+00     7.1115576207E-01    -3.5088293996E-01     3.0858425901E-01
    1.6870000000E+01     1.1882821487E+00     1.2412698463E+00     7.1711884358E-01    -3.4901005850E-01     3.0858425901E-01
    1.6880000000E+01     1.1954833493E+00     1.2377890982E+00     7.2312918148E-01    -3.4714001361E-01     3.0858425901E-01
    1.6890000000E+01     1.2027448912E+00     1.2343270367E+00     7.2918716533E-01    -3.4527276093E-01     3.0858425901E-01
    1.6900000000E+01     1.2100672527E+00     1.2308836339E+00     7.3529318711E-01    -3.4340825582E-01     3.0858425901E-01
    1.6910000000E+01     1.2174509164E+00     1.2274588626E+00     7.4144764119E-01    -3.4154645332E-01     3.0858425901E-01
    1.6920000000E+01     1.2248963683E+00     1.2240526959E+00     7.4765092440E-01    -3.3968730819E-01     3.0858425901E-01
    1.6930000000E+01     1.2324040989E+00     1.2206651077E+00     7.5390343598E-01    -3.3783077486E-01     3.0858425901E-01
    1.6940000000E+01     1.2399746025E+00     1.2172960719E+00     7.6020557759E-01    -3.3597680747E-01     3.0858425901E-01
    1.6950000000E+01     1.2476083773E+00     1.2139455631E+00     7.6655775335E-01    -3.3412535984E-01     3.0858425901E-01
    1.6960000000E+01     1.2553059257E+00     1.2106135565E+00     7.7296036980E-01    -3.3227638547E-01     3.0858425901E-01
    1.6970000000E+01     1.2630677542E+00     1.2073000273E+00     7.7941383593E-01    -3.3042983752E-01     3.0858425901E-01
    1.6980000000E+01     1.2708943733E+00     1.2040049518E+00     7.8591856316E-01    -3.2858566885E-01     3.0858425901E-01
    1.6990000000E+01     1.2787862977E+00     1.2007283062E+00     7.9247496537E-01    -3.2674383196E-01     3.0858425901E-01
    1.7000000000E+01     1.2867440462E+00     1.1974700675E+00     7.9908345888E-01    -3.2490427902E-01     3.0858425901E-01
    1.7010000000E+01     1.2947681419E+00     1.1942302132E+00     8.0574446245E-01    -3.2306696185E-01     3.0858425901E-01
    1.7020000000E+01     1.3028591119E+00     1.1910087210E+00     8.1245839730E-01    -3.2123183195E-01     3.0858425901E-01
    1.7030000000E+01     1.3110174877E+00     1.1878055694E+00     8.1922568708E-01    -3.1939884041E-01     3.0858425901E-01
    1.7040000000E+01     1.3192438049E+00     1.1846207372E+00     8.2604675791E-01    -3.1756793801E-01     3.0858425901E-01
    1.7050000000E+01     1.3275386035E+00     1.1814542038E+00     8.3292203834E-01    -3.1573907514E-01     3.0858425901E-01
    1.7060000000E+01     1.3359024278E+00     1.1783059491E+00     8.3985195936E-01    -3.1391220182E-01     3.0858425901E-01
    1.7070000000E+01     1.3443358263E+00     1.1751759533E+00     8.4683695443E-01    -3.1208726770E-01     3.0858425901E-01
    1.7080000000E+01     1.3528393519E+00     1.1720641974E+00     8.5387745942E-01    -3.1026422205E-01     3.0858425901E-01
    1.7090000000E+01     1.3614135620E+00     1.1689706628E+00     8.6097391265E-01    -3.0844301372E-01     3.0858425901E-01
    1.7100000000E+01     1.3700590182E+00     1.1658953312E+00     8.6812675487E-01    -3.0662359121E-01     3.0858425901E-01
    1.7110000000E+01     1.3787762865E+00     1.1628381852E+00     8.7533642928E-01    -3.0480590259E-01     3.0858425901E-01
    1.7120000000E+01     1.3875659377E+00     1.1597992076E+00     8.8260338146E-01    -3.0298989553E-01     3.0858425901E-01
    1.7130000000E+01     1.3964285466E+00     1.1567783818E+00     8.8992805946E-01    -3.0117551728E-01     3.0858425901E-01
    1.7140000000E+01     1.4053646928E+00     1.1537756920E+00     8.9731091371E-01    -2.9936271470E-01     3.0858425901E-01
    1.7150000000E+01     1.4143749603E+00     1.1507911225E+00     9.0475239707E-01    -2.9755143417E-01     3.0858425901E-01
    1.7160000000E+01     1.4234599377E+00     1.1478246584E+00     9.1225296477E-01    -2.9574162168E-01     3.0858425901E-01
    1.7170000000E+01     1.4326202181E+00     1.1448762853E+00     9.1981307446E-01    -2.9393322277E-01     3.0858425901E-01
    1.7180000000E+01     1.4418563992E+00     1.1419459894E+00     9.2743318616E-01    -2.9212618253E-01     3.0858425901E-01
    1.7190000000E+01     1.4511690833E+00     1.1390337573E+00     9.3511376227E-01    -2.9032044558E-01     3.0858425901E-01
    1.7200000000E+01     1.4605588775E+00     1.1361395763E+00     9.4285526754E-01    -2.8851595610E-01     3.0858425901E-01
    1.7210000000E+01     1.4700263933E+00     1.1332634342E+00     9.5065816910E-01    -2.8671265780E-01     3.0858425901E-01
    1.7220000000E+01     1.4795722471E+00     1.1304053194E+00     9.5852293640E-01    -2.8491049390E-01     3.0858425901E-01
    1.7230000000E+01     1.4891970598E+00     1.1275652208E+00     9.6645004122E-01    -2.8310940715E-01     3.0858425901E-01
    1.7240000000E+01     1.4989014573E+00     1.1247431278E+00     9.7443995766E-01    -2.8130933980E-01     3.0858425901E-01
    1.7250000000E+01     1.5086860700E+00     1.1219390308E+00     9.8249316214E-01    -2.7951023360E-01     3.0858425901E-01
    1.7260000000E+01     1.5185515331E+00     1.1191529202E+00     9.9061013333E-01    -2.7771202980E-01     3.0858425901E-01
    1.7270000000E+01     1.5284984868E+00     1.1163847873E+00     9.9879135221E-01    -2.7591466913E-01     3.0858425901E-01
    1.7280000000E+01     1.5385275759E+00     1.1136346242E+00     1.0070373020E+00    -2.7411809179E-01     3.0858425901E-01
    1.7290000000E+01     1.5486394502E+00     1.1109024231E+00     1.0153484681E+00    -2.7232223747E-01     3.0858425901E-01
    1.7300000000E+01     1.5588347643E+00     1.1081881772E+00     1.0237253383E+00    -2.7052704528E-01     3.0858425901E-01
    1.7310000000E+01     1.5691141776E+00     1.1054918802E+00     1.0321684024E+00    -2.6873245383E-01     3.0858425901E-01
    1.7320000000E+01     1.5794783546E+00     1.1028135263E+00     1.0406781525E+00    -2.6693840113E-01     3.0858425901E-01
    1.7330000000E+01     1.5899279646E+00     1.1001531106E+00     1.0492550827E+00    -2.6514482465E-01     3.0858425901E-01
    1.7340000000E+01     1.6004636819E+00     1.0975106285E+00     1.0578996895E+00    -2.6335166126E-01     3.0858425901E-01
    1.7350000000E+01     1.6110861856E+00     1.0948860762E+00     1.0666124713E+00    -2.6155884726E-01     3.0858425901E-01
    1.7360000000E+01     1.6217961602E+00     1.0922794506E+00     1.0753939287E+00    -2.5976631835E-01     3.0858425901E-01
    1.7370000000E+01     1.6325942948E+00     1.0896907491E+00     1.0842445643E+00    -2.5797400963E-01     3.0858425901E-01
    1.7380000000E+01     1.6434812838E+00     1.0871199699E+00     1.0931648827E+00    -2.5618185558E-01     3.0858425901E-01
    1.7390000000E+01     1.6544578264E+00     1.0845671117E+00     1.1021553906E+00    -2.5438979005E-01     3.0858425901E-01
    1.7400000000E+01     1.6655246272E+00     1.0820321740E+00     1.1112165967E+00    -2.5259774627E-01     3.0858425901E-01
    1.7410000000E+01     1.6766823957E+00     1.0795151569E+00     1.1203490115E+00    -2.5080565681E-01     3.0858425901E-01
    1.7420000000E+01     1.6879318465E+00     1.0770160612E+00     1.1295531476E+00    -2.4901345360E-01     3.0858425901E-01
    1.7430000000E+01     1.6992736995E+00     1.0745348884E+00     1.1388295194E+00    -2.4722106787E-01     3.0858425901E-01
    1.7440000000E+01     1.7107086794E+00     1.0720716407E+00     1.1481786431E+00    -2.4542843021E-01     3.0858425901E-01
    1.7450000000E+01     1.7222375166E+00     1.0696263209E+00     1.1576010368E+00    -2.4363547051E-01     3.0858425901E-01
    1.7460000000E+01     1.7338609461E+00     1.0671989326E+00     1.1670972203E+00    -2.4184211795E-01     3.0858425901E-01
    1.7470000000E+01     1.7455797087E+00     1.0647894801E+00     1.1766677153E+00    -2.4004830099E-01     3.0858425901E-01
    1.7480000000E+01     1.7573945499E+00     1.0623979684E+00     1.1863130451E+00    -2.3825394741E-01     3.0858425901E-01
    1.7490000000E+01     1.7693062208E+00     1.0600244032E+00     1.1960337346E+00    -2.3645898420E-01     3.0858425901E-01
    1.7500000000E+01     1.7813154775E+00     1.0576687910E+00     1.2058303103E+00    -2.3466333764E-01     3.0858425901E-01
    1.7510000000E+01     1.7934230817E+00     1.0553311390E+00     1.2157033005E+00    -2.3286693324E-01     3.0858425901E-01
    1.7520000000E+01     1.8056298000E+00     1.0530114551E+00     1.2256532348E+00    -2.3106969573E-01     3.0858425901E-01
    1.7530000000E+01     1.8179364046E+00     1.0507097481E+00     1.2356806444E+00    -2.2927154906E-01     3.0858425901E-01
    1.7540000000E+01     1.8303436729E+00     1.0484260274E+00     1.2457860619E+00    -2.2747241638E-01     3.0858425901E-01
    1.7550000000E+01     1.8428523877E+00     1.0461603033E+00     1.2559700213E+00    -2.2567222004E-01     3.0858425901E-01
    1.7560000000E+01     1.8554633370E+00     1.0439125868E+00     1.2662330579E+00    -2.2387088154E-01     3.0858425901E-01
    1.7570000000E+01     1.8681773142E+00     1.0416828897E+00     1.2765757084E+00    -2.2206832157E-01     3.0858425901E-01
    1.7580000000E+01     1.8809951183E+00     1.0394712247E+00     1.2869985104E+00    -2.2026445996E-01     3.0858425901E-01
    1.7590000000E+01     1.8939175534E+00     1.0372776051E+00     1.2975020031E+00    -2.1845921565E-01     3.0858425901E-01
    1.7600000000E+01     1.9069454291E+00     1.0351020453E+00     1.3080867265E+00    -2.1665250672E-01     3.0858425901E-01
    1.7610000000E+01     1.9200795605E+00     1.0329445602E+00     1.3187532217E+00    -2.1484425036E-01     3.0858425901E-01
    1.7620000000E+01     1.9333207679E+00     1.0308051657E+00     1.3295020309E+00    -2.1303436283E-01     3.0858425901E-01
    1.7630000000E+01     1.9466698773E+00     1.0286838786E+00     1.3403336971E+00    -2.1122275947E-01     3.0858425901E-01
    1.7640000000E+01     1.9601277199E+00     1.0265807165E+00     1.3512487642E+00    -2.0940935469E-01     3.0858425901E-01
    1.7650000000E+01     1.9736951324E+00     1.0244956978E+00     1.3622477769E+00    -2.0759406194E-01     3.0858425901E-01
    1.7660000000E+01     1.9873729571E+00     1.0224288419E+00     1.3733312804E+00    -2.0577679366E-01     3.0858425901E-01
    1.7670000000E+01     2.0011620415E+00     1.0203801688E+00     1.3844998209E+00    -2.0395746136E-01     3.0858425901E-01
    1.7680000000E+01     2.0150632388E+00     1.0183496998E+00     1.3957539449E+00    -2.0213597550E-01     3.0858425901E-01
    1.7690000000E+01     2.0290774075E+00     1.0163374568E+00     1.4070941994E+00    -2.0031224553E-01     3.0858425901E-01
    1.7700000000E+01     2.0432054117E+00     1.0143434627E+00     1.4185211319E+00    -1.9848617985E-01     3.0858425901E-01
    1.7710000000E+01     2.0574481209E+00     1.0123677413E+00     1.4300352902E+00    -1.9665768583E-01     3.0858425901E-01
    1.7720000000E+01     2.0718064100E+00     1.0104103174E+00     1.4416372221E+00    -1.9482666972E-01     3.0858425901E-01
    1.7730000000E+01     2.0862811597E+00     1.0084712166E+00     1.4533274759E+00    -1.9299303672E-01     3.0858425901E-01
    1.7740000000E+01     2.1008732558E+00     1.0065504657E+00     1.4651065998E+00    -1.9115669088E-01     3.0858425901E-01
    1.7750000000E+01     2.1155835898E+00     1.0046480922E+00     1.4769751418E+00    -1.8931753514E-01     3.0858425901E-01
    1.7760000000E+01     2.1304130585E+00     1.0027641247E+00     1.4889336500E+00    -1.8747547129E-01     3.0858425901E-01
    1.7770000000E+01     2.1453625645E+00     1.0008985928E+00     1.5009826722E+00    -1.8563039993E-01     3.0858425901E-01
    1.7780000000E+01     2.1604330155E+00     9.9905152705E-01     1.5131227558E+00    -1.8378222050E-01     3.0858425901E-01
    1.7790000000E+01     2.1756253250E+00     9.9722295907E-01     1.5253544477E+00    -1.8193083119E-01     3.0858425901E-01
    1.7800000000E+01     2.1909404116E+00     9.9541292147E-01     1.5376782944E+00    -1.8007612900E-01     3.0858425901E-01
    1.7810000000E+01     2.2063791998E+00     9.9362144788E-01     1.5500948418E+00    -1.7821800964E-01     3.0858425901E-01
    1.7820000000E+01     2.2219426193E+00     9.9184857302E-01     1.5626046347E+00    -1.7635636758E-01     3.0858425901E-01
    1.7830000000E+01     2.2376316052E+00     9.9009433263E-01     1.5752082174E+00    -1.7449109597E-01     3.0858425901E-01
    1.7840000000E+01     2.2534470981E+00     9.8835876356E-01     1.5879061328E+00    -1.7262208666E-01     3.0858425901E-01
    1.7850000000E+01     2.2693900441E+00     9.8664190372E-01     1.6006989231E+00    -1.7074923015E-01     3.0858425901E-01
    1.7860000000E+01     2.2854613946E+00     9.8494379215E-01     1.6135871289E+00    -1.6887241558E-01     3.0858425901E-01
    1.7870000000E+01     2.3016621065E+00     9.8326446898E-01     1.6265712896E+00    -1.6699153070E-01     3.0858425901E-01
    1.7880000000E+01     2.3179931420E+00     9.8160397548E-01     1.6396519429E+00    -1.6510646186E-01     3.0858425901E-01
    1.7890000000E+01     2.3344554688E+00     9.7996235407E-01     1.6528296250E+00    -1.6321709396E-01     3.0858425901E-01
    1.7900000000E+01     2.3510500597E+00     9.7833964832E-01     1.6661048703E+00    -1.6132331047E-01     3.0858425901E-01
    1.7910000000E+01     2.3677778932E+00     9.7673590297E-01     1.6794782111E+00    -1.5942499334E-01     3.0858425901E-01
    1.7920000000E+01     2.3846399527E+00     9.7515116396E-01     1.6929501778E+00    -1.5752202303E-01     3.0858425901E-01
    1.7930000000E+01     2.4016372272E+00     9.7358547843E-01     1.7065212984E+00    -1.5561427848E-01     3.0858425901E-01
    1.7940000000E+01     2.4187707109E+00     9.7203889472E-01     1.7201920987E+00    -1.5370163704E-01     3.0858425901E-01
    1.7950000000E+01     2.4360414032E+00     9.7051146242E-01     1.7339631016E+00    -1.5178397449E-01     3.0858425901E-01
    1.7960000000E+01     2.4534503087E+00     9.6900323238E-01     1.7478348277E+00    -1.4986116499E-01     3.0858425901E-01
    1.7970000000E+01     2.4709984373E+00     9.6751425670E-01     1.7618077944E+00    -1.4793308105E-01     3.0858425901E-01
    1.7980000000E+01     2.4886868038E+00     9.6604458877E-01     1.7758825162E+00    -1.4599959351E-01     3.0858425901E-01
    1.7990000000E+01     2.5065164285E+00     9.6459428328E-01     1.7900595042E+00    -1.4406057153E-01     3.0858425901E-01
    1.8000000000E+01     2.5244883365E+00     9.6316339623E-01     1.8043392661E+00    -1.4211588250E-01     3.0858425901E-01
    1.8010000000E+01     2.5426035580E+00     9.6175198497E-01     1.8187223063E+00    -1.4016539209E-01     3.0858425901E-01
    1.8020000000E+01     2.5608631285E+00     9.6036010818E-01     1.8332091249E+00    -1.3820896416E-01     3.0858425901E-01
    1.8030000000E+01     2.5792680881E+00     9.5898782594E-01     1.8478002184E+00    -1.3624646074E-01     3.0858425901E-01
    1.8040000000E+01     2.5978194821E+00     9.5763519969E-01     1.8624960789E+00    -1.3427774203E-01     3.0858425901E-01
    1.8050000000E+01     2.6165183606E+00     9.5630229229E-01     1.8772971942E+00    -1.3230266631E-01     3.0858425901E-01
    1.8060000000E+01     2.6353657784E+00     9.5498916803E-01     1.8922040474E+00    -1.3032108999E-01     3.0858425901E-01
    1.8070000000E+01     2.6543627956E+00     9.5369589264E-01     1.9072171168E+00    -1.2833286749E-01     3.0858425901E-01
    1.8080000000E+01     2.6735104764E+00     9.5242253332E-01     1.9223368757E+00    -1.2633785125E-01     3.0858425901E-01
    1.8090000000E+01     2.6928098903E+00     9.5116915876E-01     1.9375637921E+00    -1.2433589170E-01     3.0858425901E-01
    1.8100000000E+01     2.7122621110E+00     9.4993583914E-01     1.9528983283E+00    -1.2232683722E-01     3.0858425901E-01
    1.8110000000E+01     2.7318682171E+00     9.4872264618E-01     1.9683409412E+00    -1.2031053408E-01     3.0858425901E-01
    1.8120000000E+01     2.7516292916E+00     9.4752965314E-01     1.9838920814E+00    -1.1828682643E-01     3.0858425901E-01
    1.8130000000E+01     2.7715464220E+00     9.4635693486E-01     1.9995521935E+00    -1.1625555627E-01     3.0858425901E-01
    1.8140000000E+01     2.7916207001E+00     9.4520456776E-01     2.0153217153E+00    -1.1421656338E-01     3.0858425901E-01
    1.8150000000E+01     2.8118532224E+00     9.4407262987E-01     2.0312010780E+00    -1.1216968530E-01     3.0858425901E-01
    1.8160000000E+01     2.8322450893E+00     9.4296120088E-01     2.0471907060E+00    -1.1011475730E-01     3.0858425901E-01
    1.8170000000E+01     2.8527974055E+00     9.4187036212E-01     2.0632910159E+00    -1.0805161231E-01     3.0858425901E-01
    1.8180000000E+01     2.8735112799E+00     9.4080019659E-01     2.0795024171E+00    -1.0598008094E-01     3.0858425901E-01
    1.8190000000E+01     2.8943878254E+00     9.3975078903E-01     2.0958253109E+00    -1.0389999134E-01     3.0858425901E-01
    1.8200000000E+01     2.9154281590E+00     9.3872222587E-01     2.1122600906E+00    -1.0181116927E-01     3.0858425901E-01
    1.8210000000E+01     2.9366334015E+00     9.3771459534E-01     2.1288071409E+00    -9.9713437962E-02     3.0858425901E-01
    1.8220000000E+01     2.9580046774E+00     9.3672798741E-01     2.1454668378E+00    -9.7606618147E-02     3.0858425901E-01
    1.8230000000E+01     2.9795431150E+00     9.3576249388E-01     2.1622395481E+00    -9.5490527965E-02     3.0858425901E-01
    1.8240000000E+01     3.0012498462E+00     9.3481820837E-01     2.1791256292E+00    -9.3364982936E-02     3.0858425901E-01
    1.8250000000E+01     3.0231260066E+00     9.3389522636E-01     2.1961254288E+00    -9.1229795919E-02     3.0858425901E-01
    1.8260000000E+01     3.0451727350E+00     9.3299364522E-01     2.2132392843E+00    -8.9084777055E-02     3.0858425901E-01
    1.8270000000E+01     3.0673911736E+00     9.3211356423E-01     2.2304675230E+00    -8.6929733724E-02     3.0858425901E-01
    1.8280000000E+01     3.0897824678E+00     9.3125508461E-01     2.2478104612E+00    -8.4764470499E-02     3.0858425901E-01
    1.8290000000E+01     3.1123477661E+00     9.3041830955E-01     2.2652684038E+00    -8.2588789090E-02     3.0858425901E-01
    1.8300000000E+01     3.1350882202E+00     9.2960334423E-01     2.2828416446E+00    -8.0402488299E-02     3.0858425901E-01
    1.8310000000E+01     3.1580049843E+00     9.2881029586E-01     2.3005304652E+00    -7.8205363965E-02     3.0858425901E-01
    1.8320000000E+01     3.1810992156E+00     9.2803927372E-01     2.3183351349E+00    -7.5997208916E-02     3.0858425901E-01
    1.8330000000E+01     3.2043720740E+00     9.2729038915E-01     2.3362559104E+00    -7.3777812911E-02     3.0858425901E-01
    1.8340000000E+01     3.2278247217E+00     9.2656375564E-01     2.3542930352E+00    -7.1546962589E-02     3.0858425901E-01
    1.8350000000E+01     3.2514583233E+00     9.2585948880E-01     2.3724467392E+00    -6.9304441412E-02     3.0858425901E-01
    1.8360000000E+01     3.2752740458E+00     9.2517770645E-01     2.3907172385E+00    -6.7050029612E-02     3.0858425901E-01
    1.8370000000E+01     3.2992730581E+00     9.2451852859E-01     2.4091047347E+00    -6.4783504129E-02     3.0858425901E-01
    1.8380000000E+01     3.3234565311E+00     9.2388207750E-01     2.4276094144E+00    -6.2504638557E-02     3.0858425901E-01
    1.8390000000E+01     3.3478256375E+00     9.2326847772E-01     2.4462314493E+00    -6.0213203083E-02     3.0858425901E-01
    1.8400000000E+01     3.3723815518E+00     9.2267785611E-01     2.4649709949E+00    -5.7908964426E-02     3.0858425901E-01
    1.8410000000E+01     3.3971254496E+00     9.2211034189E-01     2.4838281907E+00    -5.5591685778E-02     3.0858425901E-01
    1.8420000000E+01     3.4220585082E+00     9.2156606666E-01     2.5028031593E+00    -5.3261126739E-02     3.0858425901E-01
    1.8430000000E+01     3.4471819057E+00     9.2104516444E-01     2.5218960062E+00    -5.0917043255E-02     3.0858425901E-01
    1.8440000000E+01     3.4724968215E+00     9.2054777171E-01     2.5411068191E+00    -4.8559187552E-02     3.0858425901E-01
    1.8450000000E+01     3.4980044356E+00     9.2007402744E-01     2.5604356675E+00    -4.6187308073E-02     3.0858425901E-01
    1.8460000000E+01     3.5237059285E+00     9.1962407314E-01     2.5798826019E+00    -4.3801149406E-02     3.0858425901E-01
    1.8470000000E+01     3.5496024813E+00     9.1919805291E-01     2.5994476537E+00    -4.1400452220E-02     3.0858425901E-01
    1.8480000000E+01     3.5756952753E+00     9.1879611344E-01     2.6191308341E+00    -3.8984953194E-02     3.0858425901E-01
    1.8490000000E+01     3.6019854917E+00     9.1841840408E-01     2.6389321342E+00    -3.6554384947E-02     3.0858425901E-01
    1.8500000000E+01     3.6284743116E+00     9.1806507687E-01     2.6588515237E+00    -3.4108475964E-02     3.0858425901E-01
    1.8510000000E+01     3.6551629157E+00     9.1773628661E-01     2.6788889508E+00    -3.1646950525E-02     3.0858425901E-01
    1.8520000000E+01     3.6820524839E+00     9.1743219085E-01     2.6990443414E+00    -2.9169528630E-02     3.0858425901E-01
    1.8530000000E+01     3.7091441954E+00     9.1715294997E-01     2.7193175987E+00    -2.6675925921E-02     3.0858425901E-01
    1.8540000000E+01     3.7364392283E+00     9.1689872723E-01     2.7397086020E+00    -2.4165853609E-02     3.0858425901E-01
    1.8550000000E+01     3.7639387594E+00     9.1666968878E-01     2.7602172069E+00    -2.1639018391E-02     3.0858425901E-01
    1.8560000000E+01     3.7916439639E+00     9.1646600373E-01     2.7808432438E+00    -1.9095122375E-02     3.0858425901E-01
    1.8570000000E+01     3.8195560151E+00     9.1628784421E-01     2.8015865179E+00    -1.6533862991E-02     3.0858425901E-01
    1.8580000000E+01     3.8476760843E+00     9.1613538537E-01     2.8224468078E+00    -1.3954932919E-02     3.0858425901E-01
    1.8590000000E+01     3.8760053405E+00     9.1600880549E-01     2.8434238657E+00    -1.1358019994E-02     3.0858425901E-01
    1.8600000000E+01     3.9045449499E+00     9.1590828597E-01     2.8645174159E+00    -8.7428071279E-03     3.0858425901E-01
    1.8610000000E+01     3.9332960761E+00     9.1583401142E-01     2.8857271543E+00    -6.1089722193E-03     3.0858425901E-01
    1.8620000000E+01     3.9622598792E+00     9.1578616969E-01     2.9070527479E+00    -3.4561880651E-03     3.0858425901E-01
    1.8630000000E+01     3.9914375160E+00     9.1576495193E-01     2.9284938336E+00    -7.8412227070E-04     3.0858425901E-01
    1.8640000000E+01     4.0208301396E+00     9.1577055264E-01     2.9500500179E+00     1.9075628416E-03     3.0858425901E-01
    1.8650000000E+01     4.0504388987E+00     9.1580316973E-01     2.9717208756E+00     4.6192103263E-03     3.0858425901E-01
    1.8660000000E+01     4.0802649378E+00     9.1586300455E-01     2.9935059495E+00     7.3511687090E-03     3.0858425901E-01
    1.8670000000E+01     4.1103093967E+00     9.1595026199E-01     3.0154047489E+00     1.0103792083E-02     3.0858425901E-01
    1.8680000000E+01     4.1405734101E+00     9.1606515048E-01     3.0374167495E+00     1.2877440209E-02     3.0858425901E-01
    1.8690000000E+01     4.1710581072E+00     9.1620788209E-01     3.0595413921E+00     1.5672478611E-02     3.0858425901E-01
    1.8700000000E+01     4.2017646114E+00     9.1637867259E-01     3.0817780817E+00     1.8489278681E-02     3.0858425901E-01
    1.8710000000E+01     4.2326940402E+00     9.1657774146E-01     3.1041261868E+00     2.1328217783E-02     3.0858425901E-01
    1.8720000000E+01     4.2638475043E+00     9.1680531202E-01     3.1265850381E+00     2.4189679354E-02     3.0858425901E-01
    1.8730000000E+01     4.2952261078E+00     9.1706161142E-01     3.1491539282E+00     2.7074053013E-02     3.0858425901E-01
    1.8740000000E+01     4.3268309472E+00     9.1734687077E-01     3.1718321100E+00     2.9981734670E-02     3.0858425901E-01
    1.8750000000E+01     4.3586631117E+00     9.1766132515E-01     3.1946187961E+00     3.2913126633E-02     3.0858425901E-01
    1.8760000000E+01     4.3907236821E+00     9.1800521370E-01     3.2175131574E+00     3.5868637725E-02     3.0858425901E-01
    1.8770000000E+01     4.4230137308E+00     9.1837877969E-01     3.2405143229E+00     3.8848683391E-02     3.0858425901E-01
    1.8780000000E+01     4.4555343215E+00     9.1878227056E-01     3.2636213775E+00     4.1853685821E-02     3.0858425901E-01
    1.8790000000E+01     4.4882865081E+00     9.1921593802E-01     3.2868333619E+00     4.4884074061E-02     3.0858425901E-01
    1.8800000000E+01     4.5212713351E+00     9.1968003811E-01     3.3101492711E+00     4.7940284137E-02     3.0858425901E-01
    1.8810000000E+01     4.5544898365E+00     9.2017483125E-01     3.3335680534E+00     5.1022759172E-02     3.0858425901E-01
    1.8820000000E+01     4.5879430355E+00     9.2070058234E-01     3.3570886092E+00     5.4131949513E-02     3.0858425901E-01
    1.8830000000E+01     4.6216319441E+00     9.2125756082E-01     3.3807097898E+00     5.7268312854E-02     3.0858425901E-01
    1.8840000000E+01     4.6555575627E+00     9.2184604073E-01     3.4044303963E+00     6.0432314363E-02     3.0858425901E-01
    1.8850000000E+01     4.6897208793E+00     9.2246630081E-01     3.4282491787E+00     6.3624426810E-02     3.0858425901E-01
    1.8860000000E+01     4.7241228692E+00     9.2311862457E-01     3.4521648340E+00     6.6845130700E-02     3.0858425901E-01
    1.8870000000E+01     4.7587644943E+00     9.2380330036E-01     3.4761760056E+00     7.0094914407E-02     3.0858425901E-01
    1.8880000000E+01     4.7936467030E+00     9.2452062144E-01     3.5002812817E+00     7.3374274303E-02     3.0858425901E-01
    1.8890000000E+01     4.8287704288E+00     9.2527088611E-01     3.5244791943E+00     7.6683714902E-02     3.0858425901E-01
    1.8900000000E+01     4.8641365906E+00     9.2605439772E-01     3.5487682173E+00     8.0023748992E-02     3.0858425901E-01
    1.8910000000E+01     4.8997460915E+00     9.2687146480E-01     3.5731467659E+00     8.3394897782E-02     3.0858425901E-01
    1.8920000000E+01     4.9355998188E+00     9.2772240116E-01     3.5976131947E+00     8.6797691043E-02     3.0858425901E-01
    1.8930000000E+01     4.9716986427E+00     9.2860752590E-01     3.6221657965E+00     9.0232667251E-02     3.0858425901E-01
    1.8940000000E+01     5.0080434161E+00     9.2952716360E-01     3.6468028010E+00     9.3700373735E-02     3.0858425901E-01
    1.8950000000E+01     5.0446349739E+00     9.3048164433E-01     3.6715223731E+00     9.7201366828E-02     3.0858425901E-01
    1.8960000000E+01     5.0814741325E+00     9.3147130378E-01     3.6963226116E+00     1.0073621202E-01     3.0858425901E-01
    1.8970000000E+01     5.1185616885E+00     9.3249648333E-01     3.7212015477E+00     1.0430548409E-01     3.0858425901E-01
    1.8980000000E+01     5.1558984189E+00     9.3355753016E-01     3.7461571433E+00     1.0790976731E-01     3.0858425901E-01
    1.8990000000E+01     5.1934850799E+00     9.3465479736E-01     3.7711872899E+00     1.1154965555E-01     3.0858425901E-01
    1.9000000000E+01     5.2313224060E+00     9.3578864397E-01     3.7962898064E+00     1.1522575246E-01     3.0858425900E-01
    1.9010000000E+01     5.2694111097E+00     9.3695943514E-01     3.8214624379E+00     1.1893867163E-01     3.0858425900E-01
    1.9020000000E+01     5.3077518807E+00     9.3816754222E-01     3.8467028541E+00     1.2268903677E-01     3.0858425900E-01
    1.9030000000E+01     5.3463453847E+00     9.3941334281E-01     3.8720086473E+00     1.2647748185E-01     3.0858425900E-01
    1.9040000000E+01     5.3851922633E+00     9.4069722094E-01     3.8973773311E+00     1.3030465125E-01     3.0858425900E-01
    1.9050000000E+01     5.4242931325E+00     9.4201956710E-01     3.9228063383E+00     1.3417120001E-01     3.0858425900E-01
    1.9060000000E+01     5.4636485823E+00     9.4338077842E-01     3.9482930195E+00     1.3807779389E-01     3.0858425900E-01
    1.9070000000E+01     5.5032591760E+00     9.4478125872E-01     3.9738346411E+00     1.4202510965E-01     3.0858425900E-01
    1.9080000000E+01     5.5431254489E+00     9.4622141864E-01     3.9994283834E+00     1.4601383514E-01     3.0858425900E-01
    1.9090000000E+01     5.5832479077E+00     9.4770167578E-01     4.0250713391E+00     1.5004466953E-01     3.0858425900E-01
    1.9100000000E+01     5.6236270297E+00     9.4922245477E-01     4.0507605112E+00     1.5411832348E-01     3.0858425900E-01
    1.9110000000E+01     5.6642632617E+00     9.5078418739E-01     4.0764928109E+00     1.5823551929E-01     3.0858425900E-01
    1.9120000000E+01     5.7051570191E+00     9.5238731274E-01     4.1022650561E+00     1.6239699112E-01     3.0858425900E-01
    1.9130000000E+01     5.7463086851E+00     9.5403227729E-01     4.1280739692E+00     1.6660348517E-01     3.0858425900E-01
    1.9140000000E+01     5.7877186095E+00     9.5571953504E-01     4.1539161751E+00     1.7085575982E-01     3.0858425900E-01
    1.9150000000E+01     5.8293871080E+00     9.5744954765E-01     4.1797881989E+00     1.7515458590E-01     3.0858425900E-01
    1.9160000000E+01     5.8713144609E+00     9.5922278454E-01     4.2056864646E+00     1.7950074680E-01     3.0858425900E-01
    1.9170000000E+01     5.9135009125E+00     9.6103972303E-01     4.2316072921E+00     1.8389503869E-01     3.0858425900E-01
    1.9180000000E+01     5.9559466694E+00     9.6290084845E-01     4.2575468958E+00     1.8833827075E-01     3.0858425900E-01
    1.9190000000E+01     5.9986519000E+00     9.6480665431E-01     4.2835013820E+00     1.9283126528E-01     3.0858425900E-01
    1.9200000000E+01     6.0416167333E+00     9.6675764241E-01     4.3094667468E+00     1.9737485798E-01     3.0858425900E-01
    1.9210000000E+01     6.0848412575E+00     9.6875432296E-01     4.3354388742E+00     2.0196989809E-01     3.0858425900E-01
    1.9220000000E+01     6.1283255192E+00     9.7079721474E-01     4.3614135331E+00     2.0661724861E-01     3.0858425900E-01
    1.9230000000E+01     6.1720695221E+00     9.7288684523E-01     4.3873863760E+00     2.1131778650E-01     3.0858425900E-01
    1.9240000000E+01     6.2160732258E+00     9.7502375073E-01     4.4133529358E+00     2.1607240285E-01     3.0858425900E-01
    1.9250000000E+01     6.2603365446E+00     9.7720847656E-01     4.4393086241E+00     2.2088200313E-01     3.0858425900E-01
    1.9260000000E+01     6.3048593464E+00     9.7944157714E-01     4.4652487283E+00     2.2574750733E-01     3.0858425900E-01
    1.9270000000E+01     6.3496414511E+00     9.8172361617E-01     4.4911684095E+00     2.3066985021E-01     3.0858425900E-01
    1.9280000000E+01     6.3946826299E+00     9.8405516677E-01     4.5170627002E+00     2.3564998148E-01     3.0858425900E-01
    1.9290000000E+01     6.4399826035E+00     9.8643681164E-01     4.5429265013E+00     2.4068886599E-01     3.0858425900E-01
    1.9300000000E+01     6.4855410409E+00     9.8886914320E-01     4.5687545801E+00     2.4578748395E-01     3.0858425900E-01
    1.9310000000E+01     6.5313575582E+00     9.9135276375E-01     4.5945415674E+00     2.5094683113E-01     3.0858425900E-01
    1.9320000000E+01     6.5774317169E+00     9.9388828563E-01     4.6202819554E+00     2.5616791905E-01     3.0858425900E-01
    1.9330000000E+01     6.6237630231E+00     9.9647633136E-01     4.6459700946E+00     2.6145177516E-01     3.0858425900E-01
    1.9340000000E+01     6.6703509254E+00     9.9911753383E-01     4.6716001914E+00     2.6679944310E-01     3.0858425900E-01
    1.9350000000E+01     6.7171948137E+00     1.0018125365E+00     4.6971663054E+00     2.7221198283E-01     3.0858425900E-01
    1.9360000000E+01     6.7642940179E+00     1.0045619933E+00     4.7226623469E+00     2.7769047088E-01     3.0858425900E-01
    1.9370000000E+01     6.8116478063E+00     1.0073665693E+00     4.7480820740E+00     2.8323600048E-01     3.0858425900E-01
    1.9380000000E+01     6.8592553837E+00     1.0102269405E+00     4.7734190899E+00     2.8884968184E-01     3.0858425900E-01
    1.9390000000E+01     6.9071158905E+00     1.0131437939E+00     4.7986668402E+00     2.9453264227E-01     3.0858425900E-01
    1.9400000000E+01     6.9552284006E+00     1.0161178281E+00     4.8238186101E+00     3.0028602639E-01     3.0858425900E-01
    1.9410000000E+01     7.0035919199E+00     1.0191497531E+00     4.8488675216E+00     3.0611099634E-01     3.0858425900E-01
    1.9420000000E+01     7.0522053847E+00     1.0222402906E+00     4.8738065305E+00     3.1200873193E-01     3.0858425900E-01
    1.9430000000E+01     7.1010676601E+00     1.0253901742E+00     4.8986284240E+00     3.1798043083E-01     3.0858425900E-01
    1.9440000000E+01     7.1501775382E+00     1.0286001498E+00     4.9233258173E+00     3.2402730876E-01     3.0858425900E-01
    1.9450000000E+01     7.1995337363E+00     1.0318709751E+00     4.9478911512E+00     3.3015059964E-01     3.0858425900E-01
    1.9460000000E+01     7.2491348953E+00     1.0352034207E+00     4.9723166886E+00     3.3635155577E-01     3.0858425900E-01
    1.9470000000E+01     7.2989795777E+00     1.0385982694E+00     4.9965945125E+00     3.4263144801E-01     3.0858425900E-01
    1.9480000000E+01     7.3490662662E+00     1.0420563170E+00     5.0207165220E+00     3.4899156588E-01     3.0858425899E-01
    1.9490000000E+01     7.3993933612E+00     1.0455783725E+00     5.0446744302E+00     3.5543321779E-01     3.0858425899E-01
    1.9500000000E+01     7.4499591795E+00     1.0491652576E+00     5.0684597608E+00     3.6195773113E-01     3.0858425899E-01
    1.9510000000E+01     7.5007619523E+00     1.0528178078E+00     5.0920638454E+00     3.6856645241E-01     3.0858425899E-01
    1.9520000000E+01     7.5517998228E+00     1.0565368719E+00     5.1154778203E+00     3.7526074743E-01     3.0858425899E-01
    1.9530000000E+01     7.6030708448E+00     1.0603233126E+00     5.1386926237E+00     3.8204200136E-01     3.0858425899E-01
    1.9540000000E+01     7.6545729805E+00     1.0641780065E+00     5.1616989927E+00     3.8891161888E-01     3.0858425899E-01
    1.9550000000E+01     7.7063040983E+00     1.0681018442E+00     5.1844874602E+00     3.9587102428E-01     3.0858425899E-01
    1.9560000000E+01     7.7582619711E+00     1.0720957310E+00     5.2070483524E+00     4.0292166154E-01     3.0858425899E-01
    1.9570000000E+01     7.8104442739E+00     1.0761605865E+00     5.2293717851E+00     4.1006499444E-01     3.0858425899E-01
    1.9580000000E+01     7.8628485817E+00     1.0802973449E+00     5.2514476615E+00     4.1730250664E-01     3.0858425899E-01
    1.9590000000E+01     7.9154723676E+00     1.0845069555E+00     5.2732656687E+00     4.2463570168E-01     3.0858425899E-01
    1.9600000000E+01     7.9683130004E+00     1.0887903829E+00     5.2948152753E+00     4.3206610312E-01     3.0858425899E-01
    1.9610000000E+01     8.0213677426E+00     1.0931486068E+00     5.3160857280E+00     4.3959525451E-01     3.0858425899E-01
    1.9620000000E+01     8.0746337479E+00     1.0975826224E+00     5.3370660491E+00     4.4722471942E-01     3.0858425899E-01
    1.9630000000E+01     8.1281080591E+00     1.1020934408E+00     5.3577450338E+00     4.5495608149E-01     3.0858425899E-01
    1.9640000000E+01     8.1817876060E+00     1.1066820890E+00     5.3781112467E+00     4.6279094436E-01     3.0858425899E-01
    1.9650000000E+01     8.2356692026E+00     1.1113496101E+00     5.3981530199E+00     4.7073093169E-01     3.0858425899E-01
    1.9660000000E+01     8.2897495453E+00     1.1160970635E+00     5.4178584498E+00     4.7877768708E-01     3.0858425899E-01
    1.9670000000E+01     8.3440252100E+00     1.1209255253E+00     5.4372153944E+00     4.8693287404E-01     3.0858425899E-01
    1.9680000000E+01     8.3984926503E+00     1.1258360881E+00     5.4562114709E+00     4.9519817588E-01     3.0858425899E-01
    1.9690000000E+01     8.4531481945E+00     1.1308298615E+00     5.4748340530E+00     5.0357529562E-01     3.0858425899E-01
    1.9700000000E+01     8.5079880435E+00     1.1359079725E+00     5.4930702686E+00     5.1206595583E-01     3.0858425899E-01
    1.9710000000E+01     8.5630082683E+00     1.1410715649E+00     5.5109069970E+00     5.2067189854E-01     3.0858425899E-01
    1.9720000000E+01     8.6182048073E+00     1.1463218006E+00     5.5283308671E+00     5.2939488501E-01     3.0858425899E-01
    1.9730000000E+01     8.6735734640E+00     1.1516598587E+00     5.5453282544E+00     5.3823669552E-01     3.0858425899E-01
    1.9740000000E+01     8.7291099045E+00     1.1570869366E+00     5.5618852797E+00     5.4719912921E-01     3.0858425899E-01
    1.9750000000E+01     8.7848096547E+00     1.1626042494E+00     5.5779878062E+00     5.5628400372E-01     3.0858425899E-01
    1.9760000000E+01     8.8406680977E+00     1.1682130309E+00     5.5936214381E+00     5.6549315499E-01     3.0858425899E-01
    1.9770000000E+01     8.8966804716E+00     1.1739145330E+00     5.6087715185E+00     5.7482843689E-01     3.0858425899E-01
    1.9780000000E+01     8.9528418665E+00     1.1797100263E+00     5.6234231277E+00     5.8429172086E-01     3.0858425899E-01
    1.9790000000E+01     9.0091472220E+00     1.1856008003E+00     5.6375610815E+00     5.9388489555E-01     3.0858425899E-01
    1.9800000000E+01     9.0655913245E+00     1.1915881635E+00     5.6511699299E+00     6.0360986635E-01     3.0858425899E-01
    1.9810000000E+01     9.1221688046E+00     1.1976734434E+00     5.6642339557E+00     6.1346855498E-01     3.0858425899E-01
    1.9820000000E+01     9.1788741343E+00     1.2038579868E+00     5.6767371731E+00     6.2346289893E-01     3.0858425899E-01
    1.9830000000E+01     9.2357016245E+00     1.2101431601E+00     5.6886633273E+00     6.3359485091E-01     3.0858425899E-01
    1.9840000000E+01     9.2926454223E+00     1.2165303491E+00     5.6999958927E+00     6.4386637831E-01     3.0858425899E-01
    1.9850000000E+01     9.3496995078E+00     1.2230209595E+00     5.7107180734E+00     6.5427946250E-01     3.0858425899E-01
    1.9860000000E+01     9.4068576923E+00     1.2296164168E+00     5.7208128018E+00     6.6483609819E-01     3.0858425899E-01
    1.9870000000E+01     9.4641136146E+00     1.2363181666E+00     5.7302627389E+00     6.7553829263E-01     3.0858425899E-01
    1.9880000000E+01     9.5214607391E+00     1.2431276746E+00     5.7390502740E+00     6.8638806490E-01     3.0858425899E-01
    1.9890000000E+01     9.5788923525E+00     1.2500464266E+00     5.7471575252E+00     6.9738744498E-01     3.0858425899E-01
    1.9900000000E+01     9.6364015615E+00     1.2570759290E+00     5.7545663396E+00     7.0853847291E-01     3.0858425899E-01
    1.9910000000E+01     9.6939812898E+00     1.2642177084E+00     5.7612582941E+00     7.1984319779E-01     3.0858425899E-01
    1.9920000000E+01     9.7516242755E+00     1.2714733121E+00     5.7672146966E+00     7.3130367678E-01     3.0858425899E-01
    1.9930000000E+01     9.8093230687E+00     1.2788443080E+00     5.7724165868E+00     7.4292197398E-01     3.0858425899E-01
    1.9940000000E+01     9.8670700282E+00     1.2863322846E+00     5.7768447384E+00     7.5470015932E-01     3.0858425899E-01
    1.9950000000E+01     9.9248573194E+00     1.2939388511E+00     5.7804796605E+00     7.6664030727E-01     3.0858425899E-01
    1.9960000000E+01     9.9826769115E+00     1.3016656375E+00     5.7833016001E+00     7.7874449561E-01     3.0858425899E-01
    1.9970000000E+01     1.0040520575E+01     1.3095142947E+00     5.7852905446E+00     7.9101480403E-01     3.0858425899E-01
    1.9980000000E+01     1.0098379878E+01     1.3174864943E+00     5.7864262246E+00     8.0345331265E-01     3.0858425898E-01
    1.9990000000E+01     1.0156246187E+01     1.3255839286E+00     5.7866881175E+00     8.1606210055E-01     3.0858425898E-01
    2.0000000000E+01     1.0214110659E+01     1.3338083108E+00     5.7860554509E+00     8.2884324409E-01     3.0858425898E-01
    2.0010000000E+01     1.0271964244E+01     1.3421613749E+00     5.7845072073E+00     8.4179881527E-01     3.0858425898E-01
    2.0020000000E+01     1.0329797680E+01     1.3506448754E+00     5.7820221278E+00     8.5493087992E-01     3.0858425898E-01
    2.0030000000E+01     1.0387601492E+01     1.3592605877E+00     5.7785787178E+00     8.6824149577E-01     3.0858425898E-01
    2.0040000000E+01     1.0445365988E+01     1.3680103073E+00     5.7741552524E+00     8.8173271057E-01     3.0858425898E-01
    2.0050000000E+01     1.0503081257E+01     1.3768958507E+00     5.7687297820E+00     8.9540655993E-01     3.0858425898E-01
    2.0060000000E+01     1.0560737169E+01     1.3859190541E+00     5.7622801391E+00     9.0926506518E-01     3.0858425898E-01
    2.0070000000E+01     1.0618323371E+01     1.3950817742E+00     5.7547839455E+00     9.2331023109E-01     3.0858425899E-01
    2.0080000000E+01     1.0675829285E+01     1.4043858875E+00     5.7462186191E+00     9.3754404347E-01     3.0858425899E-01
    2.0090000000E+01     1.0733244104E+01     1.4138332904E+00     5.7365613831E+00     9.5196846668E-01     3.0858425899E-01
    2.0100000000E+01     1.0790556796E+01     1.4234258987E+00     5.7257892738E+00     9.6658544100E-01     3.0858425899E-01
    2.0110000000E+01     1.0847756096E+01     1.4331656474E+00     5.7138791502E+00     9.8139687991E-01     3.0858425899E-01
    2.0120000000E+01     1.0904830508E+01     1.4430544908E+00     5.7008077045E+00     9.9640466726E-01     3.0858425899E-01
    2.0130000000E+01     1.0961768301E+01     1.4530944015E+00     5.6865514718E+00     1.0116106542E+00     3.0858425899E-01
    2.0140000000E+01     1.1018557509E+01     1.4632873706E+00     5.6710868421E+00     1.0270166563E+00     3.0858425899E-01
    2.0150000000E+01     1.1075185931E+01     1.4736354072E+00     5.6543900721E+00     1.0426244500E+00     3.0858425899E-01
    2.0160000000E+01     1.1131641124E+01     1.4841405380E+00     5.6364372978E+00     1.0584357695E+00     3.0858425899E-01
    2.0170000000E+01     1.1187910410E+01     1.4948048067E+00     5.6172045481E+00     1.0744523031E+00     3.0858425899E-01
    2.0180000000E+01     1.1243980868E+01     1.5056302736E+00     5.5966677588E+00     1.0906756897E+00     3.0858425899E-01
    2.0190000000E+01     1.1299839338E+01     1.5166190153E+00     5.5748027880E+00     1.1071075149E+00     3.0858425899E-01
    2.0200000000E+01     1.1355472416E+01     1.5277731238E+00     5.5515854317E+00     1.1237493070E+00     3.0858425899E-01
    2.0210000000E+01     1.1410866458E+01     1.5390947062E+00     5.5269914403E+00     1.1406025334E+00     3.0858425899E-01
    2.0220000000E+01     1.1466007575E+01     1.5505858839E+00     5.5009965364E+00     1.1576685956E+00     3.0858425899E-01
    2.0230000000E+01     1.1520881638E+01     1.5622487920E+00     5.4735764330E+00     1.1749488254E+00     3.0858425899E-01
    2.0240000000E+01     1.1575474272E+01     1.5740855785E+00     5.4447068530E+00     1.1924444803E+00     3.0858425899E-01
    2.0250000000E+01     1.1629770863E+01     1.5860984036E+00     5.4143635489E+00     1.2101567385E+00     3.0858425899E-01
    2.0260000000E+01     1.1683756550E+01     1.5982894390E+00     5.3825223247E+00     1.2280866946E+00     3.0858425899E-01
    2.0270000000E+01     1.1737416236E+01     1.6106608666E+00     5.3491590571E+00     1.2462353539E+00     3.0858425899E-01
    2.0280000000E+01     1.1790734578E+01     1.6232148781E+00     5.3142497195E+00     1.2646036278E+00     3.0858425899E-01
    2.0290000000E+01     1.1843695997E+01     1.6359536739E+00     5.2777704052E+00     1.2831923283E+00     3.0858425899E-01
    2.0300000000E+01     1.1896284674E+01     1.6488794618E+00     5.2396973530E+00     1.3020021623E+00     3.0858425899E-01
    2.0310000000E+01     1.1948484553E+01     1.6619944562E+00     5.2000069732E+00     1.3210337262E+00     3.0858425899E-01
    2.0320000000E+01     1.2000279344E+01     1.6753008770E+00     5.1586758746E+00     1.3402875001E+00     3.0858425899E-01
    2.0330000000E+01     1.2051652524E+01     1.6888009481E+00     5.1156808927E+00     1.3597638417E+00     3.0858425899E-01
    2.0340000000E+01     1.2102587339E+01     1.7024968965E+00     5.0709991191E+00     1.3794629799E+00     3.0858425899E-01
    2.0350000000E+01     1.2153066808E+01     1.7163909507E+00     5.0246079318E+00     1.3993850090E+00     3.0858425899E-01
    2.0360000000E+01     1.2203073725E+01     1.7304853395E+00     4.9764850263E+00     1.4195298821E+00     3.0858425899E-01
    2.0370000000E+01     1.2252590663E+01     1.7447822905E+00     4.9266084485E+00     1.4398974040E+00     3.0858425899E-01
    2.0380000000E+01     1.2301599977E+01     1.7592840286E+00     4.8749566282E+00     1.4604872251E+00     3.0858425899E-01
    2.0390000000E+01     1.2350083808E+01     1.7739927744E+00     4.8215084134E+00     1.4812988340E+00     3.0858425899E-01
    2.0400000000E+01     1.2398024088E+01     1.7889107424E+00     4.7662431068E+00     1.5023315506E+00     3.0858425900E-01
    2.0410000000E+01     1.2445402545E+01     1.8040401396E+00     4.7091405020E+00     1.5235845187E+00     3.0858425900E-01
    2.0420000000E+01     1.2492200708E+01     1.8193831635E+00     4.6501809218E+00     1.5450566989E+00     3.0858425900E-01
    2.0430000000E+01     1.2538399910E+01     1.8349420002E+00     4.5893452572E+00     1.5667468610E+00     3.0858425900E-01
    2.0440000000E+01     1.2583981298E+01     1.8507188225E+00     4.5266150075E+00     1.5886535760E+00     3.0858425900E-01
    2.0450000000E+01     1.2628925836E+01     1.8667157881E+00     4.4619723215E+00     1.6107752092E+00     3.0858425900E-01
    2.0460000000E+01     1.2673214312E+01     1.8829350370E+00     4.3954000397E+00     1.6331099112E+00     3.0858425900E-01
    2.0470000000E+01     1.2716827350E+01     1.8993786897E+00     4.3268817373E+00     1.6556556109E+00     3.0858425900E-01
    2.0480000000E+01     1.2759745408E+01     1.9160488449E+00     4.2564017689E+00     1.6784100071E+00     3.0858425900E-01
    2.0490000000E+01     1.2801948797E+01     1.9329475770E+00     4.1839453132E+00     1.7013705599E+00     3.0858425900E-01
    2.0500000000E+01     1.2843417679E+01     1.9500769340E+00     4.1094984192E+00     1.7245344834E+00     3.0858425900E-01
    2.0510000000E+01     1.2884132087E+01     1.9674389345E+00     4.0330480535E+00     1.7478987366E+00     3.0858425900E-01
    2.0520000000E+01     1.2924071922E+01     1.9850355655E+00     3.9545821476E+00     1.7714600154E+00     3.0858425900E-01
    2.0530000000E+01     1.2963216974E+01     2.0028687797E+00     3.8740896470E+00     1.7952147443E+00     3.0858425900E-01
    2.0540000000E+01     1.3001546926E+01     2.0209404924E+00     3.7915605600E+00     1.8191590677E+00     3.0858425900E-01
    2.0550000000E+01     1.3039041367E+01     2.0392525792E+00     3.7069860084E+00     1.8432888421E+00     3.0858425900E-01
    2.0560000000E+01     1.3075679802E+01     2.0578068726E+00     3.6203582778E+00     1.8675996271E+00     3.0858425901E-01
    2.0570000000E+01     1.3111441667E+01     2.0766051593E+00     3.5316708688E+00     1.8920866774E+00     3.0858425901E-01
    2.0580000000E+01     1.3146306337E+01     2.0956491769E+00     3.4409185487E+00     1.9167449346E+00     3.0858425901E-01
    2.0590000000E+01     1.3180253142E+01     2.1149406108E+00     3.3480974037E+00     1.9415690187E+00     3.0858425901E-01
    2.0600000000E+01     1.3213261380E+01     2.1344810910E+00     3.2532048913E+00     1.9665532202E+00     3.0858425901E-01
    2.0610000000E+01     1.3245310331E+01     2.1542721888E+00     3.1562398927E+00     1.9916914923E+00     3.0858425901E-01
    2.0620000000E+01     1.3276379270E+01     2.1743154132E+00     3.0572027659E+00     2.0169774426E+00     3.0858425901E-01
    2.0630000000E+01     1.3306447485E+01     2.1946122075E+00     2.9560953980E+00     2.0424043260E+00     3.0858425901E-01
    2.0640000000E+01     1.3335494289E+01     2.2151639458E+00     2.8529212583E+00     2.0679650366E+00     3.0858425901E-01
    2.0650000000E+01     1.3363499038E+01     2.2359719294E+00     2.7476854506E+00     2.0936521010E+00     3.0858425901E-01
    2.0660000000E+01     1.3390441148E+01     2.2570373829E+00     2.6403947650E+00     2.1194576714E+00     3.0858425901E-01
    2.0670000000E+01     1.3416300112E+01     2.2783614505E+00     2.5310577298E+00     2.1453735181E+00     3.0858425901E-01
    2.0680000000E+01     1.3441055516E+01     2.2999451922E+00     2.4196846629E+00     2.1713910243E+00     3.0858425901E-01
    2.0690000000E+01     1.3464687059E+01     2.3217895798E+00     2.3062877211E+00     2.1975011790E+00     3.0858425901E-01
    2.0700000000E+01     1.3487174571E+01     2.3438954933E+00     2.1908809506E+00     2.2236945720E+00     3.0858425901E-01
    2.0710000000E+01     1.3508498031E+01     2.3662637161E+00     2.0734803344E+00     2.2499613886E+00     3.0858425901E-01
    2.0720000000E+01     1.3528637591E+01     2.3888949317E+00     1.9541038403E+00     2.2762914047E+00     3.0858425902E-01
    2.0730000000E+01     1.3547573588E+01     2.4117897194E+00     1.8327714659E+00     2.3026739826E+00     3.0858425902E-01
    2.0740000000E+01     1.3565286574E+01     2.4349485498E+00     1.7095052831E+00     2.3290980671E+00     3.0858425902E-01
    2.0750000000E+01     1.3581757328E+01     2.4583717809E+00     1.5843294808E+00     2.3555521828E+00     3.0858425902E-01
    2.0760000000E+01     1.3596966886E+01     2.4820596539E+00     1.4572704052E+00     2.3820244307E+00     3.0858425902E-01
    2.0770000000E+01     1.3610896554E+01     2.5060122889E+00     1.3283565984E+00     2.4085024872E+00     3.0858425902E-01
    2.0780000000E+01     1.3623527938E+01     2.5302296806E+00     1.1976188347E+00     2.4349736019E+00     3.0858425902E-01
    2.0790000000E+01     1.3634842961E+01     2.5547116939E+00     1.0650901542E+00     2.4614245981E+00     3.0858425902E-01
    2.0800000000E+01     1.3644823889E+01     2.5794580601E+00     9.3080589395E-01     2.4878418718E+00     3.0858425902E-01
    2.0810000000E+01     1.3653453352E+01     2.6044683722E+00     7.9480371643E-01     2.5142113938E+00     3.0858425902E-01
    2.0820000000E+01     1.3660714370E+01     2.6297420807E+00     6.5712363443E-01     2.5405187107E+00     3.0858425902E-01
    2.0830000000E+01     1.3666590373E+01     2.6552784895E+00     5.1780803316E-01     2.5667489483E+00     3.0858425902E-01
    2.0840000000E+01     1.3671065227E+01     2.6810767518E+00     3.7690168868E-01     2.5928868147E+00     3.0858425902E-01
    2.0850000000E+01     1.3674123261E+01     2.7071358656E+00     2.3445178281E-01     2.6189166048E+00     3.0858425902E-01
    2.0860000000E+01     1.3675749283E+01     2.7334546700E+00     9.0507914081E-02     2.6448222063E+00     3.0858425902E-01
    2.0870000000E+01     1.3675928612E+01     2.7600318408E+00    -5.4877895283E-02     2.6705871059E+00     3.0858425902E-01
    2.0880000000E+01     1.3674647100E+01     2.7868658868E+00    -2.0165119661E-01     2.6961943969E+00     3.0858425902E-01
    2.0890000000E+01     1.3671891153E+01     2.8139551457E+00    -3.4975511647E-01     2.7216267878E+00     3.0858425902E-01
    2.0900000000E+01     1.3667647759E+01     2.8412977807E+00    -4.9913036292E-01     2.7468666123E+00     3.0858425902E-01
    2.0910000000E+01     1.3661904513E+01     2.8688917760E+00    -6.4971523656E-01     2.7718958399E+00     3.0858425902E-01
    2.0920000000E+01     1.3654649636E+01     2.8967349342E+00    -8.0144564645E-01     2.7966960878E+00     3.0858425902E-01
    2.0930000000E+01     1.3645872003E+01     2.9248248721E+00    -9.5425513122E-01     2.8212486348E+00     3.0858425902E-01
    2.0940000000E+01     1.3635561166E+01     2.9531590178E+00    -1.1080748853E+00     2.8455344347E+00     3.0858425902E-01
    2.0950000000E+01     1.3623707375E+01     2.9817346072E+00    -1.2628337907E+00     2.8695341328E+00     3.0858425902E-01
    2.0960000000E+01     1.3610301604E+01     3.0105486813E+00    -1.4184584539E+00     2.8932280820E+00     3.0858425901E-01
    2.0970000000E+01     1.3595335571E+01     3.0395980833E+00    -1.5748732491E+00     2.9165963611E+00     3.0858425901E-01
    2.0980000000E+01     1.3578801764E+01     3.0688794557E+00    -1.7320003663E+00     2.9396187944E+00     3.0858425901E-01
    2.0990000000E+01     1.3560693456E+01     3.0983892383E+00    -1.8897598656E+00     2.9622749715E+00     3.0858425901E-01
    2.1000000000E+01     1.3541004732E+01     3.1281236655E+00    -2.0480697378E+00     2.9845442695E+00     3.0858425901E-01
    2.1010000000E+01     1.3519730506E+01     3.1580787647E+00    -2.2068459698E+00     3.0064058758E+00     3.0858425901E-01
    2.1020000000E+01     1.3496866544E+01     3.1882503542E+00    -2.3660026173E+00     3.0278388123E+00     3.0858425901E-01
    2.1030000000E+01     1.3472409478E+01     3.2186340417E+00    -2.5254518820E+00     3.0488219604E+00     3.0858425901E-01
    2.1040000000E+01     1.3446356830E+01     3.2492252233E+00    -2.6851041963E+00     3.0693340879E+00     3.0858425901E-01
    2.1050000000E+01     1.3418707022E+01     3.2800190823E+00    -2.8448683125E+00     3.0893538762E+00     3.0858425901E-01
    2.1060000000E+01     1.3389459400E+01     3.3110105884E+00    -3.0046513987E+00     3.1088599493E+00     3.0858425901E-01
    2.1070000000E+01     1.3358614245E+01     3.3421944975E+00    -3.1643591402E+00     3.1278309033E+00     3.0858425900E-01
    2.1080000000E+01     1.3326172787E+01     3.3735653514E+00    -3.3238958468E+00     3.1462453376E+00     3.0858425900E-01
    2.1090000000E+01     1.3292137221E+01     3.4051174780E+00    -3.4831645653E+00     3.1640818859E+00     3.0858425900E-01
    2.1100000000E+01     1.3256510716E+01     3.4368449918E+00    -3.6420671977E+00     3.1813192496E+00     3.0858425900E-01
    2.1110000000E+01     1.3219297428E+01     3.4687417950E+00    -3.8005046247E+00     3.1979362307E+00     3.0858425900E-01
    2.1120000000E+01     1.3180502507E+01     3.5008015783E+00    -3.9583768339E+00     3.2139117667E+00     3.0858425900E-01
    2.1130000000E+01     1.3140132111E+01     3.5330178225E+00    -4.1155830531E+00     3.2292249647E+00     3.0858425900E-01
    2.1140000000E+01     1.3098193404E+01     3.5653838008E+00    -4.2720218884E+00     3.2438551379E+00     3.0858425899E-01
    2.1150000000E+01     1.3054694570E+01     3.5978925803E+00    -4.4275914659E+00     3.2577818412E+00     3.0858425899E-01
    2.1160000000E+01     1.3009644813E+01     3.6305370254E+00    -4.5821895781E+00     3.2709849079E+00     3.0858425899E-01
    2.1170000000E+01     1.2963054358E+01     3.6633098001E+00    -4.7357138341E+00     3.2834444870E+00     3.0858425899E-01
    2.1180000000E+01     1.2914934457E+01     3.6962033718E+00    -4.8880618121E+00     3.2951410800E+00     3.0858425899E-01
    2.1190000000E+01     1.2865297384E+01     3.7292100147E+00    -5.0391312162E+00     3.3060555788E+00     3.0858425899E-01
    2.1200000000E+01     1.2814156435E+01     3.7623218141E+00    -5.1888200352E+00     3.3161693027E+00     3.0858425898E-01
    2.1210000000E+01     1.2761525924E+01     3.7955306707E+00    -5.3370267034E+00     3.3254640366E+00     3.0858425898E-01
    2.1220000000E+01     1.2707421178E+01     3.8288283057E+00    -5.4836502638E+00     3.3339220676E+00     3.0858425898E-01
    2.1230000000E+01     1.2651858530E+01     3.8622062657E+00    -5.6285905320E+00     3.3415262223E+00     3.0858425898E-01
    2.1240000000E+01     1.2594855309E+01     3.8956559285E+00    -5.7717482615E+00     3.3482599040E+00     3.0858425898E-01
    2.1250000000E+01     1.2536429833E+01     3.9291685089E+00    -5.9130253093E+00     3.3541071280E+00     3.0858425898E-01
    2.1260000000E+01     1.2476601395E+01     3.9627350650E+00    -6.0523248015E+00     3.3590525580E+00     3.0858425897E-01
    2.1270000000E+01     1.2415390248E+01     3.9963465051E+00    -6.1895512979E+00     3.3630815405E+00     3.0858425897E-01
    2.1280000000E+01     1.2352817592E+01     4.0299935945E+00    -6.3246109564E+00     3.3661801391E+00     3.0858425897E-01
    2.1290000000E+01     1.2288905558E+01     4.0636669626E+00    -6.4574116953E+00     3.3683351673E+00     3.0858425897E-01
    2.1300000000E+01     1.2223677188E+01     4.0973571111E+00    -6.5878633535E+00     3.3695342208E+00     3.0858425897E-01
    2.1310000000E+01     1.2157156415E+01     4.1310544217E+00    -6.7158778489E+00     3.3697657078E+00     3.0858425897E-01
    2.1320000000E+01     1.2089368042E+01     4.1647491641E+00    -6.8413693327E+00     3.3690188790E+00     3.0858425896E-01
    2.1330000000E+01     1.2020337717E+01     4.1984315052E+00    -6.9642543409E+00     3.3672838554E+00     3.0858425896E-01
    2.1340000000E+01     1.1950091913E+01     4.2320915172E+00    -7.0844519417E+00     3.3645516547E+00     3.0858425896E-01
    2.1350000000E+01     1.1878657897E+01     4.2657191874E+00    -7.2018838781E+00     3.3608142164E+00     3.0858425896E-01
    2.1360000000E+01     1.1806063706E+01     4.2993044269E+00    -7.3164747058E+00     3.3560644249E+00     3.0858425896E-01
    2.1370000000E+01     1.1732338116E+01     4.3328370807E+00    -7.4281519253E+00     3.3502961308E+00     3.0858425896E-01
    2.1380000000E+01     1.1657510612E+01     4.3663069372E+00    -7.5368461087E+00     3.3435041705E+00     3.0858425895E-01
    2.1390000000E+01     1.1581611358E+01     4.3997037379E+00    -7.6424910195E+00     3.3356843832E+00     3.0858425895E-01
    2.1400000000E+01     1.1504671166E+01     4.4330171882E+00    -7.7450237263E+00     3.3268336268E+00     3.0858425895E-01
    2.1410000000E+01     1.1426721456E+01     4.4662369668E+00    -7.8443847089E+00     3.3169497910E+00     3.0858425895E-01
    2.1420000000E+01     1.1347794231E+01     4.4993527367E+00    -7.9405179573E+00     3.3060318081E+00     3.0858425895E-01
    2.1430000000E+01     1.1267922031E+01     4.5323541556E+00    -8.0333710630E+00     3.2940796621E+00     3.0858425895E-01
    2.1440000000E+01     1.1187137906E+01     4.5652308861E+00    -8.1228953017E+00     3.2810943952E+00     3.0858425895E-01
    2.1450000000E+01     1.1105475372E+01     4.5979726067E+00    -8.2090457084E+00     3.2670781117E+00     3.0858425895E-01
    2.1460000000E+01     1.1022968376E+01     4.6305690221E+00    -8.2917811433E+00     3.2520339803E+00     3.0858425895E-01
    2.1470000000E+01     1.0939651257E+01     4.6630098741E+00    -8.3710643494E+00     3.2359662333E+00     3.0858425895E-01
    2.1480000000E+01     1.0855558708E+01     4.6952849522E+00    -8.4468620006E+00     3.2188801639E+00     3.0858425894E-01
    2.1490000000E+01     1.0770725734E+01     4.7273841040E+00    -8.5191447417E+00     3.2007821206E+00     3.0858425894E-01
    2.1500000000E+01     1.0685187614E+01     4.7592972459E+00    -8.5878872180E+00     3.1816795000E+00     3.0858425894E-01
    2.1510000000E+01     1.0598979862E+01     4.7910143734E+00    -8.6530680965E+00     3.1615807367E+00     3.0858425894E-01
    2.1520000000E+01     1.0512138182E+01     4.8225255716E+00    -8.7146700779E+00     3.1404952909E+00     3.0858425894E-01
    2.1530000000E+01     1.0424698434E+01     4.8538210251E+00    -8.7726798986E+00     3.1184336341E+00     3.0858425894E-01
    2.1540000000E+01     1.0336696589E+01     4.8848910284E+00    -8.8270883245E+00     3.0954072318E+00     3.0858425894E-01
    2.1550000000E+01     1.0248168690E+01     4.9157259953E+00    -8.8778901347E+00     3.0714285254E+00     3.0858425894E-01
    2.1560000000E+01     1.0159150813E+01     4.9463164691E+00    -8.9250840971E+00     3.0465109103E+00     3.0858425894E-01
    2.1570000000E+01     1.0069679026E+01     4.9766531315E+00    -8.9686729344E+00     3.0206687131E+00     3.0858425894E-01
    2.1580000000E+01     9.9797893499E+00     5.0067268121E+00    -9.0086632819E+00     2.9939171669E+00     3.0858425894E-01
    2.1590000000E+01     9.8895177207E+00     5.0365284973E+00    -9.0450656370E+00     2.9662723835E+00     3.0858425894E-01
    2.1600000000E+01     9.7988999498E+00     5.0660493387E+00    -9.0778942997E+00     2.9377513256E+00     3.0858425894E-01
    2.1610000000E+01     9.7079716872E+00     5.0952806621E+00    -9.1071673063E+00     2.9083717758E+00     3.0858425894E-01
    2.1620000000E+01     9.6167683840E+00     5.1242139745E+00    -9.1329063545E+00     2.8781523044E+00     3.0858425894E-01
    2.1630000000E+01     9.5253252561E+00     5.1528409727E+00    -9.1551367217E+00     2.8471122368E+00     3.0858425894E-01
    2.1640000000E+01     9.4336772496E+00     5.1811535506E+00    -9.1738871763E+00     2.8152716175E+00     3.0858425894E-01
    2.1650000000E+01     9.3418590054E+00     5.2091438056E+00    -9.1891898825E+00     2.7826511749E+00     3.0858425895E-01
    2.1660000000E+01     9.2499048266E+00     5.2368040459E+00    -9.2010802988E+00     2.7492722836E+00     3.0858425895E-01
    2.1670000000E+01     9.1578486453E+00     5.2641267964E+00    -9.2095970704E+00     2.7151569265E+00     3.0858425895E-01
    2.1680000000E+01     9.0657239919E+00     5.2911048047E+00    -9.2147819174E+00     2.6803276553E+00     3.0858425895E-01
    2.1690000000E+01     8.9735639647E+00     5.3177310466E+00    -9.2166795165E+00     2.6448075508E+00     3.0858425895E-01
    2.1700000000E+01     8.8814012010E+00     5.3439987314E+00    -9.2153373795E+00     2.6086201826E+00     3.0858425895E-01
    2.1710000000E+01     8.7892678491E+00     5.3699013061E+00    -9.2108057271E+00     2.5717895678E+00     3.0858425895E-01
    2.1720000000E+01     8.6971955424E+00     5.3954324600E+00    -9.2031373596E+00     2.5343401301E+00     3.0858425895E-01
    2.1730000000E+01     8.6052153738E+00     5.4205861286E+00    -9.1923875242E+00     2.4962966574E+00     3.0858425895E-01
    2.1740000000E+01     8.5133578719E+00     5.4453564967E+00    -9.1786137796E+00     2.4576842610E+00     3.0858425895E-01
    2.1750000000E+01     8.4216529790E+00     5.4697380020E+00    -9.1618758586E+00     2.4185283331E+00     3.0858425895E-01
    2.1760000000E+01     8.3301300296E+00     5.4937253370E+00    -9.1422355293E+00     2.3788545056E+00     3.0858425896E-01
    2.1770000000E+01     8.2388177311E+00     5.5173134519E+00    -9.1197564539E+00     2.3386886088E+00     3.0858425896E-01
    2.1780000000E+01     8.1477441452E+00     5.5404975556E+00    -9.0945040483E+00     2.2980566298E+00     3.0858425896E-01
    2.1790000000E+01     8.0569366713E+00     5.5632731179E+00    -9.0665453399E+00     2.2569846724E+00     3.0858425896E-01
    2.1800000000E+01     7.9664220312E+00     5.5856358697E+00    -9.0359488261E+00     2.2154989172E+00     3.0858425896E-01
    2.1810000000E+01     7.8762262548E+00     5.6075818043E+00    -9.0027843330E+00     2.1736255816E+00     3.0858425896E-01
    2.1820000000E+01     7.7863746679E+00     5.6291071768E+00    -8.9671228752E+00     2.1313908817E+00     3.0858425896E-01
    2.1830000000E+01     7.6968918805E+00     5.6502085047E+00    -8.9290365165E+00     2.0888209944E+00     3.0858425896E-01
    2.1840000000E+01     7.6078017774E+00     5.6708825665E+00    -8.8885982323E+00     2.0459420203E+00     3.0858425897E-01
    2.1850000000E+01     7.5191275098E+00     5.6911264014E+00    -8.8458817739E+00     2.0027799481E+00     3.0858425897E-01
    2.1860000000E+01     7.4308914879E+00     5.7109373079E+00    -8.8009615351E+00     1.9593606198E+00     3.0858425897E-01
    2.1870000000E+01     7.3431153754E+00     5.7303128419E+00    -8.7539124211E+00     1.9157096968E+00     3.0858425897E-01
    2.1880000000E+01     7.2558200848E+00     5.7492508148E+00    -8.7048097205E+00     1.8718526275E+00     3.0858425897E-01
    2.1890000000E+01     7.1690257745E+00     5.7677492913E+00    -8.6537289802E+00     1.8278146165E+00     3.0858425897E-01
    2.1900000000E+01     7.0827518464E+00     5.7858065871E+00    -8.6007458840E+00     1.7836205939E+00     3.0858425897E-01
    2.1910000000E+01     6.9970169457E+00     5.8034212653E+00    -8.5459361342E+00     1.7392951875E+00     3.0858425897E-01
    2.1920000000E+01     6.9118389606E+00     5.8205921339E+00    -8.4893753373E+00     1.6948626949E+00     3.0858425898E-01
    2.1930000000E+01     6.8272350244E+00     5.8373182421E+00    -8.4311388936E+00     1.6503470583E+00     3.0858425898E-01
    2.1940000000E+01     6.7432215179E+00     5.8535988765E+00    -8.3713018908E+00     1.6057718395E+00     3.0858425898E-01
    2.1950000000E+01     6.6598140728E+00     5.8694335575E+00    -8.3099390023E+00     1.5611601976E+00     3.0858425898E-01
    2.1960000000E+01     6.5770275769E+00     5.8848220349E+00    -8.2471243889E+00     1.5165348669E+00     3.0858425898E-01
    2.1970000000E+01     6.4948761789E+00     5.8997642836E+00    -8.1829316059E+00     1.4719181372E+00     3.0858425898E-01
    2.1980000000E+01     6.4133732957E+00     5.9142604991E+00    -8.1174335144E+00     1.4273318352E+00     3.0858425898E-01
    2.1990000000E+01     6.3325316193E+00     5.9283110930E+00    -8.0507021968E+00     1.3827973073E+00     3.0858425898E-01
    2.2000000000E+01     6.2523631250E+00     5.9419166874E+00    -7.9828088779E+00     1.3383354039E+00     3.0858425898E-01
    2.2010000000E+01     6.1728790807E+00     5.9550781110E+00    -7.9138238493E+00     1.2939664651E+00     3.0858425899E-01
    2.2020000000E+01     6.0940900560E+00     5.9677963927E+00    -7.8438163997E+00     1.2497103082E+00     3.0858425899E-01
    2.2030000000E+01     6.0160059332E+00     5.9800727574E+00    -7.7728547494E+00     1.2055862160E+00     3.0858425899E-01
    2.2040000000E+01     5.9386359180E+00     5.9919086198E+00    -7.7010059889E+00     1.1616129267E+00     3.0858425899E-01
    2.2050000000E+01     5.8619885507E+00     6.0033055793E+00    -7.6283360232E+00     1.1178086255E+00     3.0858425899E-01
    2.2060000000E+01     5.7860717192E+00     6.0142654144E+00    -7.5549095193E+00     1.0741909368E+00     3.0858425899E-01
    2.2070000000E+01     5.7108926707E+00     6.0247900770E+00    -7.4807898596E+00     1.0307769185E+00     3.0858425899E-01
    2.2080000000E+01     5.6364580255E+00     6.0348816867E+00    -7.4060390984E+00     9.8758305693E-01     3.0858425899E-01
    2.2090000000E+01     5.5627737900E+00     6.0445425251E+00    -7.3307179235E+00     9.4462526308E-01     3.0858425899E-01
    2.2100000000E+01     5.4898453707E+00     6.0537750300E+00    -7.2548856218E+00     9.0191887036E-01     3.0858425899E-01
    2.2110000000E+01     5.4176775883E+00     6.0625817898E+00    -7.1786000488E+00     8.5947863308E-01     3.0858425899E-01
    2.2120000000E+01     5.3462746925E+00     6.0709655372E+00    -7.1019176025E+00     8.1731872616E-01     3.0858425899E-01
    2.2130000000E+01     5.2756403760E+00     6.0789291441E+00    -7.0248932006E+00     7.7545274591E-01     3.0858425899E-01
    2.2140000000E+01     5.2057777901E+00     6.0864756153E+00    -6.9475802622E+00     7.3389371170E-01     3.0858425899E-01
    2.2150000000E+01     5.1366895594E+00     6.0936080830E+00    -6.8700306923E+00     6.9265406870E-01     3.0858425899E-01
    2.2160000000E+01     5.0683777970E+00     6.1003298010E+00    -6.7922948703E+00     6.5174569135E-01     3.0858425899E-01
    2.2170000000E+01     5.0008441199E+00     6.1066441388E+00    -6.7144216417E+00     6.1117988784E-01     3.0858425899E-01
    2.2180000000E+01     4.9340896643E+00     6.1125545765E+00    -6.6364583127E+00     5.7096740525E-01     3.0858425899E-01
    2.2190000000E+01     4.8681151012E+00     6.1180646987E+00    -6.5584506487E+00     5.3111843553E-01     3.0858425899E-01
    2.2200000000E+01     4.8029206516E+00     6.1231781892E+00    -6.4804428745E+00     4.9164262213E-01     3.0858425899E-01
    2.2210000000E+01     4.7385061017E+00     6.1278988254E+00    -6.4024776780E+00     4.5254906731E-01     3.0858425899E-01
    2.2220000000E+01     4.6748708188E+00     6.1322304733E+00    -6.3245962168E+00     4.1384634003E-01     3.0858425899E-01
    2.2230000000E+01     4.6120137660E+00     6.1361770818E+00    -6.2468381262E+00     3.7554248445E-01     3.0858425899E-01
    2.2240000000E+01     4.5499335178E+00     6.1397426777E+00    -6.1692415304E+00     3.3764502890E-01     3.0858425899E-01
    2.2250000000E+01     4.4886282748E+00     6.1429313605E+00    -6.0918430558E+00     3.0016099531E-01     3.0858425899E-01
    2.2260000000E+01     4.4280958790E+00     6.1457472975E+00    -6.0146778457E+00     2.6309690913E-01     3.0858425899E-01
    2.2270000000E+01     4.3683338280E+00     6.1481947187E+00    -5.9377795776E+00     2.2645880959E-01     3.0858425899E-01
    2.2280000000E+01     4.3093392901E+00     6.1502779123E+00    -5.8611804818E+00     1.9025226030E-01     3.0858425899E-01
    2.2290000000E+01     4.2511091183E+00     6.1520012195E+00    -5.7849113618E+00     1.5448236019E-01     3.0858425899E-01
    2.2300000000E+01     4.1936398648E+00     6.1533690305E+00    -5.7090016163E+00     1.1915375470E-01     3.0858425899E-01
    2.2310000000E+01     4.1369277945E+00     6.1543857796E+00    -5.6334792620E+00     8.4270647152E-02     3.0858425899E-01
    2.2320000000E+01     4.0809688992E+00     6.1550559410E+00    -5.5583709582E+00     4.9836810433E-02     3.0858425899E-01
    2.2330000000E+01     4.0257589107E+00     6.1553840246E+00    -5.4837020325E+00     1.5855598716E-02     3.0858425899E-01
    2.2340000000E+01     3.9712933138E+00     6.1553745716E+00    -5.4094965069E+00    -1.7670040621E-02     3.0858425899E-01
    2.2350000000E+01     3.9175673599E+00     6.1550321509E+00    -5.3357771256E+00    -5.0737554994E-02     3.0858425899E-01
    2.2360000000E+01     3.8645760791E+00     6.1543613549E+00    -5.2625653826E+00    -8.3344774555E-02     3.0858425899E-01
    2.2370000000E+01     3.8123142925E+00     6.1533667958E+00    -5.1898815512E+00    -1.1548990008E-01     3.0858425899E-01
    2.2380000000E+01     3.7607766246E+00     6.1520531020E+00    -5.1177447127E+00    -1.4717149086E-01     3.0858425898E-01
    2.2390000000E+01     3.7099575151E+00     6.1504249148E+00    -5.0461727868E+00    -1.7838845257E-01     3.0858425898E-01
    2.2400000000E+01     3.6598512298E+00     6.1484868843E+00    -4.9751825612E+00    -2.0914002524E-01     3.0858425898E-01
    2.2410000000E+01     3.6104518725E+00     6.1462436670E+00    -4.9047897228E+00    -2.3942577119E-01     3.0858425898E-01
    2.2420000000E+01     3.5617533952E+00     6.1436999221E+00    -4.8350088880E+00    -2.6924556316E-01     3.0858425898E-01
    2.2430000000E+01     3.5137496093E+00     6.1408603084E+00    -4.7658536336E+00    -2.9859957240E-01     3.0858425898E-01
    2.2440000000E+01     3.4664341953E+00     6.1377294817E+00    -4.6973365280E+00    -3.2748825699E-01     3.0858425898E-01
    2.2450000000E+01     3.4198007129E+00     6.1343120919E+00    -4.6294691618E+00    -3.5591235026E-01     3.0858425898E-01
    2.2460000000E+01     3.3738426107E+00     6.1306127801E+00    -4.5622621791E+00    -3.8387284931E-01     3.0858425898E-01
    2.2470000000E+01     3.3285532355E+00     6.1266361761E+00    -4.4957253077E+00    -4.1137100375E-01     3.0858425898E-01
    2.2480000000E+01     3.2839258413E+00     6.1223868962E+00    -4.4298673901E+00    -4.3840830459E-01     3.0858425898E-01
    2.2490000000E+01     3.2399535979E+00     6.1178695405E+00    -4.3646964139E+00    -4.6498647330E-01     3.0858425897E-01
    2.2500000000E+01     3.1966295993E+00     6.1130886907E+00    -4.3002195415E+00    -4.9110745111E-01     3.0858425897E-01
    2.2510000000E+01     3.1539468721E+00     6.1080489083E+00    -4.2364431402E+00    -5.1677338845E-01     3.0858425897E-01
    2.2520000000E+01     3.1118983828E+00     6.1027547319E+00    -4.1733728113E+00    -5.4198663465E-01     3.0858425897E-01
    2.2530000000E+01     3.0704770460E+00     6.0972106761E+00    -4.1110134196E+00    -5.6674972789E-01     3.0858425897E-01
    2.2540000000E+01     3.0296757307E+00     6.0914212288E+00    -4.0493691213E+00    -5.9106538526E-01     3.0858425897E-01
    2.2550000000E+01     2.9894872683E+00     6.0853908502E+00    -3.9884433926E+00    -6.1493649317E-01     3.0858425897E-01
    2.2560000000E+01     2.9499044582E+00     6.0791239707E+00    -3.9282390572E+00    -6.3836609796E-01     3.0858425897E-01
    2.2570000000E+01     2.9109200751E+00     6.0726249893E+00    -3.8687583134E+00    -6.6135739673E-01     3.0858425897E-01
    2.2580000000E+01     2.8725268746E+00     6.0658982726E+00    -3.8100027606E+00    -6.8391372839E-01     3.0858425897E-01
    2.2590000000E+01     2.8347175991E+00     6.0589481531E+00    -3.7519734256E+00    -7.0603856506E-01     3.0858425896E-01
    2.2600000000E+01     2.7974849837E+00     6.0517789277E+00    -3.6946707879E+00    -7.2773550358E-01     3.0858425896E-01
    2.2610000000E+01     2.7608217611E+00     6.0443948569E+00    -3.6380948043E+00    -7.4900825738E-01     3.0858425896E-01
    2.2620000000E+01     2.7247206672E+00     6.0368001637E+00    -3.5822449340E+00    -7.6986064850E-01     3.0858425896E-01
    2.2630000000E+01     2.6891744454E+00     6.0289990321E+00    -3.5271201615E+00    -7.9029659997E-01     3.0858425896E-01
    2.2640000000E+01     2.6541758518E+00     6.0209956065E+00    -3.4727190201E+00    -8.1032012832E-01     3.0858425896E-01
    2.2650000000E+01     2.6197176592E+00     6.0127939906E+00    -3.4190396142E+00    -8.2993533640E-01     3.0858425896E-01
    2.2660000000E+01     2.5857926614E+00     6.0043982469E+00    -3.3660796416E+00    -8.4914640645E-01     3.0858425896E-01
    2.2670000000E+01     2.5523936772E+00     5.9958123954E+00    -3.3138364142E+00    -8.6795759339E-01     3.0858425896E-01
    2.2680000000E+01     2.5195135541E+00     5.9870404135E+00    -3.2623068789E+00    -8.8637321831E-01     3.0858425895E-01
    2.2690000000E+01     2.4871451720E+00     5.9780862350E+00    -3.2114876376E+00    -9.0439766230E-01     3.0858425895E-01
    2.2700000000E+01     2.4552814461E+00     5.9689537495E+00    -3.1613749668E+00    -9.2203536040E-01     3.0858425895E-01
    2.2710000000E+01     2.4239153308E+00     5.9596468020E+00    -3.1119648359E+00    -9.3929079584E-01     3.0858425895E-01
    2.2720000000E+01     2.3930398220E+00     5.9501691927E+00    -3.0632529260E+00    -9.5616849451E-01     3.0858425895E-01
    2.2730000000E+01     2.3626479602E+00     5.9405246760E+00    -3.0152346471E+00    -9.7267301959E-01     3.0858425895E-01
    2.2740000000E+01     2.3327328331E+00     5.9307169609E+00    -2.9679051549E+00    -9.8880896652E-01     3.0858425895E-01
    2.2750000000E+01     2.3032875780E+00     5.9207497099E+00    -2.9212593679E+00    -1.0045809580E+00     3.0858425895E-01
    2.2760000000E+01     2.2743053844E+00     5.9106265394E+00    -2.8752919826E+00    -1.0199936394E+00     3.0858425895E-01
    2.2770000000E+01     2.2457794954E+00     5.9003510192E+00    -2.8299974889E+00    -1.0350516742E+00     3.0858425895E-01
    2.2780000000E+01     2.2177032106E+00     5.8899266725E+00    -2.7853701850E+00    -1.0497597398E+00     3.0858425894E-01
    2.2790000000E+01     2.1900698873E+00     5.8793569754E+00    -2.7414041914E+00    -1.0641225233E+00     3.0858425894E-01
    2.2800000000E+01     2.1628729426E+00     5.8686453573E+00    -2.6980934643E+00    -1.0781447176E+00     3.0858425894E-01
    2.2810000000E+01     2.1361058545E+00     5.8577952007E+00    -2.6554318090E+00    -1.0918310180E+00     3.0858425894E-01
    2.2820000000E+01     2.1097621639E+00     5.8468098409E+00    -2.6134128925E+00    -1.1051861182E+00     3.0858425894E-01
    2.2830000000E+01     2.0838354757E+00     5.8356925667E+00    -2.5720302550E+00    -1.1182147071E+00     3.0858425894E-01
    2.2840000000E+01     2.0583194598E+00     5.8244466195E+00    -2.5312773220E+00    -1.1309214659E+00     3.0858425894E-01
    2.2850000000E+01     2.0332078525E+00     5.8130751945E+00    -2.4911474153E+00    -1.1433110646E+00     3.0858425894E-01
    2.2860000000E+01     2.0084944573E+00     5.8015814399E+00    -2.4516337632E+00    -1.1553881594E+00     3.0858425894E-01
    2.2870000000E+01     1.9841731459E+00     5.7899684576E+00    -2.4127295111E+00    -1.1671573901E+00     3.0858425894E-01
    2.2880000000E+01     1.9602378588E+00     5.7782393029E+00    -2.3744277309E+00    -1.1786233773E+00     3.0858425894E-01
    2.2890000000E+01     1.9366826063E+00     5.7663969855E+00    -2.3367214302E+00    -1.1897907199E+00     3.0858425893E-01
    2.2900000000E+01     1.9135014688E+00     5.7544444688E+00    -2.2996035615E+00    -1.2006639932E+00     3.0858425893E-01
    2.2910000000E+01     1.8906885973E+00     5.7423846707E+00    -2.2630670303E+00    -1.2112477464E+00     3.0858425893E-01
    2.2920000000E+01     1.8682382142E+00     5.7302204638E+00    -2.2271047029E+00    -1.2215465009E+00     3.0858425893E-01
    2.2930000000E+01     1.8461446131E+00     5.7179546757E+00    -2.1917094146E+00    -1.2315647480E+00     3.0858425893E-01
    2.2940000000E+01     1.8244021597E+00     5.7055900890E+00    -2.1568739767E+00    -1.2413069475E+00     3.0858425893E-01
    2.2950000000E+01     1.8030052915E+00     5.6931294421E+00    -2.1225911830E+00    -1.2507775259E+00     3.0858425893E-01
    2.2960000000E+01     1.7819485180E+00     5.6805754292E+00    -2.0888538172E+00    -1.2599808750E+00     3.0858425893E-01
    2.2970000000E+01     1.7612264211E+00     5.6679307009E+00    -2.0556546581E+00    -1.2689213500E+00     3.0858425893E-01
    2.2980000000E+01     1.7408336549E+00     5.6551978641E+00    -2.0229864863E+00    -1.2776032690E+00     3.0858425893E-01
    2.2990000000E+01     1.7207649455E+00     5.6423794831E+00    -1.9908420894E+00    -1.2860309109E+00     3.0858425893E-01
    2.3000000000E+01     1.7010150912E+00     5.6294780793E+00    -1.9592142670E+00    -1.2942085149E+00     3.0858425893E-01
    2.3010000000E+01     1.6815789622E+00     5.6164961322E+00    -1.9280958364E+00    -1.3021402792E+00     3.0858425893E-01
    2.3020000000E+01     1.6624515003E+00     5.6034360793E+00    -1.8974796365E+00    -1.3098303600E+00     3.0858425892E-01
    2.3030000000E+01     1.6436277191E+00     5.5903003169E+00    -1.8673585326E+00    -1.3172828709E+00     3.0858425892E-01
    2.3040000000E+01     1.6251027031E+00     5.5770912003E+00    -1.8377254205E+00    -1.3245018816E+00     3.0858425892E-01
    2.3050000000E+01     1.6068716076E+00     5.5638110442E+00    -1.8085732305E+00    -1.3314914180E+00     3.0858425892E-01
    2.3060000000E+01     1.5889296588E+00     5.5504621235E+00    -1.7798949306E+00    -1.3382554606E+00     3.0858425892E-01
    2.3070000000E+01     1.5712721527E+00     5.5370466735E+00    -1.7516835305E+00    -1.3447979448E+00     3.0858425892E-01
    2.3080000000E+01     1.5538944550E+00     5.5235668902E+00    -1.7239320845E+00    -1.3511227598E+00     3.0858425892E-01
    2.3090000000E+01     1.5367920008E+00     5.5100249310E+00    -1.6966336945E+00    -1.3572337486E+00     3.0858425892E-01
    2.3100000000E+01     1.5199602938E+00     5.4964229153E+00    -1.6697815125E+00    -1.3631347072E+00     3.0858425892E-01
    2.3110000000E+01     1.5033949059E+00     5.4827629245E+00    -1.6433687439E+00    -1.3688293847E+00     3.0858425892E-01
    2.3120000000E+01     1.4870914767E+00     5.4690470029E+00    -1.6173886491E+00    -1.3743214828E+00     3.0858425892E-01
    2.3130000000E+01     1.4710457129E+00     5.4552771579E+00    -1.5918345462E+00    -1.3796146556E+00     3.0858425892E-01
    2.3140000000E+01     1.4552533879E+00     5.4414553608E+00    -1.5666998129E+00    -1.3847125094E+00     3.0858425892E-01
    2.3150000000E+01     1.4397103407E+00     5.4275835469E+00    -1.5419778882E+00    -1.3896186030E+00     3.0858425892E-01
    2.3160000000E+01     1.4244124757E+00     5.4136636162E+00    -1.5176622745E+00    -1.3943364470E+00     3.0858425892E-01
    2.3170000000E+01     1.4093557623E+00     5.3996974339E+00    -1.4937465387E+00    -1.3988695043E+00     3.0858425892E-01
    2.3180000000E+01     1.3945362333E+00     5.3856868307E+00    -1.4702243140E+00    -1.4032211896E+00     3.0858425892E-01
    2.3190000000E+01     1.3799499853E+00     5.3716336035E+00    -1.4470893010E+00    -1.4073948702E+00     3.0858425892E-01
    2.3200000000E+01     1.3655931773E+00     5.3575395156E+00    -1.4243352689E+00    -1.4113938653E+00     3.0858425892E-01
    2.3210000000E+01     1.3514620305E+00     5.3434062975E+00    -1.4019560563E+00    -1.4152214465E+00     3.0858425891E-01
    2.3220000000E+01     1.3375528271E+00     5.3292356473E+00    -1.3799455727E+00    -1.4188808383E+00     3.0858425891E-01
    2.3230000000E+01     1.3238619100E+00     5.3150292308E+00    -1.3582977987E+00    -1.4223752174E+00     3.0858425891E-01
    2.3240000000E+01     1.3103856820E+00     5.3007886825E+00    -1.3370067869E+00    -1.4257077138E+00     3.0858425891E-01
    2.3250000000E+01     1.2971206047E+00     5.2865156059E+00    -1.3160666626E+00    -1.4288814104E+00     3.0858425891E-01
    2.3260000000E+01     1.2840631984E+00     5.2722115735E+00    -1.2954716241E+00    -1.4318993438E+00     3.0858425891E-01
    2.3270000000E+01     1.2712100410E+00     5.2578781282E+00    -1.2752159433E+00    -1.4347645042E+00     3.0858425891E-01
    2.3280000000E+01     1.2585577672E+00     5.2435167829E+00    -1.2552939659E+00    -1.4374798357E+00     3.0858425891E-01
    2.3290000000E+01     1.2461030680E+00     5.2291290213E+00    -1.2357001117E+00    -1.4400482369E+00     3.0858425891E-01
    2.3300000000E+01     1.2338426896E+00     5.2147162984E+00    -1.2164288747E+00    -1.4424725610E+00     3.0858425891E-01
    2.3310000000E+01     1.2217734332E+00     5.2002800409E+00    -1.1974748232E+00    -1.4447556165E+00     3.0858425891E-01
    2.3320000000E+01     1.2098921537E+00     5.1858216477E+00    -1.1788325998E+00    -1.4469001669E+00     3.0858425891E-01
    2.3330000000E+01     1.1981957594E+00     5.1713424902E+00    -1.1604969215E+00    -1.4489089319E+00     3.0858425891E-01
    2.3340000000E+01     1.1866812108E+00     5.1568439128E+00    -1.1424625795E+00    -1.4507845873E+00     3.0858425891E-01
    2.3350000000E+01     1.1753455205E+00     5.1423272334E+00    -1.1247244389E+00    -1.4525297655E+00     3.0858425891E-01
    2.3360000000E+01     1.1641857516E+00     5.1277937438E+00    -1.1072774387E+00    -1.4541470561E+00     3.0858425891E-01
    2.3370000000E+01     1.1531990179E+00     5.1132447101E+00    -1.0901165914E+00    -1.4556390062E+00     3.0858425891E-01
    2.3380000000E+01     1.1423824823E+00     5.0986813731E+00    -1.0732369829E+00    -1.4570081209E+00     3.0858425891E-01
    2.3390000000E+01     1.1317333569E+00     5.0841049489E+00    -1.0566337717E+00    -1.4582568635E+00     3.0858425891E-01
    2.3400000000E+01     1.1212489015E+00     5.0695166290E+00    -1.0403021889E+00    -1.4593876565E+00     3.0858425891E-01
    2.3410000000E+01     1.1109264234E+00     5.0549175810E+00    -1.0242375377E+00    -1.4604028815E+00     3.0858425891E-01
    2.3420000000E+01     1.1007632764E+00     5.0403089488E+00    -1.0084351929E+00    -1.4613048803E+00     3.0858425891E-01
    2.3430000000E+01     1.0907568603E+00     5.0256918531E+00    -9.9289060030E-01    -1.4620959546E+00     3.0858425891E-01
    2.3440000000E+01     1.0809046202E+00     5.0110673919E+00    -9.7759927614E-01    -1.4627783672E+00     3.0858425891E-01
    2.3450000000E+01     1.0712040453E+00     4.9964366405E+00    -9.6255680674E-01    -1.4633543421E+00     3.0858425891E-01
    2.3460000000E+01     1.0616526690E+00     4.9818006525E+00    -9.4775884777E-01    -1.4638260651E+00     3.0858425891E-01
    2.3470000000E+01     1.0522480676E+00     4.9671604596E+00    -9.3320112363E-01    -1.4641956843E+00     3.0858425891E-01
    2.3480000000E+01     1.0429878598E+00     4.9525170722E+00    -9.1887942687E-01    -1.4644653107E+00     3.0858425891E-01
    2.3490000000E+01     1.0338697061E+00     4.9378714798E+00    -9.0478961749E-01    -1.4646370184E+00     3.0858425891E-01
    2.3500000000E+01     1.0248913080E+00     4.9232246514E+00    -8.9092762225E-01    -1.4647128453E+00     3.0858425891E-01
    2.3510000000E+01     1.0160504076E+00     4.9085775358E+00    -8.7728943404E-01    -1.4646947937E+00     3.0858425891E-01
    2.3520000000E+01     1.0073447865E+00     4.8939310619E+00    -8.6387111111E-01    -1.4645848307E+00     3.0858425891E-01
    2.3530000000E+01     9.9877226544E-01     4.8792861391E+00    -8.5066877637E-01    -1.4643848885E+00     3.0858425891E-01
    2.3540000000E+01     9.9033070372E-01     4.8646436577E+00    -8.3767861666E-01    -1.4640968654E+00     3.0858425891E-01
    2.3550000000E+01     9.8201799837E-01     4.8500044892E+00    -8.2489688200E-01    -1.4637226256E+00     3.0858425891E-01
    2.3560000000E+01     9.7383208363E-01     4.8353694865E+00    -8.1231988486E-01    -1.4632640004E+00     3.0858425891E-01
    2.3570000000E+01     9.6577093030E-01     4.8207394844E+00    -7.9994399932E-01    -1.4627227881E+00     3.0858425891E-01
    2.3580000000E+01     9.5783254516E-01     4.8061153001E+00    -7.8776566042E-01    -1.4621007550E+00     3.0858425891E-01
    2.3590000000E+01     9.5001497030E-01     4.7914977330E+00    -7.7578136326E-01    -1.4613996355E+00     3.0858425891E-01
    2.3600000000E+01     9.4231628258E-01     4.7768875653E+00    -7.6398766231E-01    -1.4606211328E+00     3.0858425891E-01
    2.3610000000E+01     9.3473459303E-01     4.7622855627E+00    -7.5238117059E-01    -1.4597669193E+00     3.0858425891E-01
    2.3620000000E+01     9.2726804624E-01     4.7476924738E+00    -7.4095855888E-01    -1.4588386371E+00     3.0858425891E-01
    2.3630000000E+01     9.1991481983E-01     4.7331090314E+00    -7.2971655495E-01    -1.4578378984E+00     3.0858425891E-01
    2.3640000000E+01     9.1267312384E-01     4.7185359521E+00    -7.1865194272E-01    -1.4567662861E+00     3.0858425891E-01
    2.3650000000E+01     9.0554120021E-01     4.7039739368E+00    -7.0776156156E-01    -1.4556253543E+00     3.0858425891E-01
    2.3660000000E+01     8.9851732220E-01     4.6894236710E+00    -6.9704230539E-01    -1.4544166284E+00     3.0858425891E-01
    2.3670000000E+01     8.9159979386E-01     4.6748858252E+00    -6.8649112199E-01    -1.4531416063E+00     3.0858425891E-01
    2.3680000000E+01     8.8478694952E-01     4.6603610550E+00    -6.7610501212E-01    -1.4518017578E+00     3.0858425891E-01
    2.3690000000E+01     8.7807715321E-01     4.6458500013E+00    -6.6588102883E-01    -1.4503985262E+00     3.0858425891E-01
    2.3700000000E+01     8.7146879818E-01     4.6313532910E+00    -6.5581627658E-01    -1.4489333278E+00     3.0858425891E-01
    2.3710000000E+01     8.6496030639E-01     4.6168715367E+00    -6.4590791055E-01    -1.4474075528E+00     3.0858425891E-01
    2.3720000000E+01     8.5855012800E-01     4.6024053373E+00    -6.3615313578E-01    -1.4458225658E+00     3.0858425891E-01
    2.3730000000E+01     8.5223674086E-01     4.5879552783E+00    -6.2654920648E-01    -1.4441797060E+00     3.0858425891E-01
    2.3740000000E+01     8.4601865005E-01     4.5735219317E+00    -6.1709342520E-01    -1.4424802876E+00     3.0858425891E-01
    2.3750000000E+01     8.3989438737E-01     4.5591058567E+00    -6.0778314210E-01    -1.4407256006E+00     3.0858425891E-01
    2.3760000000E+01     8.3386251090E-01     4.5447075997E+00    -5.9861575417E-01    -1.4389169108E+00     3.0858425891E-01
    2.3770000000E+01     8.2792160450E-01     4.5303276944E+00    -5.8958870451E-01    -1.4370554604E+00     3.0858425891E-01
    2.3780000000E+01     8.2207027739E-01     4.5159666623E+00    -5.8069948158E-01    -1.4351424682E+00     3.0858425891E-01
    2.3790000000E+01     8.1630716367E-01     4.5016250128E+00    -5.7194561842E-01    -1.4331791305E+00     3.0858425891E-01
    2.3800000000E+01     8.1063092190E-01     4.4873032436E+00    -5.6332469199E-01    -1.4311666209E+00     3.0858425891E-01
    2.3810000000E+01     8.0504023465E-01     4.4730018405E+00    -5.5483432239E-01    -1.4291060911E+00     3.0858425891E-01
    2.3820000000E+01     7.9953380806E-01     4.4587212781E+00    -5.4647217215E-01    -1.4269986710E+00     3.0858425891E-01
    2.3830000000E+01     7.9411037146E-01     4.4444620197E+00    -5.3823594555E-01    -1.4248454693E+00     3.0858425891E-01
    2.3840000000E+01     7.8876867693E-01     4.4302245177E+00    -5.3012338789E-01    -1.4226475739E+00     3.0858425891E-01
    2.3850000000E+01     7.8350749886E-01     4.4160092136E+00    -5.2213228482E-01    -1.4204060521E+00     3.0858425891E-01
    2.3860000000E+01     7.7832563363E-01     4.4018165385E+00    -5.1426046160E-01    -1.4181219508E+00     3.0858425891E-01
    2.3870000000E+01     7.7322189915E-01     4.3876469131E+00    -5.0650578252E-01    -1.4157962973E+00     3.0858425891E-01
    2.3880000000E+01     7.6819513450E-01     4.3735007477E+00    -4.9886615011E-01    -1.4134300996E+00     3.0858425891E-01
    2.3890000000E+01     7.6324419953E-01     4.3593784430E+00    -4.9133950458E-01    -1.4110243462E+00     3.0858425891E-01
    2.3900000000E+01     7.5836797453E-01     4.3452803894E+00    -4.8392382310E-01    -1.4085800070E+00     3.0858425891E-01
    2.3910000000E+01     7.5356535982E-01     4.3312069683E+00    -4.7661711919E-01    -1.4060980336E+00     3.0858425891E-01
    2.3920000000E+01     7.4883527539E-01     4.3171585511E+00    -4.6941744208E-01    -1.4035793592E+00     3.0858425891E-01
    2.3930000000E+01     7.4417666061E-01     4.3031355004E+00    -4.6232287605E-01    -1.4010248995E+00     3.0858425891E-01
    2.3940000000E+01     7.3958847378E-01     4.2891381694E+00    -4.5533153986E-01    -1.3984355525E+00     3.0858425891E-01
    2.3950000000E+01     7.3506969187E-01     4.2751669027E+00    -4.4844158608E-01    -1.3958121993E+00     3.0858425891E-01
    2.3960000000E+01     7.3061931017E-01     4.2612220359E+00    -4.4165120055E-01    -1.3931557039E+00     3.0858425891E-01
    2.3970000000E+01     7.2623634191E-01     4.2473038962E+00    -4.3495860173E-01    -1.3904669140E+00     3.0858425891E-01
    2.3980000000E+01     7.2191981801E-01     4.2334128025E+00    -4.2836204016E-01    -1.3877466610E+00     3.0858425891E-01
    2.3990000000E+01     7.1766878671E-01     4.2195490652E+00    -4.2185979785E-01    -1.3849957603E+00     3.0858425891E-01
    2.4000000000E+01     7.1348231328E-01     4.2057129868E+00    -4.1545018771E-01    -1.3822150116E+00     3.0858425891E-01
    2.4010000000E+01     7.0935947971E-01     4.1919048618E+00    -4.0913155303E-01    -1.3794051995E+00     3.0858425891E-01
    2.4020000000E+01     7.0529938440E-01     4.1781249771E+00    -4.0290226687E-01    -1.3765670934E+00     3.0858425891E-01
    2.4030000000E+01     7.0130114187E-01     4.1643736117E+00    -3.9676073158E-01    -1.3737014478E+00     3.0858425891E-01
    2.4040000000E+01     6.9736388249E-01     4.1506510375E+00    -3.9070537820E-01    -1.3708090027E+00     3.0858425891E-01
    2.4050000000E+01     6.9348675217E-01     4.1369575186E+00    -3.8473466599E-01    -1.3678904841E+00     3.0858425891E-01
    2.4060000000E+01     6.8966891208E-01     4.1232933123E+00    -3.7884708187E-01    -1.3649466036E+00     3.0858425891E-01
    2.4070000000E+01     6.8590953840E-01     4.1096586687E+00    -3.7304113994E-01    -1.3619780595E+00     3.0858425891E-01
    2.4080000000E+01     6.8220782201E-01     4.0960538311E+00    -3.6731538096E-01    -1.3589855361E+00     3.0858425891E-01
    2.4090000000E+01     6.7856296828E-01     4.0824790357E+00    -3.6166837186E-01    -1.3559697050E+00     3.0858425891E-01
    2.4100000000E+01     6.7497419677E-01     4.0689345125E+00    -3.5609870525E-01    -1.3529312246E+00     3.0858425891E-01
    2.4110000000E+01     6.7144074098E-01     4.0554204846E+00    -3.5060499898E-01    -1.3498707403E+00     3.0858425891E-01
    2.4120000000E+01     6.6796184811E-01     4.0419371689E+00    -3.4518589559E-01    -1.3467888854E+00     3.0858425891E-01
    2.4130000000E+01     6.6453677884E-01     4.0284847760E+00    -3.3984006194E-01    -1.3436862807E+00     3.0858425891E-01
    2.4140000000E+01     6.6116480701E-01     4.0150635104E+00    -3.3456618868E-01    -1.3405635351E+00     3.0858425891E-01
    2.4150000000E+01     6.5784521948E-01     4.0016735705E+00    -3.2936298987E-01    -1.3374212454E+00     3.0858425891E-01
    2.4160000000E+01     6.5457731584E-01     3.9883151487E+00    -3.2422920248E-01    -1.3342599970E+00     3.0858425891E-01
    2.4170000000E+01     6.5136040820E-01     3.9749884318E+00    -3.1916358599E-01    -1.3310803640E+00     3.0858425891E-01
    2.4180000000E+01     6.4819382095E-01     3.9616936008E+00    -3.1416492197E-01    -1.3278829091E+00     3.0858425891E-01
    2.4190000000E+01     6.4507689058E-01     3.9484308312E+00    -3.0923201366E-01    -1.3246681841E+00     3.0858425891E-01
    2.4200000000E+01     6.4200896541E-01     3.9352002929E+00    -3.0436368554E-01    -1.3214367303E+00     3.0858425891E-01
    2.4210000000E+01     6.3898940545E-01     3.9220021506E+00    -2.9955878295E-01    -1.3181890780E+00     3.0858425891E-01
    2.4220000000E+01     6.3601758212E-01     3.9088365636E+00    -2.9481617170E-01    -1.3149257474E+00     3.0858425891E-01
    2.4230000000E+01     6.3309287809E-01     3.8957036862E+00    -2.9013473765E-01    -1.3116472486E+00     3.0858425891E-01
    2.4240000000E+01     6.3021468709E-01     3.8826036675E+00    -2.8551338637E-01    -1.3083540815E+00     3.0858425891E-01
    2.4250000000E+01     6.2738241368E-01     3.8695366518E+00    -2.8095104272E-01    -1.3050467363E+00     3.0858425891E-01
    2.4260000000E+01     6.2459547307E-01     3.8565027784E+00    -2.7644665054E-01    -1.3017256936E+00     3.0858425891E-01
    2.4270000000E+01     6.2185329095E-01     3.8435021820E+00    -2.7199917222E-01    -1.2983914247E+00     3.0858425891E-01
    2.4280000000E+01     6.1915530331E-01     3.8305349925E+00    -2.6760758841E-01    -1.2950443915E+00     3.0858425891E-01
    2.4290000000E+01     6.1650095621E-01     3.8176013352E+00    -2.6327089761E-01    -1.2916850467E+00     3.0858425891E-01
    2.4300000000E+01     6.1388970566E-01     3.8047013311E+00    -2.5898811589E-01    -1.2883138344E+00     3.0858425891E-01
    2.4310000000E+01     6.1132101742E-01     3.7918350967E+00    -2.5475827651E-01    -1.2849311897E+00     3.0858425891E-01
    2.4320000000E+01     6.0879436683E-01     3.7790027440E+00    -2.5058042960E-01    -1.2815375393E+00     3.0858425891E-01
    2.4330000000E+01     6.0630923863E-01     3.7662043812E+00    -2.4645364185E-01    -1.2781333014E+00     3.0858425891E-01
    2.4340000000E+01     6.0386512685E-01     3.7534401119E+00    -2.4237699618E-01    -1.2747188858E+00     3.0858425891E-01
    2.4350000000E+01     6.0146153457E-01     3.7407100360E+00    -2.3834959143E-01    -1.2712946945E+00     3.0858425891E-01
    2.4360000000E+01     5.9909797384E-01     3.7280142493E+00    -2.3437054205E-01    -1.2678611214E+00     3.0858425891E-01
    2.4370000000E+01     5.9677396545E-01     3.7153528436E+00    -2.3043897781E-01    -1.2644185525E+00     3.0858425891E-01
    2.4380000000E+01     5.9448903885E-01     3.7027259070E+00    -2.2655404349E-01    -1.2609673662E+00     3.0858425891E-01
    2.4390000000E+01     5.9224273195E-01     3.6901335237E+00    -2.2271489860E-01    -1.2575079336E+00     3.0858425891E-01
    2.4400000000E+01     5.9003459100E-01     3.6775757746E+00    -2.1892071711E-01    -1.2540406180E+00     3.0858425891E-01
    2.4410000000E+01     5.8786417044E-01     3.6650527365E+00    -2.1517068713E-01    -1.2505657759E+00     3.0858425891E-01
    2.4420000000E+01     5.8573103275E-01     3.6525644830E+00    -2.1146401069E-01    -1.2470837565E+00     3.0858425891E-01
    2.4430000000E+01     5.8363474833E-01     3.6401110841E+00    -2.0779990343E-01    -1.2435949020E+00     3.0858425891E-01
    2.4440000000E+01     5.8157489535E-01     3.6276926066E+00    -2.0417759433E-01    -1.2400995478E+00     3.0858425891E-01
    2.4450000000E+01     5.7955105964E-01     3.6153091137E+00    -2.0059632551E-01    -1.2365980227E+00     3.0858425891E-01
    2.4460000000E+01     5.7756283453E-01     3.6029606656E+00    -1.9705535191E-01    -1.2330906488E+00     3.0858425891E-01
    2.4470000000E+01     5.7560982073E-01     3.5906473192E+00    -1.9355394108E-01    -1.2295777417E+00     3.0858425891E-01
    2.4480000000E+01     5.7369162623E-01     3.5783691282E+00    -1.9009137291E-01    -1.2260596108E+00     3.0858425891E-01
    2.4490000000E+01     5.7180786616E-01     3.5661261434E+00    -1.8666693943E-01    -1.2225365593E+00     3.0858425891E-01
    2.4500000000E+01     5.6995816265E-01     3.5539184124E+00    -1.8327994451E-01    -1.2190088841E+00     3.0858425891E-01
    2.4510000000E+01     5.6814214475E-01     3.5417459801E+00    -1.7992970370E-01    -1.2154768763E+00     3.0858425891E-01
    2.4520000000E+01     5.6635944831E-01     3.5296088884E+00    -1.7661554397E-01    -1.2119408211E+00     3.0858425891E-01
    2.4530000000E+01     5.6460971581E-01     3.5175071763E+00    -1.7333680347E-01    -1.2084009978E+00     3.0858425891E-01
    2.4540000000E+01     5.6289259634E-01     3.5054408801E+00    -1.7009283135E-01    -1.2048576802E+00     3.0858425891E-01
    2.4550000000E+01     5.6120774542E-01     3.4934100334E+00    -1.6688298752E-01    -1.2013111365E+00     3.0858425891E-01
    2.4560000000E+01     5.5955482493E-01     3.4814146672E+00    -1.6370664243E-01    -1.1977616294E+00     3.0858425891E-01
    2.4570000000E+01     5.5793350298E-01     3.4694548099E+00    -1.6056317692E-01    -1.1942094164E+00     3.0858425891E-01
    2.4580000000E+01     5.5634345382E-01     3.4575304871E+00    -1.5745198195E-01    -1.1906547495E+00     3.0858425891E-01
    2.4590000000E+01     5.5478435777E-01     3.4456417222E+00    -1.5437245844E-01    -1.1870978759E+00     3.0858425891E-01
    2.4600000000E+01     5.5325590105E-01     3.4337885361E+00    -1.5132401707E-01    -1.1835390374E+00     3.0858425891E-01
    2.4610000000E+01     5.5175777575E-01     3.4219709472E+00    -1.4830607809E-01    -1.1799784710E+00     3.0858425891E-01
    2.4620000000E+01     5.5028967971E-01     3.4101889717E+00    -1.4531807111E-01    -1.1764164090E+00     3.0858425891E-01
    2.4630000000E+01     5.4885131643E-01     3.3984426233E+00    -1.4235943497E-01    -1.1728530786E+00     3.0858425891E-01
    2.4640000000E+01     5.4744239495E-01     3.3867319136E+00    -1.3942961749E-01    -1.1692887025E+00     3.0858425891E-01
    2.4650000000E+01     5.4606262983E-01     3.3750568520E+00    -1.3652807536E-01    -1.1657234988E+00     3.0858425891E-01
    2.4660000000E+01     5.4471174098E-01     3.3634174457E+00    -1.3365427391E-01    -1.1621576810E+00     3.0858425891E-01
    2.4670000000E+01     5.4338945364E-01     3.3518136997E+00    -1.3080768699E-01    -1.1585914584E+00     3.0858425891E-01
    2.4680000000E+01     5.4209549825E-01     3.3402456172E+00    -1.2798779677E-01    -1.1550250357E+00     3.0858425891E-01
    2.4690000000E+01     5.4082961041E-01     3.3287131990E+00    -1.2519409358E-01    -1.1514586133E+00     3.0858425891E-01
    2.4700000000E+01     5.3959153076E-01     3.3172164442E+00    -1.2242607577E-01    -1.1478923878E+00     3.0858425891E-01
    2.4710000000E+01     5.3838100492E-01     3.3057553500E+00    -1.1968324952E-01    -1.1443265512E+00     3.0858425891E-01
    2.4720000000E+01     5.3719778342E-01     3.2943299113E+00    -1.1696512872E-01    -1.1407612919E+00     3.0858425891E-01
    2.4730000000E+01     5.3604162159E-01     3.2829401216E+00    -1.1427123479E-01    -1.1371967940E+00     3.0858425891E-01
    2.4740000000E+01     5.3491227954E-01     3.2715859723E+00    -1.1160109656E-01    -1.1336332379E+00     3.0858425891E-01
    2.4750000000E+01     5.3380952202E-01     3.2602674531E+00    -1.0895425010E-01    -1.1300708002E+00     3.0858425891E-01
    2.4760000000E+01     5.3273311842E-01     3.2489845520E+00    -1.0633023857E-01    -1.1265096536E+00     3.0858425891E-01
    2.4770000000E+01     5.3168284264E-01     3.2377372552E+00    -1.0372861211E-01    -1.1229499673E+00     3.0858425891E-01
    2.4780000000E+01     5.3065847304E-01     3.2265255472E+00    -1.0114892770E-01    -1.1193919069E+00     3.0858425891E-01
    2.4790000000E+01     5.2965979240E-01     3.2153494111E+00    -9.8590748981E-02    -1.1158356343E+00     3.0858425891E-01
    2.4800000000E+01     5.2868658781E-01     3.2042088280E+00    -9.6053646178E-02    -1.1122813080E+00     3.0858425891E-01
    2.4810000000E+01     5.2773865063E-01     3.1931037779E+00    -9.3537195934E-02    -1.1087290832E+00     3.0858425891E-01
    2.4820000000E+01     5.2681577644E-01     3.1820342389E+00    -9.1040981196E-02    -1.1051791117E+00     3.0858425891E-01
    2.4830000000E+01     5.2591776493E-01     3.1710001877E+00    -8.8564591089E-02    -1.1016315419E+00     3.0858425891E-01
    2.4840000000E+01     5.2504441988E-01     3.1600015995E+00    -8.6107620790E-02    -1.0980865191E+00     3.0858425891E-01
    2.4850000000E+01     5.2419554911E-01     3.1490384483E+00    -8.3669671410E-02    -1.0945441855E+00     3.0858425891E-01
    2.4860000000E+01     5.2337096436E-01     3.1381107064E+00    -8.1250349873E-02    -1.0910046799E+00     3.0858425891E-01
    2.4870000000E+01     5.2257048131E-01     3.1272183448E+00    -7.8849268806E-02    -1.0874681384E+00     3.0858425891E-01
    2.4880000000E+01     5.2179391946E-01     3.1163613333E+00    -7.6466046416E-02    -1.0839346939E+00     3.0858425891E-01
    2.4890000000E+01     5.2104110211E-01     3.1055396402E+00    -7.4100306387E-02    -1.0804044764E+00     3.0858425891E-01
    2.4900000000E+01     5.2031185629E-01     3.0947532326E+00    -7.1751677765E-02    -1.0768776131E+00     3.0858425891E-01
    2.4910000000E+01     5.1960601273E-01     3.0840020763E+00    -6.9419794851E-02    -1.0733542283E+00     3.0858425891E-01
    2.4920000000E+01     5.1892340578E-01     3.0732861360E+00    -6.7104297099E-02    -1.0698344435E+00     3.0858425891E-01
    2.4930000000E+01     5.1826387336E-01     3.0626053751E+00    -6.4804829006E-02    -1.0663183776E+00     3.0858425891E-01
    2.4940000000E+01     5.1762725694E-01     3.0519597557E+00    -6.2521040017E-02    -1.0628061466E+00     3.0858425891E-01
    2.4950000000E+01     5.1701340145E-01     3.0413492390E+00    -6.0252584420E-02    -1.0592978641E+00     3.0858425891E-01
    2.4960000000E+01     5.1642215527E-01     3.0307737849E+00    -5.7999121252E-02    -1.0557936409E+00     3.0858425891E-01
    2.4970000000E+01     5.1585337017E-01     3.0202333523E+00    -5.5760314198E-02    -1.0522935856E+00     3.0858425891E-01
    2.4980000000E+01     5.1530690124E-01     3.0097278989E+00    -5.3535831503E-02    -1.0487978038E+00     3.0858425891E-01
    2.4990000000E+01     5.1478260688E-01     2.9992573816E+00    -5.1325345872E-02    -1.0453063993E+00     3.0858425891E-01
    2.5000000000E+01     5.1428034874E-01     2.9888217560E+00    -4.9128534386E-02    -1.0418194729E+00     3.0858425891E-01
    2.5010000000E+01     5.1379999168E-01     2.9784209769E+00    -4.6945078408E-02    -1.0383371234E+00     3.0858425891E-01
    2.5020000000E+01     5.1334140371E-01     2.9680549980E+00    -4.4774663495E-02    -1.0348594473E+00     3.0858425891E-01
    2.5030000000E+01     5.1290445597E-01     2.9577237720E+00    -4.2616979316E-02    -1.0313865386E+00     3.0858425891E-01
    2.5040000000E+01     5.1248902271E-01     2.9474272510E+00    -4.0471719566E-02    -1.0279184893E+00     3.0858425891E-01
    2.5050000000E+01     5.1209498118E-01     2.9371653858E+00    -3.8338581878E-02    -1.0244553890E+00     3.0858425891E-01
    2.5060000000E+01     5.1172221166E-01     2.9269381264E+00    -3.6217267751E-02    -1.0209973254E+00     3.0858425891E-01
    2.5070000000E+01     5.1137059739E-01     2.9167454222E+00    -3.4107482460E-02    -1.0175443840E+00     3.0858425891E-01
    2.5080000000E+01     5.1104002455E-01     2.9065872214E+00    -3.2008934985E-02    -1.0140966481E+00     3.0858425891E-01
    2.5090000000E+01     5.1073038219E-01     2.8964634716E+00    -2.9921337929E-02    -1.0106541991E+00     3.0858425891E-01
    2.5100000000E+01     5.1044156223E-01     2.8863741195E+00    -2.7844407446E-02    -1.0072171163E+00     3.0858425891E-01
    2.5110000000E+01     5.1017345942E-01     2.8763191111E+00    -2.5777863164E-02    -1.0037854773E+00     3.0858425891E-01
    2.5120000000E+01     5.0992597127E-01     2.8662983916E+00    -2.3721428112E-02    -1.0003593575E+00     3.0858425891E-01
    2.5130000000E+01     5.0969899807E-01     2.8563119053E+00    -2.1674828651E-02    -9.9693883050E-01     3.0858425891E-01
    2.5140000000E+01     5.0949244282E-01     2.8463595961E+00    -1.9637794399E-02    -9.9352396806E-01     3.0858425891E-01
    2.5150000000E+01     5.0930621119E-01     2.8364414068E+00    -1.7610058165E-02    -9.9011484012E-01     3.0858425891E-01
    2.5160000000E+01     5.0914021154E-01     2.8265572799E+00    -1.5591355881E-02    -9.8671151483E-01     3.0858425891E-01
    2.5170000000E+01     5.0899435483E-01     2.8167071570E+00    -1.3581426534E-02    -9.8331405858E-01     3.0858425891E-01
    2.5180000000E+01     5.0886855463E-01     2.8068909790E+00    -1.1580012099E-02    -9.7992253605E-01     3.0858425891E-01
    2.5190000000E+01     5.0876272706E-01     2.7971086863E+00    -9.5868574797E-03    -9.7653701020E-01     3.0858425891E-01
    2.5200000000E+01     5.0867679079E-01     2.7873602186E+00    -7.6017104380E-03    -9.7315754236E-01     3.0858425891E-01
    2.5210000000E+01     5.0861066699E-01     2.7776455150E+00    -5.6243215373E-03    -9.6978419221E-01     3.0858425891E-01
    2.5220000000E+01     5.0856427932E-01     2.7679645142E+00    -3.6544440786E-03    -9.6641701783E-01     3.0858425891E-01
    2.5230000000E+01     5.0853755388E-01     2.7583171539E+00    -1.6918340414E-03    -9.6305607574E-01     3.0858425891E-01
    2.5240000000E+01     5.0853041922E-01     2.7487033717E+00     2.6374997593E-04    -9.5970142088E-01     3.0858425891E-01
    2.5250000000E+01     5.0854280626E-01     2.7391231044E+00     2.2125468140E-03    -9.5635310672E-01     3.0858425891E-01
    2.5260000000E+01     5.0857464832E-01     2.7295762882E+00     4.1547928097E-03    -9.5301118521E-01     3.0858425891E-01
    2.5270000000E+01     5.0862588106E-01     2.7200628592E+00     6.0907218519E-03    -9.4967570684E-01     3.0858425891E-01
    2.5280000000E+01     5.0869644247E-01     2.7105827525E+00     8.0205654371E-03    -9.4634672067E-01     3.0858425891E-01
    2.5290000000E+01     5.0878627285E-01     2.7011359030E+00     9.9445527236E-03    -9.4302427433E-01     3.0858425891E-01
    2.5300000000E+01     5.0889531476E-01     2.6917222450E+00     1.1862910585E-02    -9.3970841410E-01     3.0858425891E-01
    2.5310000000E+01     5.0902351304E-01     2.6823417126E+00     1.3775863661E-02    -9.3639918486E-01     3.0858425891E-01
    2.5320000000E+01     5.0917081476E-01     2.6729942391E+00     1.5683634412E-02    -9.3309663018E-01     3.0858425891E-01
    2.5330000000E+01     5.0933716919E-01     2.6636797576E+00     1.7586443167E-02    -9.2980079230E-01     3.0858425891E-01
    2.5340000000E+01     5.0952252781E-01     2.6543982007E+00     1.9484508176E-02    -9.2651171218E-01     3.0858425891E-01
    2.5350000000E+01     5.0972684426E-01     2.6451495007E+00     2.1378045655E-02    -9.2322942951E-01     3.0858425891E-01
    2.5360000000E+01     5.0995007435E-01     2.6359335893E+00     2.3267269840E-02    -9.1995398275E-01     3.0858425891E-01
    2.5370000000E+01     5.1019217599E-01     2.6267503981E+00     2.5152393030E-02    -9.1668540911E-01     3.0858425891E-01
    2.5380000000E+01     5.1045310924E-01     2.6175998581E+00     2.7033625635E-02    -9.1342374462E-01     3.0858425891E-01
    2.5390000000E+01     5.1073283623E-01     2.6084819001E+00     2.8911176221E-02    -9.1016902412E-01     3.0858425891E-01
    2.5400000000E+01     5.1103132118E-01     2.5993964544E+00     3.0785251558E-02    -9.0692128132E-01     3.0858425891E-01
    2.5410000000E+01     5.1134853036E-01     2.5903434511E+00     3.2656056661E-02    -9.0368054875E-01     3.0858425891E-01
    2.5420000000E+01     5.1168443209E-01     2.5813228199E+00     3.4523794836E-02    -9.0044685786E-01     3.0858425891E-01
    2.5430000000E+01     5.1203899670E-01     2.5723344904E+00     3.6388667724E-02    -8.9722023898E-01     3.0858425891E-01
    2.5440000000E+01     5.1241219656E-01     2.5633783915E+00     3.8250875339E-02    -8.9400072137E-01     3.0858425891E-01
    2.5450000000E+01     5.1280400599E-01     2.5544544522E+00     4.0110616115E-02    -8.9078833324E-01     3.0858425891E-01
    2.5460000000E+01     5.1321440131E-01     2.5455626010E+00     4.1968086942E-02    -8.8758310176E-01     3.0858425891E-01
    2.5470000000E+01     5.1364336081E-01     2.5367027662E+00     4.3823483213E-02    -8.8438505305E-01     3.0858425891E-01
    2.5480000000E+01     5.1409086471E-01     2.5278748759E+00     4.5676998855E-02    -8.8119421227E-01     3.0858425891E-01
    2.5490000000E+01     5.1455689516E-01     2.5190788578E+00     4.7528826377E-02    -8.7801060356E-01     3.0858425891E-01
    2.5500000000E+01     5.1504143625E-01     2.5103146396E+00     4.9379156904E-02    -8.7483425010E-01     3.0858425891E-01
    2.5510000000E+01     5.1554447394E-01     2.5015821486E+00     5.1228180214E-02    -8.7166517415E-01     3.0858425891E-01
    2.5520000000E+01     5.1606599612E-01     2.4928813118E+00     5.3076084779E-02    -8.6850339698E-01     3.0858425891E-01
    2.5530000000E+01     5.1660599253E-01     2.4842120562E+00     5.4923057798E-02    -8.6534893899E-01     3.0858425891E-01
    2.5540000000E+01     5.1716445479E-01     2.4755743086E+00     5.6769285238E-02    -8.6220181967E-01     3.0858425891E-01
    2.5550000000E+01     5.1774137637E-01     2.4669679953E+00     5.8614951865E-02    -8.5906205759E-01     3.0858425891E-01
    2.5560000000E+01     5.1833675257E-01     2.4583930428E+00     6.0460241284E-02    -8.5592967049E-01     3.0858425891E-01
    2.5570000000E+01     5.1895058055E-01     2.4498493773E+00     6.2305335968E-02    -8.5280467525E-01     3.0858425891E-01
    2.5580000000E+01     5.1958285925E-01     2.4413369246E+00     6.4150417299E-02    -8.4968708788E-01     3.0858425891E-01
    2.5590000000E+01     5.2023358945E-01     2.4328556108E+00     6.5995665595E-02    -8.4657692361E-01     3.0858425891E-01
    2.5600000000E+01     5.2090277371E-01     2.4244053614E+00     6.7841260149E-02    -8.4347419681E-01     3.0858425891E-01
    2.5610000000E+01     5.2159041640E-01     2.4159861020E+00     6.9687379259E-02    -8.4037892110E-01     3.0858425891E-01
    2.5620000000E+01     5.2229652364E-01     2.4075977581E+00     7.1534200260E-02    -8.3729110929E-01     3.0858425891E-01
    2.5630000000E+01     5.2302110333E-01     2.3992402549E+00     7.3381899558E-02    -8.3421077343E-01     3.0858425891E-01
    2.5640000000E+01     5.2376416514E-01     2.3909135176E+00     7.5230652660E-02    -8.3113792480E-01     3.0858425891E-01
    2.5650000000E+01     5.2452572048E-01     2.3826174714E+00     7.7080634204E-02    -8.2807257398E-01     3.0858425891E-01
    2.5660000000E+01     5.2530578250E-01     2.3743520411E+00     7.8932017991E-02    -8.2501473076E-01     3.0858425891E-01
    2.5670000000E+01     5.2610436609E-01     2.3661171517E+00     8.0784977018E-02    -8.2196440427E-01     3.0858425891E-01
    2.5680000000E+01     5.2692148787E-01     2.3579127280E+00     8.2639683502E-02    -8.1892160290E-01     3.0858425891E-01
    2.5690000000E+01     5.2775716616E-01     2.3497386946E+00     8.4496308914E-02    -8.1588633436E-01     3.0858425891E-01
    2.5700000000E+01     5.2861142101E-01     2.3415949761E+00     8.6355024004E-02    -8.1285860568E-01     3.0858425891E-01
    2.5710000000E+01     5.2948427417E-01     2.3334814973E+00     8.8215998835E-02    -8.0983842323E-01     3.0858425891E-01
    2.5720000000E+01     5.3037574908E-01     2.3253981825E+00     9.0079402807E-02    -8.0682579271E-01     3.0858425891E-01
    2.5730000000E+01     5.3128587089E-01     2.3173449562E+00     9.1945404686E-02    -8.0382071918E-01     3.0858425891E-01
    2.5740000000E+01     5.3221466640E-01     2.3093217429E+00     9.3814172633E-02    -8.0082320707E-01     3.0858425891E-01
    2.5750000000E+01     5.3316216412E-01     2.3013284669E+00     9.5685874229E-02    -7.9783326018E-01     3.0858425891E-01
    2.5760000000E+01     5.3412839422E-01     2.2933650525E+00     9.7560676504E-02    -7.9485088171E-01     3.0858425891E-01
    2.5770000000E+01     5.3511338854E-01     2.2854314240E+00     9.9438745962E-02    -7.9187607425E-01     3.0858425891E-01
    2.5780000000E+01     5.3611718058E-01     2.2775275058E+00     1.0132024861E-01    -7.8890883979E-01     3.0858425891E-01
    2.5790000000E+01     5.3713980551E-01     2.2696532220E+00     1.0320534997E-01    -7.8594917977E-01     3.0858425891E-01
    2.5800000000E+01     5.3818130013E-01     2.2618084969E+00     1.0509421514E-01    -7.8299709501E-01     3.0858425891E-01
    2.5810000000E+01     5.3924170290E-01     2.2539932548E+00     1.0698700877E-01    -7.8005258582E-01     3.0858425891E-01
    2.5820000000E+01     5.4032105394E-01     2.2462074199E+00     1.0888389513E-01    -7.7711565192E-01     3.0858425891E-01
    2.5830000000E+01     5.4141939499E-01     2.2384509165E+00     1.1078503811E-01    -7.7418629252E-01     3.0858425891E-01
    2.5840000000E+01     5.4253676944E-01     2.2307236688E+00     1.1269060126E-01    -7.7126450626E-01     3.0858425891E-01
    2.5850000000E+01     5.4367322230E-01     2.2230256012E+00     1.1460074779E-01    -7.6835029128E-01     3.0858425891E-01
    2.5860000000E+01     5.4482880022E-01     2.2153566378E+00     1.1651564063E-01    -7.6544364521E-01     3.0858425891E-01
    2.5870000000E+01     5.4600355147E-01     2.2077167030E+00     1.1843544242E-01    -7.6254456517E-01     3.0858425891E-01
    2.5880000000E+01     5.4719752597E-01     2.2001057213E+00     1.2036031554E-01    -7.5965304776E-01     3.0858425891E-01
    2.5890000000E+01     5.4841077523E-01     2.1925236169E+00     1.2229042217E-01    -7.5676908911E-01     3.0858425891E-01
    2.5900000000E+01     5.4964335240E-01     2.1849703143E+00     1.2422592426E-01    -7.5389268488E-01     3.0858425891E-01
    2.5910000000E+01     5.5089531224E-01     2.1774457380E+00     1.2616698357E-01    -7.5102383024E-01     3.0858425891E-01
    2.5920000000E+01     5.5216671113E-01     2.1699498126E+00     1.2811376172E-01    -7.4816251989E-01     3.0858425891E-01
    2.5930000000E+01     5.5345760707E-01     2.1624824625E+00     1.3006642017E-01    -7.4530874810E-01     3.0858425891E-01
    2.5940000000E+01     5.5476805967E-01     2.1550436125E+00     1.3202512028E-01    -7.4246250866E-01     3.0858425891E-01
    2.5950000000E+01     5.5609813016E-01     2.1476331872E+00     1.3399002330E-01    -7.3962379493E-01     3.0858425891E-01
    2.5960000000E+01     5.5744788135E-01     2.1402511115E+00     1.3596129041E-01    -7.3679259984E-01     3.0858425891E-01
    2.5970000000E+01     5.5881737771E-01     2.1328973102E+00     1.3793908276E-01    -7.3396891590E-01     3.0858425891E-01
    2.5980000000E+01     5.6020668530E-01     2.1255717082E+00     1.3992356142E-01    -7.3115273518E-01     3.0858425891E-01
    2.5990000000E+01     5.6161587177E-01     2.1182742305E+00     1.4191488750E-01    -7.2834404935E-01     3.0858425891E-01
    2.6000000000E+01     5.6304500641E-01     2.1110048023E+00     1.4391322208E-01    -7.2554284966E-01     3.0858425891E-01
    2.6010000000E+01     5.6449416011E-01     2.1037633486E+00     1.4591872630E-01    -7.2274912699E-01     3.0858425891E-01
    2.6020000000E+01     5.6596340537E-01     2.0965497948E+00     1.4793156134E-01    -7.1996287179E-01     3.0858425891E-01
    2.6030000000E+01     5.6745281631E-01     2.0893640663E+00     1.4995188845E-01    -7.1718407415E-01     3.0858425891E-01
    2.6040000000E+01     5.6896246865E-01     2.0822060885E+00     1.5197986897E-01    -7.1441272377E-01     3.0858425891E-01
    2.6050000000E+01     5.7049243974E-01     2.0750757870E+00     1.5401566435E-01    -7.1164880998E-01     3.0858425891E-01
    2.6060000000E+01     5.7204280853E-01     2.0679730876E+00     1.5605943619E-01    -7.0889232173E-01     3.0858425891E-01
    2.6070000000E+01     5.7361365559E-01     2.0608979159E+00     1.5811134621E-01    -7.0614324763E-01     3.0858425891E-01
    2.6080000000E+01     5.7520506312E-01     2.0538501979E+00     1.6017155633E-01    -7.0340157590E-01     3.0858425891E-01
    2.6090000000E+01     5.7681711492E-01     2.0468298597E+00     1.6224022864E-01    -7.0066729446E-01     3.0858425891E-01
    2.6100000000E+01     5.7844989644E-01     2.0398368275E+00     1.6431752544E-01    -6.9794039083E-01     3.0858425891E-01
    2.6110000000E+01     5.8010349472E-01     2.0328710274E+00     1.6640360927E-01    -6.9522085222E-01     3.0858425891E-01
    2.6120000000E+01     5.8177799846E-01     2.0259323859E+00     1.6849864291E-01    -6.9250866552E-01     3.0858425891E-01
    2.6130000000E+01     5.8347349796E-01     2.0190208296E+00     1.7060278939E-01    -6.8980381725E-01     3.0858425891E-01
    2.6140000000E+01     5.8519008516E-01     2.0121362852E+00     1.7271621205E-01    -6.8710629365E-01     3.0858425891E-01
    2.6150000000E+01     5.8692785366E-01     2.0052786794E+00     1.7483907452E-01    -6.8441608062E-01     3.0858425891E-01
    2.6160000000E+01     5.8868689867E-01     1.9984479392E+00     1.7697154074E-01    -6.8173316374E-01     3.0858425891E-01
    2.6170000000E+01     5.9046731704E-01     1.9916439918E+00     1.7911377500E-01    -6.7905752829E-01     3.0858425891E-01
    2.6180000000E+01     5.9226920728E-01     1.9848667644E+00     1.8126594196E-01    -6.7638915926E-01     3.0858425891E-01
    2.6190000000E+01     5.9409266954E-01     1.9781161845E+00     1.8342820662E-01    -6.7372804132E-01     3.0858425891E-01
    2.6200000000E+01     5.9593780562E-01     1.9713921795E+00     1.8560073440E-01    -6.7107415885E-01     3.0858425891E-01
    2.6210000000E+01     5.9780471899E-01     1.9646946772E+00     1.8778369112E-01    -6.6842749595E-01     3.0858425891E-01
    2.6220000000E+01     5.9969351476E-01     1.9580236056E+00     1.8997724304E-01    -6.6578803642E-01     3.0858425891E-01
    2.6230000000E+01     6.0160429972E-01     1.9513788925E+00     1.9218155684E-01    -6.6315576380E-01     3.0858425891E-01
    2.6240000000E+01     6.0353718232E-01     1.9447604664E+00     1.9439679969E-01    -6.6053066133E-01     3.0858425891E-01
    2.6250000000E+01     6.0549227270E-01     1.9381682555E+00     1.9662313922E-01    -6.5791271200E-01     3.0858425891E-01
    2.6260000000E+01     6.0746968266E-01     1.9316021884E+00     1.9886074357E-01    -6.5530189850E-01     3.0858425891E-01
    2.6270000000E+01     6.0946952569E-01     1.9250621938E+00     2.0110978139E-01    -6.5269820329E-01     3.0858425891E-01
    2.6280000000E+01     6.1149191696E-01     1.9185482006E+00     2.0337042187E-01    -6.5010160855E-01     3.0858425891E-01
    2.6290000000E+01     6.1353697336E-01     1.9120601380E+00     2.0564283472E-01    -6.4751209620E-01     3.0858425891E-01
    2.6300000000E+01     6.1560481346E-01     1.9055979351E+00     2.0792719025E-01    -6.4492964792E-01     3.0858425891E-01
    2.6310000000E+01     6.1769555755E-01     1.8991615215E+00     2.1022365933E-01    -6.4235424513E-01     3.0858425891E-01
    2.6320000000E+01     6.1980932760E-01     1.8927508268E+00     2.1253241344E-01    -6.3978586900E-01     3.0858425891E-01
    2.6330000000E+01     6.2194624734E-01     1.8863657808E+00     2.1485362468E-01    -6.3722450048E-01     3.0858425891E-01
    2.6340000000E+01     6.2410644219E-01     1.8800063135E+00     2.1718746576E-01    -6.3467012025E-01     3.0858425891E-01
    2.6350000000E+01     6.2629003933E-01     1.8736723552E+00     2.1953411006E-01    -6.3212270877E-01     3.0858425891E-01
    2.6360000000E+01     6.2849716765E-01     1.8673638362E+00     2.2189373161E-01    -6.2958224627E-01     3.0858425891E-01
    2.6370000000E+01     6.3072795780E-01     1.8610806872E+00     2.2426650514E-01    -6.2704871275E-01     3.0858425891E-01
    2.6380000000E+01     6.3298254218E-01     1.8548228389E+00     2.2665260605E-01    -6.2452208797E-01     3.0858425891E-01
    2.6390000000E+01     6.3526105494E-01     1.8485902224E+00     2.2905221049E-01    -6.2200235149E-01     3.0858425891E-01
    2.6400000000E+01     6.3756363199E-01     1.8423827690E+00     2.3146549531E-01    -6.1948948262E-01     3.0858425891E-01
    2.6410000000E+01     6.3989041104E-01     1.8362004100E+00     2.3389263811E-01    -6.1698346048E-01     3.0858425891E-01
    2.6420000000E+01     6.4224153154E-01     1.8300430770E+00     2.3633381727E-01    -6.1448426395E-01     3.0858425891E-01
    2.6430000000E+01     6.4461713477E-01     1.8239107020E+00     2.3878921193E-01    -6.1199187172E-01     3.0858425891E-01
    2.6440000000E+01     6.4701736376E-01     1.8178032170E+00     2.4125900203E-01    -6.0950626226E-01     3.0858425891E-01
    2.6450000000E+01     6.4944236339E-01     1.8117205542E+00     2.4374336832E-01    -6.0702741383E-01     3.0858425891E-01
    2.6460000000E+01     6.5189228032E-01     1.8056626462E+00     2.4624249238E-01    -6.0455530450E-01     3.0858425891E-01
    2.6470000000E+01     6.5436726304E-01     1.7996294257E+00     2.4875655662E-01    -6.0208991211E-01     3.0858425891E-01
    2.6480000000E+01     6.5686746187E-01     1.7936208257E+00     2.5128574433E-01    -5.9963121434E-01     3.0858425891E-01
    2.6490000000E+01     6.5939302895E-01     1.7876367792E+00     2.5383023964E-01    -5.9717918863E-01     3.0858425891E-01
    2.6500000000E+01     6.6194411830E-01     1.7816772197E+00     2.5639022761E-01    -5.9473381226E-01     3.0858425891E-01
    2.6510000000E+01     6.6452088577E-01     1.7757420809E+00     2.5896589415E-01    -5.9229506230E-01     3.0858425891E-01
    2.6520000000E+01     6.6712348907E-01     1.7698312965E+00     2.6155742615E-01    -5.8986291563E-01     3.0858425891E-01
    2.6530000000E+01     6.6975208780E-01     1.7639448006E+00     2.6416501139E-01    -5.8743734895E-01     3.0858425891E-01
    2.6540000000E+01     6.7240684344E-01     1.7580825276E+00     2.6678883861E-01    -5.8501833877E-01     3.0858425891E-01
    2.6550000000E+01     6.7508791935E-01     1.7522444121E+00     2.6942909755E-01    -5.8260586140E-01     3.0858425891E-01
    2.6560000000E+01     6.7779548080E-01     1.7464303887E+00     2.7208597888E-01    -5.8019989299E-01     3.0858425891E-01
    2.6570000000E+01     6.8052969497E-01     1.7406403926E+00     2.7475967429E-01    -5.7780040950E-01     3.0858425891E-01
    2.6580000000E+01     6.8329073097E-01     1.7348743590E+00     2.7745037651E-01    -5.7540738671E-01     3.0858425891E-01
    2.6590000000E+01     6.8607875983E-01     1.7291322234E+00     2.8015827925E-01    -5.7302080022E-01     3.0858425891E-01
    2.6600000000E+01     6.8889395454E-01     1.7234139216E+00     2.8288357728E-01    -5.7064062547E-01     3.0858425891E-01
    2.6610000000E+01     6.9173649002E-01     1.7177193896E+00     2.8562646646E-01    -5.6826683771E-01     3.0858425891E-01
    2.6620000000E+01     6.9460654316E-01     1.7120485637E+00     2.8838714367E-01    -5.6589941201E-01     3.0858425892E-01
    2.6630000000E+01     6.9750429284E-01     1.7064013803E+00     2.9116580691E-01    -5.6353832330E-01     3.0858425892E-01
    2.6640000000E+01     7.0042991992E-01     1.7007777762E+00     2.9396265529E-01    -5.6118354631E-01     3.0858425892E-01
    2.6650000000E+01     7.0338360723E-01     1.6951776884E+00     2.9677788902E-01    -5.5883505561E-01     3.0858425892E-01
    2.6660000000E+01     7.0636553965E-01     1.6896010542E+00     2.9961170945E-01    -5.5649282563E-01     3.0858425892E-01
    2.6670000000E+01     7.0937590405E-01     1.6840478111E+00     3.0246431908E-01    -5.5415683058E-01     3.0858425892E-01
    2.6680000000E+01     7.1241488934E-01     1.6785178969E+00     3.0533592158E-01    -5.5182704457E-01     3.0858425892E-01
    2.6690000000E+01     7.1548268648E-01     1.6730112496E+00     3.0822672178E-01    -5.4950344149E-01     3.0858425892E-01
    2.6700000000E+01     7.1857948846E-01     1.6675278075E+00     3.1113692574E-01    -5.4718599511E-01     3.0858425892E-01
    2.6710000000E+01     7.2170549036E-01     1.6620675092E+00     3.1406674069E-01    -5.4487467902E-01     3.0858425892E-01
    2.6720000000E+01     7.2486088934E-01     1.6566302936E+00     3.1701637511E-01    -5.4256946664E-01     3.0858425892E-01
    2.6730000000E+01     7.2804588463E-01     1.6512160996E+00     3.1998603870E-01    -5.4027033126E-01     3.0858425892E-01
    2.6740000000E+01     7.3126067758E-01     1.6458248668E+00     3.2297594243E-01    -5.3797724599E-01     3.0858425892E-01
    2.6750000000E+01     7.3450547165E-01     1.6404565347E+00     3.2598629853E-01    -5.3569018379E-01     3.0858425892E-01
    2.6760000000E+01     7.3778047243E-01     1.6351110431E+00     3.2901732052E-01    -5.3340911746E-01     3.0858425892E-01
    2.6770000000E+01     7.4108588766E-01     1.6297883324E+00     3.3206922322E-01    -5.3113401966E-01     3.0858425892E-01
    2.6780000000E+01     7.4442192722E-01     1.6244883429E+00     3.3514222275E-01    -5.2886486287E-01     3.0858425892E-01
    2.6790000000E+01     7.4778880317E-01     1.6192110154E+00     3.3823653656E-01    -5.2660161944E-01     3.0858425892E-01
    2.6800000000E+01     7.5118672973E-01     1.6139562909E+00     3.4135238346E-01    -5.2434426156E-01     3.0858425892E-01
    2.6810000000E+01     7.5461592335E-01     1.6087241107E+00     3.4448998360E-01    -5.2209276125E-01     3.0858425892E-01
    2.6820000000E+01     7.5807660265E-01     1.6035144163E+00     3.4764955852E-01    -5.1984709041E-01     3.0858425892E-01
    2.6830000000E+01     7.6156898851E-01     1.5983271495E+00     3.5083133113E-01    -5.1760722076E-01     3.0858425892E-01
    2.6840000000E+01     7.6509330401E-01     1.5931622526E+00     3.5403552574E-01    -5.1537312388E-01     3.0858425892E-01
    2.6850000000E+01     7.6864977451E-01     1.5880196679E+00     3.5726236810E-01    -5.1314477120E-01     3.0858425892E-01
    2.6860000000E+01     7.7223862762E-01     1.5828993381E+00     3.6051208537E-01    -5.1092213400E-01     3.0858425892E-01
    2.6870000000E+01     7.7586009323E-01     1.5778012063E+00     3.6378490615E-01    -5.0870518341E-01     3.0858425892E-01
    2.6880000000E+01     7.7951440353E-01     1.5727252156E+00     3.6708106054E-01    -5.0649389041E-01     3.0858425892E-01
    2.6890000000E+01     7.8320179299E-01     1.5676713097E+00     3.7040078006E-01    -5.0428822582E-01     3.0858425892E-01
    2.6900000000E+01     7.8692249845E-01     1.5626394324E+00     3.7374429776E-01    -5.0208816034E-01     3.0858425892E-01
    2.6910000000E+01     7.9067675906E-01     1.5576295279E+00     3.7711184818E-01    -4.9989366448E-01     3.0858425892E-01
    2.6920000000E+01     7.9446481631E-01     1.5526415407E+00     3.8050366738E-01    -4.9770470863E-01     3.0858425892E-01
    2.6930000000E+01     7.9828691409E-01     1.5476754154E+00     3.8391999295E-01    -4.9552126302E-01     3.0858425892E-01
    2.6940000000E+01     8.0214329866E-01     1.5427310971E+00     3.8736106404E-01    -4.9334329774E-01     3.0858425892E-01
    2.6950000000E+01     8.0603421866E-01     1.5378085313E+00     3.9082712135E-01    -4.9117078271E-01     3.0858425892E-01
    2.6960000000E+01     8.0995992518E-01     1.5329076634E+00     3.9431840715E-01    -4.8900368773E-01     3.0858425892E-01
    2.6970000000E+01     8.1392067171E-01     1.5280284396E+00     3.9783516532E-01    -4.8684198243E-01     3.0858425892E-01
    2.6980000000E+01     8.1791671421E-01     1.5231708059E+00     4.0137764133E-01    -4.8468563629E-01     3.0858425892E-01
    2.6990000000E+01     8.2194831109E-01     1.5183347091E+00     4.0494608228E-01    -4.8253461865E-01     3.0858425892E-01
    2.7000000000E+01     8.2601572324E-01     1.5135200959E+00     4.0854073691E-01    -4.8038889869E-01     3.0858425892E-01
    2.7010000000E+01     8.3011921404E-01     1.5087269135E+00     4.1216185558E-01    -4.7824844545E-01     3.0858425892E-01
    2.7020000000E+01     8.3425904940E-01     1.5039551095E+00     4.1580969034E-01    -4.7611322781E-01     3.0858425892E-01
    2.7030000000E+01     8.3843549775E-01     1.4992046316E+00     4.1948449490E-01    -4.7398321450E-01     3.0858425892E-01
    2.7040000000E+01     8.4264883005E-01     1.4944754280E+00     4.2318652468E-01    -4.7185837410E-01     3.0858425892E-01
    2.7050000000E+01     8.4689931985E-01     1.4897674470E+00     4.2691603679E-01    -4.6973867504E-01     3.0858425892E-01
    2.7060000000E+01     8.5118724325E-01     1.4850806375E+00     4.3067329006E-01    -4.6762408560E-01     3.0858425892E-01
    2.7070000000E+01     8.5551287899E-01     1.4804149484E+00     4.3445854505E-01    -4.6551457389E-01     3.0858425892E-01
    2.7080000000E+01     8.5987650837E-01     1.4757703292E+00     4.3827206409E-01    -4.6341010788E-01     3.0858425892E-01
    2.7090000000E+01     8.6427841536E-01     1.4711467295E+00     4.4211411124E-01    -4.6131065539E-01     3.0858425892E-01
    2.7100000000E+01     8.6871888657E-01     1.4665440994E+00     4.4598495236E-01    -4.5921618406E-01     3.0858425892E-01
    2.7110000000E+01     8.7319821128E-01     1.4619623893E+00     4.4988485508E-01    -4.5712666140E-01     3.0858425892E-01
    2.7120000000E+01     8.7771668145E-01     1.4574015498E+00     4.5381408885E-01    -4.5504205475E-01     3.0858425892E-01
    2.7130000000E+01     8.8227459173E-01     1.4528615320E+00     4.5777292493E-01    -4.5296233129E-01     3.0858425892E-01
    2.7140000000E+01     8.8687223953E-01     1.4483422870E+00     4.6176163640E-01    -4.5088745804E-01     3.0858425892E-01
    2.7150000000E+01     8.9150992496E-01     1.4438437667E+00     4.6578049820E-01    -4.4881740188E-01     3.0858425892E-01
    2.7160000000E+01     8.9618795092E-01     1.4393659231E+00     4.6982978713E-01    -4.4675212950E-01     3.0858425892E-01
    2.7170000000E+01     9.0090662306E-01     1.4349087083E+00     4.7390978184E-01    -4.4469160745E-01     3.0858425892E-01
    2.7180000000E+01     9.0566624984E-01     1.4304720752E+00     4.7802076289E-01    -4.4263580209E-01     3.0858425892E-01
    2.7190000000E+01     9.1046714254E-01     1.4260559767E+00     4.8216301273E-01    -4.4058467965E-01     3.0858425892E-01
    2.7200000000E+01     9.1530961527E-01     1.4216603661E+00     4.8633681570E-01    -4.3853820616E-01     3.0858425892E-01
    2.7210000000E+01     9.2019398499E-01     1.4172851972E+00     4.9054245811E-01    -4.3649634752E-01     3.0858425892E-01
    2.7220000000E+01     9.2512057153E-01     1.4129304239E+00     4.9478022817E-01    -4.3445906942E-01     3.0858425892E-01
    2.7230000000E+01     9.3008969761E-01     1.4085960006E+00     4.9905041607E-01    -4.3242633742E-01     3.0858425892E-01
    2.7240000000E+01     9.3510168888E-01     1.4042818821E+00     5.0335331393E-01    -4.3039811687E-01     3.0858425892E-01
    2.7250000000E+01     9.4015687390E-01     1.3999880234E+00     5.0768921588E-01    -4.2837437299E-01     3.0858425892E-01
    2.7260000000E+01     9.4525558420E-01     1.3957143798E+00     5.1205841803E-01    -4.2635507078E-01     3.0858425892E-01
    2.7270000000E+01     9.5039815426E-01     1.3914609072E+00     5.1646121849E-01    -4.2434017510E-01     3.0858425892E-01
    2.7280000000E+01     9.5558492156E-01     1.3872275617E+00     5.2089791741E-01    -4.2232965062E-01     3.0858425892E-01
    2.7290000000E+01     9.6081622661E-01     1.3830142998E+00     5.2536881692E-01    -4.2032346183E-01     3.0858425892E-01
    2.7300000000E+01     9.6609241292E-01     1.3788210782E+00     5.2987422125E-01    -4.1832157303E-01     3.0858425892E-01
    2.7310000000E+01     9.7141382707E-01     1.3746478541E+00     5.3441443664E-01    -4.1632394836E-01     3.0858425892E-01
    2.7320000000E+01     9.7678081871E-01     1.3704945851E+00     5.3898977143E-01    -4.1433055176E-01     3.0858425892E-01
    2.7330000000E+01     9.8219374060E-01     1.3663612291E+00     5.4360053601E-01    -4.1234134698E-01     3.0858425892E-01
    2.7340000000E+01     9.8765294857E-01     1.3622477443E+00     5.4824704288E-01    -4.1035629759E-01     3.0858425892E-01
    2.7350000000E+01     9.9315880164E-01     1.3581540894E+00     5.5292960665E-01    -4.0837536698E-01     3.0858425892E-01
    2.7360000000E+01     9.9871166195E-01     1.3540802234E+00     5.5764854402E-01    -4.0639851832E-01     3.0858425892E-01
    2.7370000000E+01     1.0043118948E+00     1.3500261056E+00     5.6240417385E-01    -4.0442571461E-01     3.0858425892E-01
    2.7380000000E+01     1.0099598688E+00     1.3459916957E+00     5.6719681711E-01    -4.0245691865E-01     3.0858425892E-01
    2.7390000000E+01     1.0156559556E+00     1.3419769540E+00     5.7202679695E-01    -4.0049209302E-01     3.0858425892E-01
    2.7400000000E+01     1.0214005303E+00     1.3379818408E+00     5.7689443865E-01    -3.9853120014E-01     3.0858425892E-01
    2.7410000000E+01     1.0271939710E+00     1.3340063170E+00     5.8180006969E-01    -3.9657420218E-01     3.0858425892E-01
    2.7420000000E+01     1.0330366594E+00     1.3300503439E+00     5.8674401972E-01    -3.9462106114E-01     3.0858425892E-01
    2.7430000000E+01     1.0389289803E+00     1.3261138830E+00     5.9172662061E-01    -3.9267173879E-01     3.0858425892E-01
    2.7440000000E+01     1.0448713218E+00     1.3221968965E+00     5.9674820640E-01    -3.9072619671E-01     3.0858425892E-01
    2.7450000000E+01     1.0508640755E+00     1.3182993466E+00     6.0180911338E-01    -3.8878439624E-01     3.0858425892E-01
    2.7460000000E+01     1.0569076362E+00     1.3144211962E+00     6.0690968006E-01    -3.8684629854E-01     3.0858425892E-01
    2.7470000000E+01     1.0630024024E+00     1.3105624084E+00     6.1205024717E-01    -3.8491186451E-01     3.0858425892E-01
    2.7480000000E+01     1.0691487757E+00     1.3067229468E+00     6.1723115773E-01    -3.8298105486E-01     3.0858425892E-01
    2.7490000000E+01     1.0753471612E+00     1.3029027754E+00     6.2245275697E-01    -3.8105383008E-01     3.0858425892E-01
    2.7500000000E+01     1.0815979676E+00     1.2991018584E+00     6.2771539244E-01    -3.7913015039E-01     3.0858425892E-01
    2.7510000000E+01     1.0879016070E+00     1.2953201607E+00     6.3301941393E-01    -3.7720997584E-01     3.0858425892E-01
    2.7520000000E+01     1.0942584950E+00     1.2915576474E+00     6.3836517353E-01    -3.7529326620E-01     3.0858425892E-01
    2.7530000000E+01     1.1006690508E+00     1.2878142840E+00     6.4375302564E-01    -3.7337998104E-01     3.0858425892E-01
    2.7540000000E+01     1.1071336970E+00     1.2840900365E+00     6.4918332696E-01    -3.7147007965E-01     3.0858425892E-01
    2.7550000000E+01     1.1136528600E+00     1.2803848712E+00     6.5465643650E-01    -3.6956352112E-01     3.0858425892E-01
    2.7560000000E+01     1.1202269696E+00     1.2766987550E+00     6.6017271560E-01    -3.6766026426E-01     3.0858425892E-01
    2.7570000000E+01     1.1268564594E+00     1.2730316551E+00     6.6573252793E-01    -3.6576026767E-01     3.0858425892E-01
    2.7580000000E+01     1.1335417665E+00     1.2693835389E+00     6.7133623952E-01    -3.6386348967E-01     3.0858425892E-01
    2.7590000000E+01     1.1402833318E+00     1.2657543747E+00     6.7698421871E-01    -3.6196988832E-01     3.0858425892E-01
    2.7600000000E+01     1.1470815997E+00     1.2621441307E+00     6.8267683625E-01    -3.6007942144E-01     3.0858425892E-01
    2.7610000000E+01     1.1539370185E+00     1.2585527760E+00     6.8841446520E-01    -3.5819204659E-01     3.0858425892E-01
    2.7620000000E+01     1.1608500403E+00     1.2549802796E+00     6.9419748104E-01    -3.5630772104E-01     3.0858425892E-01
    2.7630000000E+01     1.1678211207E+00     1.2514266115E+00     7.0002626160E-01    -3.5442640181E-01     3.0858425892E-01
    2.7640000000E+01     1.1748507193E+00     1.2478917417E+00     7.0590118710E-01    -3.5254804565E-01     3.0858425892E-01
    2.7650000000E+01     1.1819392995E+00     1.2443756409E+00     7.1182264015E-01    -3.5067260901E-01     3.0858425892E-01
    2.7660000000E+01     1.1890873285E+00     1.2408782800E+00     7.1779100579E-01    -3.4880004809E-01     3.0858425892E-01
    2.7670000000E+01     1.1962952773E+00     1.2373996305E+00     7.2380667141E-01    -3.4693031878E-01     3.0858425892E-01
    2.7680000000E+01     1.2035636209E+00     1.2339396643E+00     7.2987002686E-01    -3.4506337668E-01     3.0858425892E-01
    2.7690000000E+01     1.2108928381E+00     1.2304983538E+00     7.3598146436E-01    -3.4319917712E-01     3.0858425892E-01
    2.7700000000E+01     1.2182834118E+00     1.2270756718E+00     7.4214137859E-01    -3.4133767511E-01     3.0858425892E-01
    2.7710000000E+01     1.2257358286E+00     1.2236715914E+00     7.4835016663E-01    -3.3947882537E-01     3.0858425892E-01
    2.7720000000E+01     1.2332505793E+00     1.2202860866E+00     7.5460822799E-01    -3.3762258230E-01     3.0858425892E-01
    2.7730000000E+01     1.2408281587E+00     1.2169191313E+00     7.6091596463E-01    -3.3576890001E-01     3.0858425892E-01
    2.7740000000E+01     1.2484690656E+00     1.2135707002E+00     7.6727378091E-01    -3.3391773227E-01     3.0858425892E-01
    2.7750000000E+01     1.2561738027E+00     1.2102407684E+00     7.7368208366E-01    -3.3206903254E-01     3.0858425892E-01
    2.7760000000E+01     1.2639428769E+00     1.2069293115E+00     7.8014128213E-01    -3.3022275397E-01     3.0858425892E-01
    2.7770000000E+01     1.2717767993E+00     1.2036363054E+00     7.8665178804E-01    -3.2837884936E-01     3.0858425892E-01
    2.7780000000E+01     1.2796760851E+00     1.2003617267E+00     7.9321401553E-01    -3.2653727118E-01     3.0858425892E-01
    2.7790000000E+01     1.2876412534E+00     1.1971055524E+00     7.9982838119E-01    -3.2469797156E-01     3.0858425892E-01
    2.7800000000E+01     1.2956728279E+00     1.1938677599E+00     8.0649530406E-01    -3.2286090229E-01     3.0858425892E-01
    2.7810000000E+01     1.3037713361E+00     1.1906483271E+00     8.1321520563E-01    -3.2102601481E-01     3.0858425892E-01
    2.7820000000E+01     1.3119373100E+00     1.1874472324E+00     8.1998850984E-01    -3.1919326019E-01     3.0858425892E-01
    2.7830000000E+01     1.3201712857E+00     1.1842644549E+00     8.2681564307E-01    -3.1736258916E-01     3.0858425892E-01
    2.7840000000E+01     1.3284738037E+00     1.1810999739E+00     8.3369703414E-01    -3.1553395207E-01     3.0858425892E-01
    2.7850000000E+01     1.3368454087E+00     1.1779537693E+00     8.4063311434E-01    -3.1370729889E-01     3.0858425892E-01
    2.7860000000E+01     1.3452866497E+00     1.1748258215E+00     8.4762431737E-01    -3.1188257924E-01     3.0858425892E-01
    2.7870000000E+01     1.3537980802E+00     1.1717161114E+00     8.5467107939E-01    -3.1005974234E-01     3.0858425892E-01
    2.7880000000E+01     1.3623802580E+00     1.1686246205E+00     8.6177383900E-01    -3.0823873700E-01     3.0858425892E-01
    2.7890000000E+01     1.3710337452E+00     1.1655513307E+00     8.6893303722E-01    -3.0641951168E-01     3.0858425892E-01
    2.7900000000E+01     1.3797591083E+00     1.1624962245E+00     8.7614911750E-01    -3.0460201439E-01     3.0858425892E-01
    2.7910000000E+01     1.3885569186E+00     1.1594592849E+00     8.8342252573E-01    -3.0278619276E-01     3.0858425892E-01
    2.7920000000E+01     1.3974277514E+00     1.1564404952E+00     8.9075371021E-01    -3.0097199400E-01     3.0858425892E-01
    2.7930000000E+01     1.4063721869E+00     1.1534398397E+00     8.9814312164E-01    -2.9915936491E-01     3.0858425892E-01
    2.7940000000E+01     1.4153908095E+00     1.1504573029E+00     9.0559121314E-01    -2.9734825184E-01     3.0858425892E-01
    2.7950000000E+01     1.4244842083E+00     1.1474928698E+00     9.1309844023E-01    -2.9553860071E-01     3.0858425892E-01
    2.7960000000E+01     1.4336529769E+00     1.1445465262E+00     9.2066526082E-01    -2.9373035703E-01     3.0858425892E-01
    2.7970000000E+01     1.4428977137E+00     1.1416182582E+00     9.2829213519E-01    -2.9192346581E-01     3.0858425892E-01
    2.7980000000E+01     1.4522190214E+00     1.1387080526E+00     9.3597952601E-01    -2.9011787165E-01     3.0858425892E-01
    2.7990000000E+01     1.4616175075E+00     1.1358158966E+00     9.4372789831E-01    -2.8831351867E-01     3.0858425892E-01
    2.8000000000E+01     1.4710937841E+00     1.1329417782E+00     9.5153771946E-01    -2.8651035052E-01     3.0858425892E-01
    2.8010000000E+01     1.4806484682E+00     1.1300856858E+00     9.5940945918E-01    -2.8470831036E-01     3.0858425892E-01
    2.8020000000E+01     1.4902821813E+00     1.1272476085E+00     9.6734358951E-01    -2.8290734090E-01     3.0858425892E-01
    2.8030000000E+01     1.4999955496E+00     1.1244275356E+00     9.7534058482E-01    -2.8110738433E-01     3.0858425892E-01
    2.8040000000E+01     1.5097892041E+00     1.1216254576E+00     9.8340092177E-01    -2.7930838234E-01     3.0858425892E-01
    2.8050000000E+01     1.5196637808E+00     1.1188413650E+00     9.9152507930E-01    -2.7751027612E-01     3.0858425892E-01
    2.8060000000E+01     1.5296199201E+00     1.1160752493E+00     9.9971353864E-01    -2.7571300635E-01     3.0858425892E-01
    2.8070000000E+01     1.5396582675E+00     1.1133271023E+00     1.0079667832E+00    -2.7391651317E-01     3.0858425892E-01
    2.8080000000E+01     1.5497794733E+00     1.1105969166E+00     1.0162852988E+00    -2.7212073620E-01     3.0858425892E-01
    2.8090000000E+01     1.5599841927E+00     1.1078846854E+00     1.0246695733E+00    -2.7032561451E-01     3.0858425892E-01
    2.8100000000E+01     1.5702730856E+00     1.1051904024E+00     1.0331200968E+00    -2.6853108661E-01     3.0858425892E-01
    2.8110000000E+01     1.5806468171E+00     1.1025140619E+00     1.0416373617E+00    -2.6673709049E-01     3.0858425892E-01
    2.8120000000E+01     1.5911060569E+00     1.0998556590E+00     1.0502218623E+00    -2.6494356352E-01     3.0858425892E-01
    2.8130000000E+01     1.6016514801E+00     1.0972151893E+00     1.0588740953E+00    -2.6315044252E-01     3.0858425892E-01
    2.8140000000E+01     1.6122837663E+00     1.0945926490E+00     1.0675945595E+00    -2.6135766373E-01     3.0858425892E-01
    2.8150000000E+01     1.6230036004E+00     1.0919880351E+00     1.0763837554E+00    -2.5956516278E-01     3.0858425892E-01
    2.8160000000E+01     1.6338116722E+00     1.0894013450E+00     1.0852421861E+00    -2.5777287469E-01     3.0858425892E-01
    2.8170000000E+01     1.6447086766E+00     1.0868325771E+00     1.0941703564E+00    -2.5598073388E-01     3.0858425892E-01
    2.8180000000E+01     1.6556953135E+00     1.0842817301E+00     1.1031687732E+00    -2.5418867413E-01     3.0858425892E-01
    2.8190000000E+01     1.6667722879E+00     1.0817488035E+00     1.1122379454E+00    -2.5239662860E-01     3.0858425892E-01
    2.8200000000E+01     1.6779403099E+00     1.0792337977E+00     1.1213783837E+00    -2.5060452978E-01     3.0858425892E-01
    2.8210000000E+01     1.6892000948E+00     1.0767367134E+00     1.1305906010E+00    -2.4881230951E-01     3.0858425892E-01
    2.8220000000E+01     1.7005523629E+00     1.0742575521E+00     1.1398751118E+00    -2.4701989899E-01     3.0858425892E-01
    2.8230000000E+01     1.7119978397E+00     1.0717963162E+00     1.1492324325E+00    -2.4522722869E-01     3.0858425892E-01
    2.8240000000E+01     1.7235372560E+00     1.0693530086E+00     1.1586630815E+00    -2.4343422844E-01     3.0858425892E-01
    2.8250000000E+01     1.7351713475E+00     1.0669276330E+00     1.1681675788E+00    -2.4164082733E-01     3.0858425892E-01
    2.8260000000E+01     1.7469008555E+00     1.0645201937E+00     1.1777464462E+00    -2.3984695377E-01     3.0858425892E-01
    2.8270000000E+01     1.7587265261E+00     1.0621306957E+00     1.1874002072E+00    -2.3805253542E-01     3.0858425892E-01
    2.8280000000E+01     1.7706491110E+00     1.0597591450E+00     1.1971293869E+00    -2.3625749921E-01     3.0858425892E-01
    2.8290000000E+01     1.7826693670E+00     1.0574055481E+00     1.2069345121E+00    -2.3446177132E-01     3.0858425892E-01
    2.8300000000E+01     1.7947880562E+00     1.0550699122E+00     1.2168161111E+00    -2.3266527719E-01     3.0858425892E-01
    2.8310000000E+01     1.8070059459E+00     1.0527522453E+00     1.2267747137E+00    -2.3086794145E-01     3.0858425892E-01
    2.8320000000E+01     1.8193238089E+00     1.0504525564E+00     1.2368108514E+00    -2.2906968796E-01     3.0858425892E-01
    2.8330000000E+01     1.8317424231E+00     1.0481708549E+00     1.2469250568E+00    -2.2727043979E-01     3.0858425892E-01
    2.8340000000E+01     1.8442625720E+00     1.0459071512E+00     1.2571178641E+00    -2.2547011920E-01     3.0858425892E-01
    2.8350000000E+01     1.8568850442E+00     1.0436614563E+00     1.2673898088E+00    -2.2366864759E-01     3.0858425892E-01
    2.8360000000E+01     1.8696106338E+00     1.0414337823E+00     1.2777414276E+00    -2.2186594555E-01     3.0858425892E-01
    2.8370000000E+01     1.8824401401E+00     1.0392241418E+00     1.2881732585E+00    -2.2006193281E-01     3.0858425892E-01
    2.8380000000E+01     1.8953743681E+00     1.0370325483E+00     1.2986858406E+00    -2.1825652822E-01     3.0858425892E-01
    2.8390000000E+01     1.9084141279E+00     1.0348590161E+00     1.3092797140E+00    -2.1644964978E-01     3.0858425892E-01
    2.8400000000E+01     1.9215602352E+00     1.0327035605E+00     1.3199554201E+00    -2.1464121454E-01     3.0858425892E-01
    2.8410000000E+01     1.9348135109E+00     1.0305661973E+00     1.3307135010E+00    -2.1283113868E-01     3.0858425892E-01
    2.8420000000E+01     1.9481747816E+00     1.0284469435E+00     1.3415545000E+00    -2.1101933744E-01     3.0858425892E-01
    2.8430000000E+01     1.9616448791E+00     1.0263458166E+00     1.3524789609E+00    -2.0920572511E-01     3.0858425892E-01
    2.8440000000E+01     1.9752246408E+00     1.0242628353E+00     1.3634874285E+00    -2.0739021502E-01     3.0858425892E-01
    2.8450000000E+01     1.9889149095E+00     1.0221980189E+00     1.3745804483E+00    -2.0557271954E-01     3.0858425892E-01
    2.8460000000E+01     2.0027165335E+00     1.0201513878E+00     1.3857585664E+00    -2.0375315003E-01     3.0858425892E-01
    2.8470000000E+01     2.0166303663E+00     1.0181229631E+00     1.3970223293E+00    -2.0193141684E-01     3.0858425892E-01
    2.8480000000E+01     2.0306572674E+00     1.0161127670E+00     1.4083722842E+00    -2.0010742932E-01     3.0858425892E-01
    2.8490000000E+01     2.0447981012E+00     1.0141208224E+00     1.4198089785E+00    -1.9828109576E-01     3.0858425892E-01
    2.8500000000E+01     2.0590537379E+00     1.0121471532E+00     1.4313329600E+00    -1.9645232337E-01     3.0858425892E-01
    2.8510000000E+01     2.0734250531E+00     1.0101917843E+00     1.4429447768E+00    -1.9462101833E-01     3.0858425892E-01
    2.8520000000E+01     2.0879129280E+00     1.0082547416E+00     1.4546449769E+00    -1.9278708567E-01     3.0858425892E-01
    2.8530000000E+01     2.1025182491E+00     1.0063360517E+00     1.4664341086E+00    -1.9095042934E-01     3.0858425892E-01
    2.8540000000E+01     2.1172419085E+00     1.0044357424E+00     1.4783127200E+00    -1.8911095215E-01     3.0858425892E-01
    2.8550000000E+01     2.1320848036E+00     1.0025538424E+00     1.4902813591E+00    -1.8726855574E-01     3.0858425892E-01
    2.8560000000E+01     2.1470478376E+00     1.0006903814E+00     1.5023405736E+00    -1.8542314061E-01     3.0858425892E-01
    2.8570000000E+01     2.1621319188E+00     9.9884538999E-01     1.5144909108E+00    -1.8357460603E-01     3.0858425892E-01
    2.8580000000E+01     2.1773379613E+00     9.9701889998E-01     1.5267329178E+00    -1.8172285008E-01     3.0858425892E-01
    2.8590000000E+01     2.1926668846E+00     9.9521094407E-01     1.5390671409E+00    -1.7986776961E-01     3.0858425892E-01
    2.8600000000E+01     2.2081196134E+00     9.9342155602E-01     1.5514941258E+00    -1.7800926019E-01     3.0858425892E-01
    2.8610000000E+01     2.2236970781E+00     9.9165077065E-01     1.5640144174E+00    -1.7614721614E-01     3.0858425892E-01
    2.8620000000E+01     2.2394002146E+00     9.8989862383E-01     1.5766285598E+00    -1.7428153047E-01     3.0858425892E-01
    2.8630000000E+01     2.2552299639E+00     9.8816515254E-01     1.5893370958E+00    -1.7241209488E-01     3.0858425892E-01
    2.8640000000E+01     2.2711872729E+00     9.8645039480E-01     1.6021405674E+00    -1.7053879972E-01     3.0858425892E-01
    2.8650000000E+01     2.2872730935E+00     9.8475438978E-01     1.6150395151E+00    -1.6866153396E-01     3.0858425892E-01
    2.8660000000E+01     2.3034883833E+00     9.8307717773E-01     1.6280344781E+00    -1.6678018522E-01     3.0858425892E-01
    2.8670000000E+01     2.3198341049E+00     9.8141880006E-01     1.6411259940E+00    -1.6489463966E-01     3.0858425892E-01
    2.8680000000E+01     2.3363112268E+00     9.7977929931E-01     1.6543145988E+00    -1.6300478205E-01     3.0858425892E-01
    2.8690000000E+01     2.3529207223E+00     9.7815871918E-01     1.6676008265E+00    -1.6111049566E-01     3.0858425892E-01
    2.8700000000E+01     2.3696635705E+00     9.7655710455E-01     1.6809852095E+00    -1.5921166230E-01     3.0858425892E-01
    2.8710000000E+01     2.3865407555E+00     9.7497450149E-01     1.6944682777E+00    -1.5730816226E-01     3.0858425892E-01
    2.8720000000E+01     2.4035532668E+00     9.7341095727E-01     1.7080505589E+00    -1.5539987428E-01     3.0858425892E-01
    2.8730000000E+01     2.4207020991E+00     9.7186652038E-01     1.7217325787E+00    -1.5348667556E-01     3.0858425892E-01
    2.8740000000E+01     2.4379882525E+00     9.7034124054E-01     1.7355148596E+00    -1.5156844168E-01     3.0858425892E-01
    2.8750000000E+01     2.4554127322E+00     9.6883516875E-01     1.7493979220E+00    -1.4964504662E-01     3.0858425892E-01
    2.8760000000E+01     2.4729765486E+00     9.6734835724E-01     1.7633822828E+00    -1.4771636271E-01     3.0858425892E-01
    2.8770000000E+01     2.4906807173E+00     9.6588085955E-01     1.7774684562E+00    -1.4578226061E-01     3.0858425892E-01
    2.8780000000E+01     2.5085262588E+00     9.6443273052E-01     1.7916569530E+00    -1.4384260927E-01     3.0858425892E-01
    2.8790000000E+01     2.5265141991E+00     9.6300402631E-01     1.8059482805E+00    -1.4189727590E-01     3.0858425892E-01
    2.8800000000E+01     2.5446455689E+00     9.6159480439E-01     1.8203429426E+00    -1.3994612595E-01     3.0858425892E-01
    2.8810000000E+01     2.5629214041E+00     9.6020512363E-01     1.8348414390E+00    -1.3798902309E-01     3.0858425892E-01
    2.8820000000E+01     2.5813427454E+00     9.5883504424E-01     1.8494442658E+00    -1.3602582914E-01     3.0858425892E-01
    2.8830000000E+01     2.5999106388E+00     9.5748462782E-01     1.8641519145E+00    -1.3405640409E-01     3.0858425892E-01
    2.8840000000E+01     2.6186261348E+00     9.5615393740E-01     1.8789648725E+00    -1.3208060603E-01     3.0858425892E-01
    2.8850000000E+01     2.6374902889E+00     9.5484303742E-01     1.8938836223E+00    -1.3009829111E-01     3.0858425892E-01
    2.8860000000E+01     2.6565041614E+00     9.5355199378E-01     1.9089086417E+00    -1.2810931355E-01     3.0858425892E-01
    2.8870000000E+01     2.6756688175E+00     9.5228087385E-01     1.9240404034E+00    -1.2611352557E-01     3.0858425892E-01
    2.8880000000E+01     2.6949853269E+00     9.5102974647E-01     1.9392793747E+00    -1.2411077737E-01     3.0858425892E-01
    2.8890000000E+01     2.7144547639E+00     9.4979868201E-01     1.9546260175E+00    -1.2210091709E-01     3.0858425892E-01
    2.8900000000E+01     2.7340782077E+00     9.4858775235E-01     1.9700807877E+00    -1.2008379077E-01     3.0858425892E-01
    2.8910000000E+01     2.7538567416E+00     9.4739703094E-01     1.9856441355E+00    -1.1805924231E-01     3.0858425892E-01
    2.8920000000E+01     2.7737914538E+00     9.4622659277E-01     2.0013165046E+00    -1.1602711347E-01     3.0858425892E-01
    2.8930000000E+01     2.7938834366E+00     9.4507651447E-01     2.0170983322E+00    -1.1398724378E-01     3.0858425892E-01
    2.8940000000E+01     2.8141337867E+00     9.4394687424E-01     2.0329900487E+00    -1.1193947053E-01     3.0858425892E-01
    2.8950000000E+01     2.8345436052E+00     9.4283775195E-01     2.0489920775E+00    -1.0988362872E-01     3.0858425892E-01
    2.8960000000E+01     2.8551139973E+00     9.4174922912E-01     2.0651048347E+00    -1.0781955104E-01     3.0858425892E-01
    2.8970000000E+01     2.8758460724E+00     9.4068138895E-01     2.0813287285E+00    -1.0574706780E-01     3.0858425892E-01
    2.8980000000E+01     2.8967409437E+00     9.3963431636E-01     2.0976641596E+00    -1.0366600691E-01     3.0858425892E-01
    2.8990000000E+01     2.9177997287E+00     9.3860809799E-01     2.1141115201E+00    -1.0157619383E-01     3.0858425892E-01
    2.9000000000E+01     2.9390235485E+00     9.3760282224E-01     2.1306711939E+00    -9.9477451527E-02     3.0858425892E-01
    2.9010000000E+01     2.9604135282E+00     9.3661857932E-01     2.1473435558E+00    -9.7369600432E-02     3.0858425892E-01
    2.9020000000E+01     2.9819707965E+00     9.3565546120E-01     2.1641289718E+00    -9.5252458396E-02     3.0858425892E-01
    2.9030000000E+01     3.0036964856E+00     9.3471356173E-01     2.1810277980E+00    -9.3125840647E-02     3.0858425892E-01
    2.9040000000E+01     3.0255917316E+00     9.3379297660E-01     2.1980403811E+00    -9.0989559737E-02     3.0858425892E-01
    2.9050000000E+01     3.0476576736E+00     9.3289380338E-01     2.2151670575E+00    -8.8843425502E-02     3.0858425892E-01
    2.9060000000E+01     3.0698954542E+00     9.3201614158E-01     2.2324081531E+00    -8.6687245009E-02     3.0858425892E-01
    2.9070000000E+01     3.0923062191E+00     9.3116009262E-01     2.2497639828E+00    -8.4520822511E-02     3.0858425892E-01
    2.9080000000E+01     3.1148911173E+00     9.3032575993E-01     2.2672348507E+00    -8.2343959395E-02     3.0858425892E-01
    2.9090000000E+01     3.1376513005E+00     9.2951324891E-01     2.2848210489E+00    -8.0156454133E-02     3.0858425892E-01
    2.9100000000E+01     3.1605879236E+00     9.2872266700E-01     2.3025228577E+00    -7.7958102229E-02     3.0858425892E-01
    2.9110000000E+01     3.1837021440E+00     9.2795412371E-01     2.3203405451E+00    -7.5748696169E-02     3.0858425892E-01
    2.9120000000E+01     3.2069951216E+00     9.2720773063E-01     2.3382743662E+00    -7.3528025365E-02     3.0858425892E-01
    2.9130000000E+01     3.2304680192E+00     9.2648360147E-01     2.3563245632E+00    -7.1295876101E-02     3.0858425892E-01
    2.9140000000E+01     3.2541220016E+00     9.2578185209E-01     2.3744913643E+00    -6.9052031482E-02     3.0858425892E-01
    2.9150000000E+01     3.2779582359E+00     9.2510260055E-01     2.3927749841E+00    -6.6796271369E-02     3.0858425892E-01
    2.9160000000E+01     3.3019778913E+00     9.2444596713E-01     2.4111756224E+00    -6.4528372333E-02     3.0858425892E-01
    2.9170000000E+01     3.3261821390E+00     9.2381207433E-01     2.4296934643E+00    -6.2248107588E-02     3.0858425892E-01
    2.9180000000E+01     3.3505721519E+00     9.2320104696E-01     2.4483286796E+00    -5.9955246934E-02     3.0858425892E-01
    2.9190000000E+01     3.3751491044E+00     9.2261301215E-01     2.4670814221E+00    -5.7649556697E-02     3.0858425892E-01
    2.9200000000E+01     3.3999141725E+00     9.2204809938E-01     2.4859518294E+00    -5.5330799670E-02     3.0858425892E-01
    2.9210000000E+01     3.4248685336E+00     9.2150644052E-01     2.5049400223E+00    -5.2998735046E-02     3.0858425892E-01
    2.9220000000E+01     3.4500133659E+00     9.2098816985E-01     2.5240461042E+00    -5.0653118356E-02     3.0858425892E-01
    2.9230000000E+01     3.4753498489E+00     9.2049342415E-01     2.5432701608E+00    -4.8293701407E-02     3.0858425892E-01
    2.9240000000E+01     3.5008791626E+00     9.2002234267E-01     2.5626122594E+00    -4.5920232209E-02     3.0858425892E-01
    2.9250000000E+01     3.5266024877E+00     9.1957506720E-01     2.5820724486E+00    -4.3532454916E-02     3.0858425892E-01
    2.9260000000E+01     3.5525210053E+00     9.1915174213E-01     2.6016507575E+00    -4.1130109753E-02     3.0858425892E-01
    2.9270000000E+01     3.5786358966E+00     9.1875251444E-01     2.6213471950E+00    -3.8712932946E-02     3.0858425892E-01
    2.9280000000E+01     3.6049483429E+00     9.1837753380E-01     2.6411617498E+00    -3.6280656653E-02     3.0858425892E-01
    2.9290000000E+01     3.6314595253E+00     9.1802695255E-01     2.6610943893E+00    -3.3833008892E-02     3.0858425892E-01
    2.9300000000E+01     3.6581706242E+00     9.1770092578E-01     2.6811450592E+00    -3.1369713466E-02     3.0858425892E-01
    2.9310000000E+01     3.6850828196E+00     9.1739961137E-01     2.7013136829E+00    -2.8890489890E-02     3.0858425892E-01
    2.9320000000E+01     3.7121972907E+00     9.1712317003E-01     2.7216001609E+00    -2.6395053312E-02     3.0858425892E-01
    2.9330000000E+01     3.7395152153E+00     9.1687176531E-01     2.7420043701E+00    -2.3883114441E-02     3.0858425892E-01
    2.9340000000E+01     3.7670377700E+00     9.1664556372E-01     2.7625261629E+00    -2.1354379463E-02     3.0858425892E-01
    2.9350000000E+01     3.7947661299E+00     9.1644473471E-01     2.7831653672E+00    -1.8808549963E-02     3.0858425892E-01
    2.9360000000E+01     3.8227014681E+00     9.1626945072E-01     2.8039217851E+00    -1.6245322846E-02     3.0858425892E-01
    2.9370000000E+01     3.8508449556E+00     9.1611988727E-01     2.8247951925E+00    -1.3664390248E-02     3.0858425892E-01
    2.9380000000E+01     3.8791977611E+00     9.1599622297E-01     2.8457853382E+00    -1.1065439460E-02     3.0858425892E-01
    2.9390000000E+01     3.9077610505E+00     9.1589863960E-01     2.8668919436E+00    -8.4481528326E-03     3.0858425892E-01
    2.9400000000E+01     3.9365359871E+00     9.1582732211E-01     2.8881147012E+00    -5.8122076978E-03     3.0858425892E-01
    2.9410000000E+01     3.9655237306E+00     9.1578245873E-01     2.9094532748E+00    -3.1572762739E-03     3.0858425892E-01
    2.9420000000E+01     3.9947254374E+00     9.1576424098E-01     2.9309072979E+00    -4.8302557812E-04     3.0858425892E-01
    2.9430000000E+01     4.0241422601E+00     9.1577286374E-01     2.9524763734E+00     2.2108826661E-03     3.0858425892E-01
    2.9440000000E+01     4.0537753470E+00     9.1580852531E-01     2.9741600727E+00     4.9247921223E-03     3.0858425892E-01
    2.9450000000E+01     4.0836258421E+00     9.1587142742E-01     2.9959579347E+00     7.6590519364E-03     3.0858425892E-01
    2.9460000000E+01     4.1136948846E+00     9.1596177536E-01     3.0178694651E+00     1.0414016833E-02     3.0858425892E-01
    2.9470000000E+01     4.1439836085E+00     9.1607977797E-01     3.0398941358E+00     1.3190047213E-02     3.0858425892E-01
    2.9480000000E+01     4.1744931426E+00     9.1622564774E-01     3.0620313834E+00     1.5987509256E-02     3.0858425892E-01
    2.9490000000E+01     4.2052246095E+00     9.1639960084E-01     3.0842806090E+00     1.8806775019E-02     3.0858425892E-01
    2.9500000000E+01     4.2361791259E+00     9.1660185718E-01     3.1066411768E+00     2.1648222541E-02     3.0858425892E-01
    2.9510000000E+01     4.2673578019E+00     9.1683264051E-01     3.1291124135E+00     2.4512235947E-02     3.0858425892E-01
    2.9520000000E+01     4.2987617407E+00     9.1709217842E-01     3.1516936070E+00     2.7399205558E-02     3.0858425892E-01
    2.9530000000E+01     4.3303920381E+00     9.1738070246E-01     3.1743840059E+00     3.0309527996E-02     3.0858425892E-01
    2.9540000000E+01     4.3622497822E+00     9.1769844817E-01     3.1971828181E+00     3.3243606295E-02     3.0858425892E-01
    2.9550000000E+01     4.3943360530E+00     9.1804565514E-01     3.2200892100E+00     3.6201850014E-02     3.0858425892E-01
    2.9560000000E+01     4.4266519221E+00     9.1842256711E-01     3.2431023055E+00     3.9184675352E-02     3.0858425892E-01
    2.9570000000E+01     4.4591984518E+00     9.1882943199E-01     3.2662211847E+00     4.2192505259E-02     3.0858425892E-01
    2.9580000000E+01     4.4919766952E+00     9.1926650199E-01     3.2894448832E+00     4.5225769562E-02     3.0858425892E-01
    2.9590000000E+01     4.5249876954E+00     9.1973403362E-01     3.3127723909E+00     4.8284905074E-02     3.0858425892E-01
    2.9600000000E+01     4.5582324855E+00     9.2023228781E-01     3.3362026506E+00     5.1370355725E-02     3.0858425892E-01
    2.9610000000E+01     4.5917120873E+00     9.2076152996E-01     3.3597345574E+00     5.4482572679E-02     3.0858425892E-01
    2.9620000000E+01     4.6254275116E+00     9.2132203001E-01     3.3833669569E+00     5.7622014462E-02     3.0858425892E-01
    2.9630000000E+01     4.6593797574E+00     9.2191406255E-01     3.4070986447E+00     6.0789147090E-02     3.0858425892E-01
    2.9640000000E+01     4.6935698113E+00     9.2253790683E-01     3.4309283647E+00     6.3984444195E-02     3.0858425892E-01
    2.9650000000E+01     4.7279986471E+00     9.2319384692E-01     3.4548548081E+00     6.7208387157E-02     3.0858425892E-01
    2.9660000000E+01     4.7626672253E+00     9.2388217169E-01     3.4788766122E+00     7.0461465241E-02     3.0858425892E-01
    2.9670000000E+01     4.7975764925E+00     9.2460317500E-01     3.5029923588E+00     7.3744175726E-02     3.0858425892E-01
    2.9680000000E+01     4.8327273807E+00     9.2535715567E-01     3.5272005735E+00     7.7057024048E-02     3.0858425892E-01
    2.9690000000E+01     4.8681208071E+00     9.2614441765E-01     3.5514997238E+00     8.0400523933E-02     3.0858425892E-01
    2.9700000000E+01     4.9037576730E+00     9.2696527006E-01     3.5758882181E+00     8.3775197544E-02     3.0858425891E-01
    2.9710000000E+01     4.9396388638E+00     9.2782002728E-01     3.6003644040E+00     8.7181575621E-02     3.0858425891E-01
    2.9720000000E+01     4.9757652477E+00     9.2870900905E-01     3.6249265675E+00     9.0620197626E-02     3.0858425891E-01
    2.9730000000E+01     5.0121376758E+00     9.2963254054E-01     3.6495729309E+00     9.4091611892E-02     3.0858425891E-01
    2.9740000000E+01     5.0487569809E+00     9.3059095245E-01     3.6743016519E+00     9.7596375770E-02     3.0858425891E-01
    2.9750000000E+01     5.0856239770E+00     9.3158458111E-01     3.6991108218E+00     1.0113505578E-01     3.0858425891E-01
    2.9760000000E+01     5.1227394589E+00     9.3261376854E-01     3.7239984640E+00     1.0470822778E-01     3.0858425891E-01
    2.9770000000E+01     5.1601042010E+00     9.3367886259E-01     3.7489625326E+00     1.0831647709E-01     3.0858425891E-01
    2.9780000000E+01     5.1977189572E+00     9.3478021699E-01     3.7740009111E+00     1.1196039867E-01     3.0858425891E-01
    2.9790000000E+01     5.2355844597E+00     9.3591819148E-01     3.7991114101E+00     1.1564059729E-01     3.0858425891E-01
    2.9800000000E+01     5.2737014183E+00     9.3709315191E-01     3.8242917664E+00     1.1935768767E-01     3.0858425891E-01
    2.9810000000E+01     5.3120705201E+00     9.3830547029E-01     3.8495396410E+00     1.2311229464E-01     3.0858425891E-01
    2.9820000000E+01     5.3506924281E+00     9.3955552497E-01     3.8748526176E+00     1.2690505334E-01     3.0858425891E-01
    2.9830000000E+01     5.3895677811E+00     9.4084370068E-01     3.9002282007E+00     1.3073660935E-01     3.0858425891E-01
    2.9840000000E+01     5.4286971923E+00     9.4217038867E-01     3.9256638140E+00     1.3460761889E-01     3.0858425891E-01
    2.9850000000E+01     5.4680812486E+00     9.4353598679E-01     3.9511567988E+00     1.3851874896E-01     3.0858425891E-01
    2.9860000000E+01     5.5077205103E+00     9.4494089964E-01     3.9767044118E+00     1.4247067754E-01     3.0858425891E-01
    2.9870000000E+01     5.5476155095E+00     9.4638553864E-01     4.0023038236E+00     1.4646409376E-01     3.0858425891E-01
    2.9880000000E+01     5.5877667498E+00     9.4787032214E-01     4.0279521171E+00     1.5049969806E-01     3.0858425891E-01
    2.9890000000E+01     5.6281747048E+00     9.4939567560E-01     4.0536462848E+00     1.5457820239E-01     3.0858425891E-01
    2.9900000000E+01     5.6688398180E+00     9.5096203160E-01     4.0793832278E+00     1.5870033038E-01     3.0858425891E-01
    2.9910000000E+01     5.7097625013E+00     9.5256983007E-01     4.1051597532E+00     1.6286681753E-01     3.0858425891E-01
    2.9920000000E+01     5.7509431341E+00     9.5421951831E-01     4.1309725726E+00     1.6707841140E-01     3.0858425891E-01
    2.9930000000E+01     5.7923820625E+00     9.5591155118E-01     4.1568182998E+00     1.7133587177E-01     3.0858425891E-01
    2.9940000000E+01     5.8340795982E+00     9.5764639121E-01     4.1826934487E+00     1.7563997084E-01     3.0858425891E-01
    2.9950000000E+01     5.8760360176E+00     9.5942450868E-01     4.2085944317E+00     1.7999149344E-01     3.0858425891E-01
    2.9960000000E+01     5.9182515606E+00     9.6124638181E-01     4.2345175570E+00     1.8439123721E-01     3.0858425891E-01
    2.9970000000E+01     5.9607264299E+00     9.6311249686E-01     4.2604590269E+00     1.8884001275E-01     3.0858425891E-01
    2.9980000000E+01     6.0034607893E+00     9.6502334825E-01     4.2864149354E+00     1.9333864390E-01     3.0858425891E-01
    2.9990000000E+01     6.0464547633E+00     9.6697943871E-01     4.3123812664E+00     1.9788796784E-01     3.0858425891E-01
    3.0000000000E+01     6.0897084356E+00     9.6898127942E-01     4.3383538907E+00     2.0248883536E-01     3.0858425891E-01
    3.0010000000E+01     6.1332218480E+00     9.7102939011E-01     4.3643285646E+00     2.0714211100E-01     3.0858425891E-01
    3.0020000000E+01     6.1769949992E+00     9.7312429926E-01     4.3903009271E+00     2.1184867331E-01     3.0858425891E-01
    3.0030000000E+01     6.2210278439E+00     9.7526654418E-01     4.4162664977E+00     2.1660941498E-01     3.0858425891E-01
    3.0040000000E+01     6.2653202912E+00     9.7745667118E-01     4.4422206740E+00     2.2142524310E-01     3.0858425891E-01
    3.0050000000E+01     6.3098722037E+00     9.7969523573E-01     4.4681587296E+00     2.2629707931E-01     3.0858425891E-01
    3.0060000000E+01     6.3546833959E+00     9.8198280258E-01     4.4940758113E+00     2.3122586003E-01     3.0858425891E-01
    3.0070000000E+01     6.3997536334E+00     9.8431994592E-01     4.5199669366E+00     2.3621253666E-01     3.0858425891E-01
    3.0080000000E+01     6.4450826311E+00     9.8670724952E-01     4.5458269919E+00     2.4125807578E-01     3.0858425891E-01
    3.0090000000E+01     6.4906700522E+00     9.8914530691E-01     4.5716507291E+00     2.4636345932E-01     3.0858425891E-01
    3.0100000000E+01     6.5365155067E+00     9.9163472151E-01     4.5974327637E+00     2.5152968481E-01     3.0858425891E-01
    3.0110000000E+01     6.5826185500E+00     9.9417610679E-01     4.6231675720E+00     2.5675776554E-01     3.0858425891E-01
    3.0120000000E+01     6.6289786818E+00     9.9677008644E-01     4.6488494885E+00     2.6204873079E-01     3.0858425891E-01
    3.0130000000E+01     6.6755953442E+00     9.9941729451E-01     4.6744727033E+00     2.6740362601E-01     3.0858425891E-01
    3.0140000000E+01     6.7224679204E+00     1.0021183756E+00     4.7000312595E+00     2.7282351300E-01     3.0858425891E-01
    3.0150000000E+01     6.7695957335E+00     1.0048739850E+00     4.7255190502E+00     2.7830947015E-01     3.0858425891E-01
    3.0160000000E+01     6.8169780447E+00     1.0076847889E+00     4.7509298164E+00     2.8386259262E-01     3.0858425891E-01
    3.0170000000E+01     6.8646140517E+00     1.0105514644E+00     4.7762571438E+00     2.8948399250E-01     3.0858425891E-01
    3.0180000000E+01     6.9125028875E+00     1.0134747001E+00     4.8014944600E+00     2.9517479904E-01     3.0858425891E-01
    3.0190000000E+01     6.9606436184E+00     1.0164551956E+00     4.8266350320E+00     3.0093615883E-01     3.0858425891E-01
    3.0200000000E+01     7.0090352427E+00     1.0194936623E+00     4.8516719634E+00     3.0676923596E-01     3.0858425891E-01
    3.0210000000E+01     7.0576766887E+00     1.0225908233E+00     4.8765981913E+00     3.1267521225E-01     3.0858425890E-01
    3.0220000000E+01     7.1065668134E+00     1.0257474136E+00     4.9014064835E+00     3.1865528739E-01     3.0858425890E-01
    3.0230000000E+01     7.1557044006E+00     1.0289641801E+00     4.9260894360E+00     3.2471067913E-01     3.0858425890E-01
    3.0240000000E+01     7.2050881591E+00     1.0322418823E+00     4.9506394696E+00     3.3084262343E-01     3.0858425890E-01
    3.0250000000E+01     7.2547167211E+00     1.0355812919E+00     4.9750488273E+00     3.3705237469E-01     3.0858425890E-01
    3.0260000000E+01     7.3045886403E+00     1.0389831934E+00     4.9993095715E+00     3.4334120584E-01     3.0858425890E-01
    3.0270000000E+01     7.3547023901E+00     1.0424483840E+00     5.0234135807E+00     3.4971040852E-01     3.0858425890E-01
    3.0280000000E+01     7.4050563618E+00     1.0459776738E+00     5.0473525468E+00     3.5616129326E-01     3.0858425890E-01
    3.0290000000E+01     7.4556488626E+00     1.0495718865E+00     5.0711179720E+00     3.6269518959E-01     3.0858425890E-01
    3.0300000000E+01     7.5064781138E+00     1.0532318588E+00     5.0947011663E+00     3.6931344618E-01     3.0858425890E-01
    3.0310000000E+01     7.5575422489E+00     1.0569584412E+00     5.1180932439E+00     3.7601743099E-01     3.0858425890E-01
    3.0320000000E+01     7.6088393114E+00     1.0607524978E+00     5.1412851204E+00     3.8280853139E-01     3.0858425890E-01
    3.0330000000E+01     7.6603672530E+00     1.0646149069E+00     5.1642675103E+00     3.8968815423E-01     3.0858425890E-01
    3.0340000000E+01     7.7121239317E+00     1.0685465608E+00     5.1870309235E+00     3.9665772603E-01     3.0858425890E-01
    3.0350000000E+01     7.7641071093E+00     1.0725483661E+00     5.2095656625E+00     4.0371869298E-01     3.0858425890E-01
    3.0360000000E+01     7.8163144497E+00     1.0766212442E+00     5.2318618197E+00     4.1087252109E-01     3.0858425890E-01
    3.0370000000E+01     7.8687435167E+00     1.0807661310E+00     5.2539092738E+00     4.1812069623E-01     3.0858425890E-01
    3.0380000000E+01     7.9213917717E+00     1.0849839776E+00     5.2756976879E+00     4.2546472422E-01     3.0858425890E-01
    3.0390000000E+01     7.9742565718E+00     1.0892757501E+00     5.2972165056E+00     4.3290613082E-01     3.0858425890E-01
    3.0400000000E+01     8.0273351673E+00     1.0936424299E+00     5.3184549487E+00     4.4044646186E-01     3.0858425890E-01
    3.0410000000E+01     8.0806246996E+00     1.0980850143E+00     5.3394020141E+00     4.4808728315E-01     3.0858425890E-01
    3.0420000000E+01     8.1341221989E+00     1.1026045159E+00     5.3600464711E+00     4.5583018056E-01     3.0858425890E-01
    3.0430000000E+01     8.1878245821E+00     1.1072019635E+00     5.3803768587E+00     4.6367676001E-01     3.0858425890E-01
    3.0440000000E+01     8.2417286502E+00     1.1118784021E+00     5.4003814824E+00     4.7162864737E-01     3.0858425890E-01
    3.0450000000E+01     8.2958310861E+00     1.1166348930E+00     5.4200484120E+00     4.7968748850E-01     3.0858425890E-01
    3.0460000000E+01     8.3501284523E+00     1.1214725139E+00     5.4393654787E+00     4.8785494913E-01     3.0858425890E-01
    3.0470000000E+01     8.4046171882E+00     1.1263923596E+00     5.4583202725E+00     4.9613271478E-01     3.0858425890E-01
    3.0480000000E+01     8.4592936080E+00     1.1313955416E+00     5.4769001396E+00     5.0452249067E-01     3.0858425890E-01
    3.0490000000E+01     8.5141538982E+00     1.1364831885E+00     5.4950921800E+00     5.1302600158E-01     3.0858425890E-01
    3.0500000000E+01     8.5691941150E+00     1.1416564465E+00     5.5128832453E+00     5.2164499170E-01     3.0858425890E-01
    3.0510000000E+01     8.6244101819E+00     1.1469164792E+00     5.5302599357E+00     5.3038122442E-01     3.0858425890E-01
    3.0520000000E+01     8.6797978870E+00     1.1522644678E+00     5.5472085986E+00     5.3923648216E-01     3.0858425890E-01
    3.0530000000E+01     8.7353528808E+00     1.1577016116E+00     5.5637153257E+00     5.4821256615E-01     3.0858425890E-01
    3.0540000000E+01     8.7910706732E+00     1.1632291279E+00     5.5797659515E+00     5.5731129611E-01     3.0858425890E-01
    3.0550000000E+01     8.8469466314E+00     1.1688482525E+00     5.5953460507E+00     5.6653450999E-01     3.0858425890E-01
    3.0560000000E+01     8.9029759769E+00     1.1745602393E+00     5.6104409372E+00     5.7588406365E-01     3.0858425890E-01
    3.0570000000E+01     8.9591537830E+00     1.1803663611E+00     5.6250356616E+00     5.8536183050E-01     3.0858425890E-01
    3.0580000000E+01     9.0154749723E+00     1.1862679095E+00     5.6391150099E+00     5.9496970107E-01     3.0858425890E-01
    3.0590000000E+01     9.0719343137E+00     1.1922661952E+00     5.6526635023E+00     6.0470958263E-01     3.0858425890E-01
    3.0600000000E+01     9.1285264203E+00     1.1983625476E+00     5.6656653914E+00     6.1458339867E-01     3.0858425890E-01
    3.0610000000E+01     9.1852457462E+00     1.2045583160E+00     5.6781046614E+00     6.2459308843E-01     3.0858425890E-01
    3.0620000000E+01     9.2420865839E+00     1.2108548688E+00     5.6899650269E+00     6.3474060630E-01     3.0858425890E-01
    3.0630000000E+01     9.2990430619E+00     1.2172535942E+00     5.7012299324E+00     6.4502792127E-01     3.0858425890E-01
    3.0640000000E+01     9.3561091416E+00     1.2237558999E+00     5.7118825510E+00     6.5545701624E-01     3.0858425890E-01
    3.0650000000E+01     9.4132786150E+00     1.2303632137E+00     5.7219057851E+00     6.6602988736E-01     3.0858425889E-01
    3.0660000000E+01     9.4705451015E+00     1.2370769836E+00     5.7312822649E+00     6.7674854326E-01     3.0858425889E-01
    3.0670000000E+01     9.5279020457E+00     1.2438986773E+00     5.7399943495E+00     6.8761500428E-01     3.0858425889E-01
    3.0680000000E+01     9.5853427142E+00     1.2508297831E+00     5.7480241263E+00     6.9863130158E-01     3.0858425889E-01
    3.0690000000E+01     9.6428601933E+00     1.2578718096E+00     5.7553534123E+00     7.0979947625E-01     3.0858425889E-01
    3.0700000000E+01     9.7004473860E+00     1.2650262857E+00     5.7619637540E+00     7.2112157836E-01     3.0858425889E-01
    3.0710000000E+01     9.7580970095E+00     1.2722947611E+00     5.7678364291E+00     7.3259966591E-01     3.0858425889E-01
    3.0720000000E+01     9.8158015924E+00     1.2796788059E+00     5.7729524475E+00     7.4423580370E-01     3.0858425889E-01
    3.0730000000E+01     9.8735534721E+00     1.2871800109E+00     5.7772925530E+00     7.5603206223E-01     3.0858425889E-01
    3.0740000000E+01     9.9313447921E+00     1.2947999878E+00     5.7808372252E+00     7.6799051642E-01     3.0858425889E-01
    3.0750000000E+01     9.9891674993E+00     1.3025403688E+00     5.7835666817E+00     7.8011324434E-01     3.0858425889E-01
    3.0760000000E+01     1.0047013342E+01     1.3104028072E+00     5.7854608811E+00     7.9240232578E-01     3.0858425889E-01
    3.0770000000E+01     1.0104873865E+01     1.3183889768E+00     5.7864995254E+00     8.0485984083E-01     3.0858425889E-01
    3.0780000000E+01     1.0162740412E+01     1.3265005724E+00     5.7866620637E+00     8.1748786835E-01     3.0858425889E-01
    3.0790000000E+01     1.0220604117E+01     1.3347393094E+00     5.7859276961E+00     8.3028848430E-01     3.0858425889E-01
    3.0800000000E+01     1.0278455906E+01     1.3431069243E+00     5.7842753773E+00     8.4326376008E-01     3.0858425889E-01
    3.0810000000E+01     1.0336286493E+01     1.3516051737E+00     5.7816838222E+00     8.5641576068E-01     3.0858425889E-01
    3.0820000000E+01     1.0394086380E+01     1.3602358354E+00     5.7781315097E+00     8.6974654285E-01     3.0858425889E-01
    3.0830000000E+01     1.0451845849E+01     1.3690007073E+00     5.7735966896E+00     8.8325815305E-01     3.0858425889E-01
    3.0840000000E+01     1.0509554965E+01     1.3779016080E+00     5.7680573874E+00     8.9695262542E-01     3.0858425889E-01
    3.0850000000E+01     1.0567203574E+01     1.3869403761E+00     5.7614914117E+00     9.1083197954E-01     3.0858425889E-01
    3.0860000000E+01     1.0624781297E+01     1.3961188706E+00     5.7538763609E+00     9.2489821816E-01     3.0858425889E-01
    3.0870000000E+01     1.0682277529E+01     1.4054389701E+00     5.7451896307E+00     9.3915332483E-01     3.0858425889E-01
    3.0880000000E+01     1.0739681441E+01     1.4149025732E+00     5.7354084229E+00     9.5359926132E-01     3.0858425889E-01
    3.0890000000E+01     1.0796981973E+01     1.4245115978E+00     5.7245097533E+00     9.6823796506E-01     3.0858425889E-01
    3.0900000000E+01     1.0854167834E+01     1.4342679814E+00     5.7124704619E+00     9.8307134635E-01     3.0858425889E-01
    3.0910000000E+01     1.0911227502E+01     1.4441736800E+00     5.6992672225E+00     9.9810128550E-01     3.0858425889E-01
    3.0920000000E+01     1.0968149220E+01     1.4542306684E+00     5.6848765535E+00     1.0133296299E+00     3.0858425889E-01
    3.0930000000E+01     1.1024920997E+01     1.4644409400E+00     5.6692748293E+00     1.0287581907E+00     3.0858425889E-01
    3.0940000000E+01     1.1081530601E+01     1.4748065056E+00     5.6524382924E+00     1.0443887400E+00     3.0858425889E-01
    3.0950000000E+01     1.1137965567E+01     1.4853293938E+00     5.6343430659E+00     1.0602230068E+00     3.0858425889E-01
    3.0960000000E+01     1.1194213187E+01     1.4960116504E+00     5.6149651678E+00     1.0762626743E+00     3.0858425890E-01
    3.0970000000E+01     1.1250260514E+01     1.5068553374E+00     5.5942805244E+00     1.0925093754E+00     3.0858425890E-01
    3.0980000000E+01     1.1306094361E+01     1.5178625333E+00     5.5722649859E+00     1.1089646895E+00     3.0858425890E-01
    3.0990000000E+01     1.1361701297E+01     1.5290353317E+00     5.5488943423E+00     1.1256301384E+00     3.0858425890E-01
    3.1000000000E+01     1.1417067650E+01     1.5403758414E+00     5.5241443401E+00     1.1425071822E+00     3.0858425890E-01
    3.1010000000E+01     1.1472179505E+01     1.5518861853E+00     5.4979906999E+00     1.1595972148E+00     3.0858425890E-01
    3.1020000000E+01     1.1527022704E+01     1.5635685000E+00     5.4704091348E+00     1.1769015599E+00     3.0858425890E-01
    3.1030000000E+01     1.1581582847E+01     1.5754249350E+00     5.4413753700E+00     1.1944214664E+00     3.0858425890E-01
    3.1040000000E+01     1.1635845290E+01     1.5874576518E+00     5.4108651627E+00     1.2121581034E+00     3.0858425890E-01
    3.1050000000E+01     1.1689795148E+01     1.5996688232E+00     5.3788543239E+00     1.2301125555E+00     3.0858425890E-01
    3.1060000000E+01     1.1743417294E+01     1.6120606323E+00     5.3453187402E+00     1.2482858179E+00     3.0858425890E-01
    3.1070000000E+01     1.1796696360E+01     1.6246352719E+00     5.3102343969E+00     1.2666787912E+00     3.0858425890E-01
    3.1080000000E+01     1.1849616740E+01     1.6373949432E+00     5.2735774025E+00     1.2852922756E+00     3.0858425890E-01
    3.1090000000E+01     1.1902162587E+01     1.6503418548E+00     5.2353240139E+00     1.3041269661E+00     3.0858425890E-01
    3.1100000000E+01     1.1954317820E+01     1.6634782218E+00     5.1954506621E+00     1.3231834463E+00     3.0858425890E-01
    3.1110000000E+01     1.2006066123E+01     1.6768062646E+00     5.1539339800E+00     1.3424621829E+00     3.0858425890E-01
    3.1120000000E+01     1.2057390945E+01     1.6903282075E+00     5.1107508303E+00     1.3619635193E+00     3.0858425890E-01
    3.1130000000E+01     1.2108275508E+01     1.7040462777E+00     5.0658783354E+00     1.3816876698E+00     3.0858425890E-01
    3.1140000000E+01     1.2158702805E+01     1.7179627039E+00     5.0192939071E+00     1.4016347131E+00     3.0858425890E-01
    3.1150000000E+01     1.2208655606E+01     1.7320797147E+00     4.9709752787E+00     1.4218045860E+00     3.0858425890E-01
    3.1160000000E+01     1.2258116457E+01     1.7463995377E+00     4.9209005375E+00     1.4421970763E+00     3.0858425890E-01
    3.1170000000E+01     1.2307067691E+01     1.7609243971E+00     4.8690481584E+00     1.4628118165E+00     3.0858425890E-01
    3.1180000000E+01     1.2355491424E+01     1.7756565131E+00     4.8153970389E+00     1.4836482768E+00     3.0858425890E-01
    3.1190000000E+01     1.2403369567E+01     1.7905980994E+00     4.7599265346E+00     1.5047057575E+00     3.0858425890E-01
    3.1200000000E+01     1.2450683823E+01     1.8057513621E+00     4.7026164966E+00     1.5259833824E+00     3.0858425890E-01
    3.1210000000E+01     1.2497415700E+01     1.8211184973E+00     4.6434473098E+00     1.5474800910E+00     3.0858425891E-01
    3.1220000000E+01     1.2543546509E+01     1.8367016900E+00     4.5823999311E+00     1.5691946311E+00     3.0858425891E-01
    3.1230000000E+01     1.2589057376E+01     1.8525031113E+00     4.5194559309E+00     1.5911255512E+00     3.0858425891E-01
    3.1240000000E+01     1.2633929246E+01     1.8685249168E+00     4.4545975334E+00     1.6132711926E+00     3.0858425891E-01
    3.1250000000E+01     1.2678142888E+01     1.8847692446E+00     4.3878076593E+00     1.6356296817E+00     3.0858425891E-01
    3.1260000000E+01     1.2721678906E+01     1.9012382129E+00     4.3190699692E+00     1.6581989218E+00     3.0858425891E-01
    3.1270000000E+01     1.2764517743E+01     1.9179339178E+00     4.2483689078E+00     1.6809765853E+00     3.0858425891E-01
    3.1280000000E+01     1.2806639691E+01     1.9348584309E+00     4.1756897492E+00     1.7039601053E+00     3.0858425891E-01
    3.1290000000E+01     1.2848024898E+01     1.9520137968E+00     4.1010186430E+00     1.7271466676E+00     3.0858425891E-01
    3.1300000000E+01     1.2888653381E+01     1.9694020308E+00     4.0243426618E+00     1.7505332019E+00     3.0858425891E-01
    3.1310000000E+01     1.2928505029E+01     1.9870251163E+00     3.9456498483E+00     1.7741163743E+00     3.0858425891E-01
    3.1320000000E+01     1.2967559618E+01     2.0048850018E+00     3.8649292648E+00     1.7978925781E+00     3.0858425891E-01
    3.1330000000E+01     1.3005796822E+01     2.0229835984E+00     3.7821710423E+00     1.8218579261E+00     3.0858425891E-01
    3.1340000000E+01     1.3043196218E+01     2.0413227769E+00     3.6973664305E+00     1.8460082415E+00     3.0858425891E-01
    3.1350000000E+01     1.3079737304E+01     2.0599043649E+00     3.6105078487E+00     1.8703390504E+00     3.0858425891E-01
    3.1360000000E+01     1.3115399507E+01     2.0787301436E+00     3.5215889373E+00     1.8948455726E+00     3.0858425892E-01
    3.1370000000E+01     1.3150162198E+01     2.0978018451E+00     3.4306046088E+00     1.9195227141E+00     3.0858425892E-01
    3.1380000000E+01     1.3184004702E+01     2.1171211486E+00     3.3375511009E+00     1.9443650583E+00     3.0858425892E-01
    3.1390000000E+01     1.3216906314E+01     2.1366896778E+00     3.2424260280E+00     1.9693668583E+00     3.0858425892E-01
    3.1400000000E+01     1.3248846314E+01     2.1565089971E+00     3.1452284346E+00     1.9945220288E+00     3.0858425892E-01
    3.1410000000E+01     1.3279803976E+01     2.1765806082E+00     3.0459588476E+00     2.0198241382E+00     3.0858425892E-01
    3.1420000000E+01     1.3309758591E+01     2.1969059470E+00     2.9446193292E+00     2.0452664013E+00     3.0858425892E-01
    3.1430000000E+01     1.3338689475E+01     2.2174863796E+00     2.8412135293E+00     2.0708416714E+00     3.0858425892E-01
    3.1440000000E+01     1.3366575991E+01     2.2383231988E+00     2.7357467384E+00     2.0965424334E+00     3.0858425892E-01
    3.1450000000E+01     1.3393397563E+01     2.2594176203E+00     2.6282259392E+00     2.1223607968E+00     3.0858425892E-01
    3.1460000000E+01     1.3419133692E+01     2.2807707792E+00     2.5186598584E+00     2.1482884890E+00     3.0858425892E-01
    3.1470000000E+01     1.3443763977E+01     2.3023837257E+00     2.4070590175E+00     2.1743168491E+00     3.0858425892E-01
    3.1480000000E+01     1.3467268131E+01     2.3242574216E+00     2.2934357832E+00     2.2004368215E+00     3.0858425892E-01
    3.1490000000E+01     1.3489625999E+01     2.3463927360E+00     2.1778044165E+00     2.2266389512E+00     3.0858425892E-01
    3.1500000000E+01     1.3510817579E+01     2.3687904417E+00     2.0601811209E+00     2.2529133774E+00     3.0858425892E-01
    3.1510000000E+01     1.3530823042E+01     2.3914512104E+00     1.9405840897E+00     2.2792498300E+00     3.0858425892E-01
    3.1520000000E+01     1.3549622749E+01     2.4143756094E+00     1.8190335511E+00     2.3056376245E+00     3.0858425892E-01
    3.1530000000E+01     1.3567197275E+01     2.4375640970E+00     1.6955518125E+00     2.3320656588E+00     3.0858425892E-01
    3.1540000000E+01     1.3583527429E+01     2.4610170184E+00     1.5701633030E+00     2.3585224099E+00     3.0858425893E-01
    3.1550000000E+01     1.3598594274E+01     2.4847346012E+00     1.4428946134E+00     2.3849959315E+00     3.0858425893E-01
    3.1560000000E+01     1.3612379150E+01     2.5087169517E+00     1.3137745344E+00     2.4114738520E+00     3.0858425893E-01
    3.1570000000E+01     1.3624863697E+01     2.5329640503E+00     1.1828340930E+00     2.4379433732E+00     3.0858425893E-01
    3.1580000000E+01     1.3636029875E+01     2.5574757471E+00     1.0501065855E+00     2.4643912703E+00     3.0858425893E-01
    3.1590000000E+01     1.3645859990E+01     2.5822517581E+00     9.1562760888E-01     2.4908038917E+00     3.0858425893E-01
    3.1600000000E+01     1.3654336715E+01     2.6072916605E+00     7.7943508791E-01     2.5171671604E+00     3.0858425893E-01
    3.1610000000E+01     1.3661443114E+01     2.6325948885E+00     6.4156930069E-01     2.5434665757E+00     3.0858425893E-01
    3.1620000000E+01     1.3667162665E+01     2.6581607294E+00     5.0207289986E-01     2.5696872162E+00     3.0858425893E-01
    3.1630000000E+01     1.3671479286E+01     2.6839883192E+00     3.6099093085E-01     2.5958137433E+00     3.0858425893E-01
    3.1640000000E+01     1.3674377356E+01     2.7100766381E+00     2.1837084618E-01     2.6218304062E+00     3.0858425893E-01
    3.1650000000E+01     1.3675841742E+01     2.7364245073E+00     7.4262516143E-02     2.6477210471E+00     3.0858425893E-01
    3.1660000000E+01     1.3675857820E+01     2.7630305838E+00    -7.1281764791E-02     2.6734691082E+00     3.0858425893E-01
    3.1670000000E+01     1.3674411502E+01     2.7898933577E+00    -2.1820727566E-01     2.6990576390E+00     3.0858425893E-01
    3.1680000000E+01     1.3671489261E+01     2.8170111471E+00    -3.6645687121E-01     2.7244693056E+00     3.0858425893E-01
    3.1690000000E+01     1.3667078150E+01     2.8443820952E+00    -5.1597098868E-01     2.7496864002E+00     3.0858425893E-01
    3.1700000000E+01     1.3661165832E+01     2.8720041663E+00    -6.6668765937E-01     2.7746908521E+00     3.0858425893E-01
    3.1710000000E+01     1.3653740602E+01     2.8998751421E+00    -8.1854252520E-01     2.7994642400E+00     3.0858425893E-01
    3.1720000000E+01     1.3644791410E+01     2.9279926184E+00    -9.7146886028E-01     2.8239878054E+00     3.0858425892E-01
    3.1730000000E+01     1.3634307883E+01     2.9563540019E+00    -1.1253975979E+00     2.8482424666E+00     3.0858425892E-01
    3.1740000000E+01     1.3622280354E+01     2.9849565068E+00    -1.2802573626E+00     2.8722088353E+00     3.0858425892E-01
    3.1750000000E+01     1.3608699878E+01     3.0137971520E+00    -1.4359745083E+00     2.8958672327E+00     3.0858425892E-01
    3.1760000000E+01     1.3593558259E+01     3.0428727584E+00    -1.5924731614E+00     2.9191977081E+00     3.0858425892E-01
    3.1770000000E+01     1.3576848070E+01     3.0721799458E+00    -1.7496752701E+00     2.9421800583E+00     3.0858425892E-01
    3.1780000000E+01     1.3558562675E+01     3.1017151310E+00    -1.9075006592E+00     2.9647938481E+00     3.0858425892E-01
    3.1790000000E+01     1.3538696253E+01     3.1314745254E+00    -2.0658670911E+00     2.9870184321E+00     3.0858425892E-01
    3.1800000000E+01     1.3517243811E+01     3.1614541329E+00    -2.2246903324E+00     3.0088329779E+00     3.0858425892E-01
    3.1810000000E+01     1.3494201210E+01     3.1916497482E+00    -2.3838842266E+00     3.0302164902E+00     3.0858425892E-01
    3.1820000000E+01     1.3469565184E+01     3.2220569555E+00    -2.5433607728E+00     3.0511478365E+00     3.0858425892E-01
    3.1830000000E+01     1.3443333352E+01     3.2526711269E+00    -2.7030302100E+00     3.0716057735E+00     3.0858425892E-01
    3.1840000000E+01     1.3415504241E+01     3.2834874218E+00    -2.8628011079E+00     3.0915689746E+00     3.0858425891E-01
    3.1850000000E+01     1.3386077301E+01     3.3145007860E+00    -3.0225804631E+00     3.1110160592E+00     3.0858425891E-01
    3.1860000000E+01     1.3355052918E+01     3.3457059512E+00    -3.1822738010E+00     3.1299256223E+00     3.0858425891E-01
    3.1870000000E+01     1.3322432431E+01     3.3770974353E+00    -3.3417852840E+00     3.1482762654E+00     3.0858425891E-01
    3.1880000000E+01     1.3288218142E+01     3.4086695423E+00    -3.5010178245E+00     3.1660466284E+00     3.0858425891E-01
    3.1890000000E+01     1.3252413332E+01     3.4404163627E+00    -3.6598732035E+00     3.1832154220E+00     3.0858425891E-01
    3.1900000000E+01     1.3215022266E+01     3.4723317748E+00    -3.8182521951E+00     3.1997614620E+00     3.0858425891E-01
    3.1910000000E+01     1.3176050209E+01     3.5044094459E+00    -3.9760546948E+00     3.2156637029E+00     3.0858425891E-01
    3.1920000000E+01     1.3135503430E+01     3.5366428333E+00    -4.1331798539E+00     3.2309012734E+00     3.0858425890E-01
    3.1930000000E+01     1.3093389208E+01     3.5690251869E+00    -4.2895262171E+00     3.2454535118E+00     3.0858425890E-01
    3.1940000000E+01     1.3049715841E+01     3.6015495510E+00    -4.4449918660E+00     3.2593000024E+00     3.0858425890E-01
    3.1950000000E+01     1.3004492647E+01     3.6342087673E+00    -4.5994745650E+00     3.2724206123E+00     3.0858425890E-01
    3.1960000000E+01     1.2957729968E+01     3.6669954775E+00    -4.7528719118E+00     3.2847955281E+00     3.0858425890E-01
    3.1970000000E+01     1.2909439168E+01     3.6999021273E+00    -4.9050814910E+00     3.2964052931E+00     3.0858425890E-01
    3.1980000000E+01     1.2859632638E+01     3.7329209693E+00    -5.0560010309E+00     3.3072308455E+00     3.0858425889E-01
    3.1990000000E+01     1.2808323788E+01     3.7660440680E+00    -5.2055285620E+00     3.3172535549E+00     3.0858425889E-01
    3.2000000000E+01     1.2755527045E+01     3.7992633036E+00    -5.3535625788E+00     3.3264552607E+00     3.0858425889E-01
    3.2010000000E+01     1.2701257851E+01     3.8325703776E+00    -5.5000022029E+00     3.3348183087E+00     3.0858425889E-01
    3.2020000000E+01     1.2645532650E+01     3.8659568172E+00    -5.6447473468E+00     3.3423255885E+00     3.0858425889E-01
    3.2030000000E+01     1.2588368883E+01     3.8994139816E+00    -5.7876988797E+00     3.3489605700E+00     3.0858425889E-01
    3.2040000000E+01     1.2529784977E+01     3.9329330678E+00    -5.9287587928E+00     3.3547073399E+00     3.0858425888E-01
    3.2050000000E+01     1.2469800335E+01     3.9665051167E+00    -6.0678303648E+00     3.3595506366E+00     3.0858425888E-01
    3.2060000000E+01     1.2408435316E+01     4.0001210203E+00    -6.2048183267E+00     3.3634758854E+00     3.0858425888E-01
    3.2070000000E+01     1.2345711226E+01     4.0337715280E+00    -6.3396290260E+00     3.3664692324E+00     3.0858425888E-01
    3.2080000000E+01     1.2281650299E+01     4.0674472548E+00    -6.4721705885E+00     3.3685175774E+00     3.0858425888E-01
    3.2090000000E+01     1.2216275678E+01     4.1011386884E+00    -6.6023530787E+00     3.3696086057E+00     3.0858425888E-01
    3.2100000000E+01     1.2149611394E+01     4.1348361974E+00    -6.7300886574E+00     3.3697308188E+00     3.0858425887E-01
    3.2110000000E+01     1.2081682347E+01     4.1685300398E+00    -6.8552917360E+00     3.3688735634E+00     3.0858425887E-01
    3.2120000000E+01     1.2012514279E+01     4.2022103711E+00    -6.9778791274E+00     3.3670270600E+00     3.0858425887E-01
    3.2130000000E+01     1.1942133752E+01     4.2358672538E+00    -7.0977701930E+00     3.3641824286E+00     3.0858425887E-01
    3.2140000000E+01     1.1870568123E+01     4.2694906660E+00    -7.2148869848E+00     3.3603317135E+00     3.0858425887E-01
    3.2150000000E+01     1.1797845511E+01     4.3030705110E+00    -7.3291543823E+00     3.3554679066E+00     3.0858425887E-01
    3.2160000000E+01     1.1723994774E+01     4.3365966269E+00    -7.4405002246E+00     3.3495849682E+00     3.0858425886E-01
    3.2170000000E+01     1.1649045475E+01     4.3700587963E+00    -7.5488554362E+00     3.3426778463E+00     3.0858425886E-01
    3.2180000000E+01     1.1573027854E+01     4.4034467562E+00    -7.6541541459E+00     3.3347424938E+00     3.0858425886E-01
    3.2190000000E+01     1.1495972790E+01     4.4367502085E+00    -7.7563337999E+00     3.3257758837E+00     3.0858425886E-01
    3.2200000000E+01     1.1417911772E+01     4.4699588296E+00    -7.8553352673E+00     3.3157760223E+00     3.0858425886E-01
    3.2210000000E+01     1.1338876864E+01     4.5030622815E+00    -7.9511029379E+00     3.3047419595E+00     3.0858425886E-01
    3.2220000000E+01     1.1258900666E+01     4.5360502217E+00    -8.0435848125E+00     3.2926737977E+00     3.0858425886E-01
    3.2230000000E+01     1.1178016282E+01     4.5689123142E+00    -8.1327325853E+00     3.2795726981E+00     3.0858425886E-01
    3.2240000000E+01     1.1096257277E+01     4.6016382398E+00    -8.2185017174E+00     3.2654408846E+00     3.0858425886E-01
    3.2250000000E+01     1.1013657646E+01     4.6342177070E+00    -8.3008515020E+00     3.2502816452E+00     3.0858425885E-01
    3.2260000000E+01     1.0930251768E+01     4.6666404624E+00    -8.3797451211E+00     3.2340993315E+00     3.0858425885E-01
    3.2270000000E+01     1.0846074374E+01     4.6988963013E+00    -8.4551496924E+00     3.2168993554E+00     3.0858425885E-01
    3.2280000000E+01     1.0761160501E+01     4.7309750787E+00    -8.5270363084E+00     3.1986881834E+00     3.0858425885E-01
    3.2290000000E+01     1.0675545458E+01     4.7628667193E+00    -8.5953800647E+00     3.1794733293E+00     3.0858425885E-01
    3.2300000000E+01     1.0589264779E+01     4.7945612281E+00    -8.6601600808E+00     3.1592633433E+00     3.0858425885E-01
    3.2310000000E+01     1.0502354192E+01     4.8260487009E+00    -8.7213595102E+00     3.1380677999E+00     3.0858425885E-01
    3.2320000000E+01     1.0414849568E+01     4.8573193341E+00    -8.7789655421E+00     3.1158972830E+00     3.0858425885E-01
    3.2330000000E+01     1.0326786889E+01     4.8883634351E+00    -8.8329693937E+00     3.0927633687E+00     3.0858425885E-01
    3.2340000000E+01     1.0238202203E+01     4.9191714319E+00    -8.8833662932E+00     3.0686786065E+00     3.0858425885E-01
    3.2350000000E+01     1.0149131589E+01     4.9497338826E+00    -8.9301554541E+00     3.0436564974E+00     3.0858425885E-01
    3.2360000000E+01     1.0059611110E+01     4.9800414853E+00    -8.9733400405E+00     3.0177114712E+00     3.0858425885E-01
    3.2370000000E+01     9.9696767801E+00     5.0100850867E+00    -9.0129271239E+00     2.9908588608E+00     3.0858425885E-01
    3.2380000000E+01     9.8793645231E+00     5.0398556912E+00    -9.0489276315E+00     2.9631148752E+00     3.0858425885E-01
    3.2390000000E+01     9.7887101341E+00     5.0693444697E+00    -9.0813562860E+00     2.9344965705E+00     3.0858425885E-01
    3.2400000000E+01     9.6977492424E+00     5.0985427677E+00    -9.1102315386E+00     2.9050218192E+00     3.0858425885E-01
    3.2410000000E+01     9.6065172747E+00     5.1274421134E+00    -9.1355754927E+00     2.8747092784E+00     3.0858425885E-01
    3.2420000000E+01     9.5150494184E+00     5.1560342253E+00    -9.1574138223E+00     2.8435783555E+00     3.0858425885E-01
    3.2430000000E+01     9.4233805868E+00     5.1843110196E+00    -9.1757756817E+00     2.8116491740E+00     3.0858425885E-01
    3.2440000000E+01     9.3315453849E+00     5.2122646172E+00    -9.1906936099E+00     2.7789425364E+00     3.0858425885E-01
    3.2450000000E+01     9.2395780753E+00     5.2398873502E+00    -9.2022034284E+00     2.7454798877E+00     3.0858425885E-01
    3.2460000000E+01     9.1475125470E+00     5.2671717683E+00    -9.2103441335E+00     2.7112832765E+00     3.0858425886E-01
    3.2470000000E+01     9.0553822832E+00     5.2941106445E+00    -9.2151577827E+00     2.6763753158E+00     3.0858425886E-01
    3.2480000000E+01     8.9632203318E+00     5.3206969806E+00    -9.2166893773E+00     2.6407791433E+00     3.0858425886E-01
    3.2490000000E+01     8.8710592767E+00     5.3469240121E+00    -9.2149867392E+00     2.6045183811E+00     3.0858425886E-01
    3.2500000000E+01     8.7789312097E+00     5.3727852131E+00    -9.2101003854E+00     2.5676170938E+00     3.0858425886E-01
    3.2510000000E+01     8.6868677047E+00     5.3982743004E+00    -9.2020833972E+00     2.5300997480E+00     3.0858425886E-01
    3.2520000000E+01     8.5948997924E+00     5.4233852372E+00    -9.1909912882E+00     2.4919911701E+00     3.0858425886E-01
    3.2530000000E+01     8.5030579369E+00     5.4481122368E+00    -9.1768818679E+00     2.4533165049E+00     3.0858425886E-01
    3.2540000000E+01     8.4113720131E+00     5.4724497651E+00    -9.1598151045E+00     2.4141011737E+00     3.0858425886E-01
    3.2550000000E+01     8.3198712862E+00     5.4963925436E+00    -9.1398529855E+00     2.3743708327E+00     3.0858425886E-01
    3.2560000000E+01     8.2285843919E+00     5.5199355512E+00    -9.1170593773E+00     2.3341513316E+00     3.0858425887E-01
    3.2570000000E+01     8.1375393184E+00     5.5430740263E+00    -9.0914998834E+00     2.2934686729E+00     3.0858425887E-01
    3.2580000000E+01     8.0467633900E+00     5.5658034679E+00    -9.0632417034E+00     2.2523489710E+00     3.0858425887E-01
    3.2590000000E+01     7.9562832513E+00     5.5881196362E+00    -9.0323534908E+00     2.2108184123E+00     3.0858425887E-01
    3.2600000000E+01     7.8661248539E+00     5.6100185540E+00    -8.9989052120E+00     2.1689032162E+00     3.0858425887E-01
    3.2610000000E+01     7.7763134436E+00     5.6314965058E+00    -8.9629680064E+00     2.1266295963E+00     3.0858425887E-01
    3.2620000000E+01     7.6868735497E+00     5.6525500384E+00    -8.9246140468E+00     2.0840237225E+00     3.0858425887E-01
    3.2630000000E+01     7.5978289750E+00     5.6731759598E+00    -8.8839164025E+00     2.0411116849E+00     3.0858425887E-01
    3.2640000000E+01     7.5092027879E+00     5.6933713382E+00    -8.8409489034E+00     1.9979194573E+00     3.0858425888E-01
    3.2650000000E+01     7.4210173150E+00     5.7131335010E+00    -8.7957860072E+00     1.9544728630E+00     3.0858425888E-01
    3.2660000000E+01     7.3332941360E+00     5.7324600330E+00    -8.7485026684E+00     1.9107975413E+00     3.0858425888E-01
    3.2670000000E+01     7.2460540788E+00     5.7513487742E+00    -8.6991742109E+00     1.8669189147E+00     3.0858425888E-01
    3.2680000000E+01     7.1593172169E+00     5.7697978176E+00    -8.6478762029E+00     1.8228621583E+00     3.0858425888E-01
    3.2690000000E+01     7.0731028676E+00     5.7878055067E+00    -8.5946843361E+00     1.7786521700E+00     3.0858425888E-01
    3.2700000000E+01     6.9874295908E+00     5.8053704323E+00    -8.5396743077E+00     1.7343135415E+00     3.0858425888E-01
    3.2710000000E+01     6.9023151900E+00     5.8224914296E+00    -8.4829217063E+00     1.6898705320E+00     3.0858425888E-01
    3.2720000000E+01     6.8177767140E+00     5.8391675747E+00    -8.4245019025E+00     1.6453470421E+00     3.0858425889E-01
    3.2730000000E+01     6.7338304591E+00     5.8553981806E+00    -8.3644899425E+00     1.6007665896E+00     3.0858425889E-01
    3.2740000000E+01     6.6504919735E+00     5.8711827937E+00    -8.3029604470E+00     1.5561522870E+00     3.0858425889E-01
    3.2750000000E+01     6.5677760616E+00     5.8865211892E+00    -8.2399875132E+00     1.5115268196E+00     3.0858425889E-01
    3.2760000000E+01     6.4856967897E+00     5.9014133671E+00    -8.1756446231E+00     1.4669124261E+00     3.0858425889E-01
    3.2770000000E+01     6.4042674930E+00     5.9158595473E+00    -8.1100045544E+00     1.4223308803E+00     3.0858425889E-01
    3.2780000000E+01     6.3235007825E+00     5.9298601652E+00    -8.0431392972E+00     1.3778034734E+00     3.0858425889E-01
    3.2790000000E+01     6.2434085538E+00     5.9434158666E+00    -7.9751199750E+00     1.3333509994E+00     3.0858425889E-01
    3.2800000000E+01     6.1640019959E+00     5.9565275026E+00    -7.9060167704E+00     1.2889937404E+00     3.0858425889E-01
    3.2810000000E+01     6.0852916007E+00     5.9691961247E+00    -7.8358988555E+00     1.2447514542E+00     3.0858425889E-01
    3.2820000000E+01     6.0072871740E+00     5.9814229791E+00    -7.7648343265E+00     1.2006433628E+00     3.0858425890E-01
    3.2830000000E+01     5.9299978463E+00     5.9932095016E+00    -7.6928901438E+00     1.1566881430E+00     3.0858425890E-01
    3.2840000000E+01     5.8534320840E+00     6.0045573120E+00    -7.6201320757E+00     1.1129039172E+00     3.0858425890E-01
    3.2850000000E+01     5.7775977025E+00     6.0154682085E+00    -7.5466246476E+00     1.0693082467E+00     3.0858425890E-01
    3.2860000000E+01     5.7025018780E+00     6.0259441622E+00    -7.4724310948E+00     1.0259181253E+00     3.0858425890E-01
    3.2870000000E+01     5.6281511612E+00     6.0359873110E+00    -7.3976133200E+00     9.8274997494E-01     3.0858425890E-01
    3.2880000000E+01     5.5545514905E+00     6.0455999544E+00    -7.3222318556E+00     9.3981964199E-01     3.0858425890E-01
    3.2890000000E+01     5.4817082058E+00     6.0547845475E+00    -7.2463458291E+00     8.9714239486E-01     3.0858425890E-01
    3.2900000000E+01     5.4096260633E+00     6.0635436950E+00    -7.1700129337E+00     8.5473292284E-01     3.0858425890E-01
    3.2910000000E+01     5.3383092491E+00     6.0718801457E+00    -7.0932894024E+00     8.1260533586E-01     3.0858425890E-01
    3.2920000000E+01     5.2677613947E+00     6.0797967865E+00    -7.0162299857E+00     7.7077316537E-01     3.0858425890E-01
    3.2930000000E+01     5.1979855914E+00     6.0872966369E+00    -6.9388879332E+00     7.2924936617E-01     3.0858425890E-01
    3.2940000000E+01     5.1289844056E+00     6.0943828431E+00    -6.8613149794E+00     6.8804631916E-01     3.0858425890E-01
    3.2950000000E+01     5.0607598940E+00     6.1010586719E+00    -6.7835613317E+00     6.4717583501E-01     3.0858425890E-01
    3.2960000000E+01     4.9933136189E+00     6.1073275058E+00    -6.7056756632E+00     6.0664915866E-01     3.0858425890E-01
    3.2970000000E+01     4.9266466635E+00     6.1131928368E+00    -6.6277051073E+00     5.6647697458E-01     3.0858425890E-01
    3.2980000000E+01     4.8607596476E+00     6.1186582608E+00    -6.5496952562E+00     5.2666941283E-01     3.0858425890E-01
    3.2990000000E+01     4.7956527424E+00     6.1237274725E+00    -6.4716901622E+00     4.8723605573E-01     3.0858425890E-01
    3.3000000000E+01     4.7313256866E+00     6.1284042595E+00    -6.3937323410E+00     4.4818594530E-01     3.0858425890E-01
    3.3010000000E+01     4.6677778013E+00     6.1326924973E+00    -6.3158627789E+00     4.0952759117E-01     3.0858425890E-01
    3.3020000000E+01     4.6050080052E+00     6.1365961438E+00    -6.2381209410E+00     3.7126897915E-01     3.0858425890E-01
    3.3030000000E+01     4.5430148300E+00     6.1401192343E+00    -6.1605447828E+00     3.3341758024E-01     3.0858425890E-01
    3.3040000000E+01     4.4817964356E+00     6.1432658761E+00    -6.0831707633E+00     2.9598036019E-01     3.0858425890E-01
    3.3050000000E+01     4.4213506243E+00     6.1460402437E+00    -6.0060338606E+00     2.5896378934E-01     3.0858425890E-01
    3.3060000000E+01     4.3616748561E+00     6.1484465740E+00    -5.9291675887E+00     2.2237385301E-01     3.0858425890E-01
    3.3070000000E+01     4.3027662633E+00     6.1504891613E+00    -5.8526040168E+00     1.8621606211E-01     3.0858425890E-01
    3.3080000000E+01     4.2446216645E+00     6.1521723526E+00    -5.7763737897E+00     1.5049546413E-01     3.0858425890E-01
    3.3090000000E+01     4.1872375788E+00     6.1535005432E+00    -5.7005061497E+00     1.1521665429E-01     3.0858425890E-01
    3.3100000000E+01     4.1306102399E+00     6.1544781722E+00    -5.6250289599E+00     8.0383787050E-02     3.0858425890E-01
    3.3110000000E+01     4.0747356096E+00     6.1551097179E+00    -5.5499687289E+00     4.6000587707E-02     3.0858425890E-01
    3.3120000000E+01     4.0196093914E+00     6.1553996939E+00    -5.4753506365E+00     1.2070364185E-02     3.0858425890E-01
    3.3130000000E+01     3.9652270434E+00     6.1553526448E+00    -5.4011985598E+00    -2.1403981042E-02     3.0858425890E-01
    3.3140000000E+01     3.9115837914E+00     6.1549731423E+00    -5.3275351014E+00    -5.4419938948E-02     3.0858425890E-01
    3.3150000000E+01     3.8586746413E+00     6.1542657811E+00    -5.2543816168E+00    -8.6975381880E-02     3.0858425889E-01
    3.3160000000E+01     3.8064943919E+00     6.1532351756E+00    -5.1817582441E+00    -1.1906855145E-01     3.0858425889E-01
    3.3170000000E+01     3.7550376462E+00     6.1518859557E+00    -5.1096839327E+00    -1.5069804643E-01     3.0858425889E-01
    3.3180000000E+01     3.7042988236E+00     6.1502227638E+00    -5.0381764736E+00    -1.8186281062E-01     3.0858425889E-01
    3.3190000000E+01     3.6542721715E+00     6.1482502511E+00    -4.9672525297E+00    -2.1256212082E-01     3.0858425889E-01
    3.3200000000E+01     3.6049517760E+00     6.1459730743E+00    -4.8969276661E+00    -2.4279557477E-01     3.0858425889E-01
    3.3210000000E+01     3.5563315729E+00     6.1433958928E+00    -4.8272163810E+00    -2.7256307931E-01     3.0858425889E-01
    3.3220000000E+01     3.5084053582E+00     6.1405233652E+00    -4.7581321366E+00    -3.0186483845E-01     3.0858425889E-01
    3.3230000000E+01     3.4611667984E+00     6.1373601469E+00    -4.6896873898E+00    -3.3070134174E-01     3.0858425889E-01
    3.3240000000E+01     3.4146094403E+00     6.1339108867E+00    -4.6218936236E+00    -3.5907335269E-01     3.0858425889E-01
    3.3250000000E+01     3.3687267208E+00     6.1301802247E+00    -4.5547613776E+00    -3.8698189728E-01     3.0858425889E-01
    3.3260000000E+01     3.3235119756E+00     6.1261727894E+00    -4.4883002788E+00    -4.1442825277E-01     3.0858425889E-01
    3.3270000000E+01     3.2789584488E+00     6.1218931952E+00    -4.4225190724E+00    -4.4141393658E-01     3.0858425888E-01
    3.3280000000E+01     3.2350593014E+00     6.1173460404E+00    -4.3574256517E+00    -4.6794069536E-01     3.0858425888E-01
    3.3290000000E+01     3.1918076195E+00     6.1125359046E+00    -4.2930270884E+00    -4.9401049435E-01     3.0858425888E-01
    3.3300000000E+01     3.1491964225E+00     6.1074673465E+00    -4.2293296625E+00    -5.1962550681E-01     3.0858425888E-01
    3.3310000000E+01     3.1072186707E+00     6.1021449025E+00    -4.1663388911E+00    -5.4478810377E-01     3.0858425888E-01
    3.3320000000E+01     3.0658672731E+00     6.0965730840E+00    -4.1040595581E+00    -5.6950084396E-01     3.0858425888E-01
    3.3330000000E+01     3.0251350944E+00     6.0907563760E+00    -4.0424957420E+00    -5.9376646395E-01     3.0858425888E-01
    3.3340000000E+01     2.9850149618E+00     6.0846992354E+00    -3.9816508444E+00    -6.1758786857E-01     3.0858425888E-01
    3.3350000000E+01     2.9454996719E+00     6.0784060892E+00    -3.9215276174E+00    -6.4096812153E-01     3.0858425888E-01
    3.3360000000E+01     2.9065819968E+00     6.0718813328E+00    -3.8621281909E+00    -6.6391043628E-01     3.0858425887E-01
    3.3370000000E+01     2.8682546903E+00     6.0651293291E+00    -3.8034540988E+00    -6.8641816712E-01     3.0858425887E-01
    3.3380000000E+01     2.8305104938E+00     6.0581544065E+00    -3.7455063050E+00    -7.0849480056E-01     3.0858425887E-01
    3.3390000000E+01     2.7933421417E+00     6.0509608580E+00    -3.6882852291E+00    -7.3014394694E-01     3.0858425887E-01
    3.3400000000E+01     2.7567423671E+00     6.0435529401E+00    -3.6317907712E+00    -7.5136933227E-01     3.0858425887E-01
    3.3410000000E+01     2.7207039062E+00     6.0359348711E+00    -3.5760223357E+00    -7.7217479031E-01     3.0858425887E-01
    3.3420000000E+01     2.6852195038E+00     6.0281108309E+00    -3.5209788555E+00    -7.9256425494E-01     3.0858425887E-01
    3.3430000000E+01     2.6502819176E+00     6.0200849593E+00    -3.4666588146E+00    -8.1254175272E-01     3.0858425887E-01
    3.3440000000E+01     2.6158839225E+00     6.0118613554E+00    -3.4130602708E+00    -8.3211139577E-01     3.0858425887E-01
    3.3450000000E+01     2.5820183150E+00     6.0034440769E+00    -3.3601808773E+00    -8.5127737481E-01     3.0858425887E-01
    3.3460000000E+01     2.5486779169E+00     5.9948371392E+00    -3.3080179042E+00    -8.7004395250E-01     3.0858425886E-01
    3.3470000000E+01     2.5158555791E+00     5.9860445147E+00    -3.2565682587E+00    -8.8841545698E-01     3.0858425886E-01
    3.3480000000E+01     2.4835441853E+00     5.9770701324E+00    -3.2058285052E+00    -9.0639627568E-01     3.0858425886E-01
    3.3490000000E+01     2.4517366552E+00     5.9679178767E+00    -3.1557948847E+00    -9.2399084933E-01     3.0858425886E-01
    3.3500000000E+01     2.4204259474E+00     5.9585915879E+00    -3.1064633336E+00    -9.4120366623E-01     3.0858425886E-01
    3.3510000000E+01     2.3896050628E+00     5.9490950608E+00    -3.0578295015E+00    -9.5803925670E-01     3.0858425886E-01
    3.3520000000E+01     2.3592670470E+00     5.9394320449E+00    -3.0098887690E+00    -9.7450218781E-01     3.0858425886E-01
    3.3530000000E+01     2.3294049933E+00     5.9296062439E+00    -2.9626362645E+00    -9.9059705828E-01     3.0858425886E-01
    3.3540000000E+01     2.3000120447E+00     5.9196213152E+00    -2.9160668808E+00    -1.0063284936E+00     3.0858425886E-01
    3.3550000000E+01     2.2710813964E+00     5.9094808700E+00    -2.8701752904E+00    -1.0217011414E+00     3.0858425885E-01
    3.3560000000E+01     2.2426062980E+00     5.8991884728E+00    -2.8249559610E+00    -1.0367196669E+00     3.0858425885E-01
    3.3570000000E+01     2.2145800553E+00     5.8887476415E+00    -2.7804031702E+00    -1.0513887488E+00     3.0858425885E-01
    3.3580000000E+01     2.1869960324E+00     5.8781618470E+00    -2.7365110193E+00    -1.0657130751E+00     3.0858425885E-01
    3.3590000000E+01     2.1598476530E+00     5.8674345135E+00    -2.6932734470E+00    -1.0796973391E+00     3.0858425885E-01
    3.3600000000E+01     2.1331284022E+00     5.8565690181E+00    -2.6506842424E+00    -1.0933462360E+00     3.0858425885E-01
    3.3610000000E+01     2.1068318281E+00     5.8455686910E+00    -2.6087370577E+00    -1.1066644593E+00     3.0858425885E-01
    3.3620000000E+01     2.0809515426E+00     5.8344368155E+00    -2.5674254197E+00    -1.1196566971E+00     3.0858425885E-01
    3.3630000000E+01     2.0554812232E+00     5.8231766281E+00    -2.5267427418E+00    -1.1323276294E+00     3.0858425885E-01
    3.3640000000E+01     2.0304146135E+00     5.8117913184E+00    -2.4866823346E+00    -1.1446819250E+00     3.0858425885E-01
    3.3650000000E+01     2.0057455248E+00     5.8002840295E+00    -2.4472374167E+00    -1.1567242383E+00     3.0858425885E-01
    3.3660000000E+01     1.9814678364E+00     5.7886578581E+00    -2.4084011247E+00    -1.1684592070E+00     3.0858425884E-01
    3.3670000000E+01     1.9575754967E+00     5.7769158545E+00    -2.3701665229E+00    -1.1798914495E+00     3.0858425884E-01
    3.3680000000E+01     1.9340625237E+00     5.7650610229E+00    -2.3325266124E+00    -1.1910255620E+00     3.0858425884E-01
    3.3690000000E+01     1.9109230057E+00     5.7530963217E+00    -2.2954743398E+00    -1.2018661172E+00     3.0858425884E-01
    3.3700000000E+01     1.8881511018E+00     5.7410246639E+00    -2.2590026058E+00    -1.2124176611E+00     3.0858425884E-01
    3.3710000000E+01     1.8657410422E+00     5.7288489168E+00    -2.2231042731E+00    -1.2226847119E+00     3.0858425884E-01
    3.3720000000E+01     1.8436871289E+00     5.7165719030E+00    -2.1877721738E+00    -1.2326717573E+00     3.0858425884E-01
    3.3730000000E+01     1.8219837353E+00     5.7041964002E+00    -2.1529991168E+00    -1.2423832537E+00     3.0858425884E-01
    3.3740000000E+01     1.8006253071E+00     5.6917251417E+00    -2.1187778946E+00    -1.2518236236E+00     3.0858425884E-01
    3.3750000000E+01     1.7796063620E+00     5.6791608168E+00    -2.0851012900E+00    -1.2609972547E+00     3.0858425884E-01
    3.3760000000E+01     1.7589214900E+00     5.6665060712E+00    -2.0519620817E+00    -1.2699084983E+00     3.0858425884E-01
    3.3770000000E+01     1.7385653531E+00     5.6537635071E+00    -2.0193530508E+00    -1.2785616680E+00     3.0858425884E-01
    3.3780000000E+01     1.7185326857E+00     5.6409356838E+00    -1.9872669860E+00    -1.2869610385E+00     3.0858425884E-01
    3.3790000000E+01     1.6988182942E+00     5.6280251182E+00    -1.9556966887E+00    -1.2951108442E+00     3.0858425883E-01
    3.3800000000E+01     1.6794170567E+00     5.6150342848E+00    -1.9246349784E+00    -1.3030152788E+00     3.0858425883E-01
    3.3810000000E+01     1.6603239232E+00     5.6019656167E+00    -1.8940746966E+00    -1.3106784937E+00     3.0858425883E-01
    3.3820000000E+01     1.6415339151E+00     5.5888215053E+00    -1.8640087120E+00    -1.3181045975E+00     3.0858425883E-01
    3.3830000000E+01     1.6230421250E+00     5.5756043015E+00    -1.8344299239E+00    -1.3252976553E+00     3.0858425883E-01
    3.3840000000E+01     1.6048437162E+00     5.5623163156E+00    -1.8053312668E+00    -1.3322616876E+00     3.0858425883E-01
    3.3850000000E+01     1.5869339226E+00     5.5489598179E+00    -1.7767057133E+00    -1.3390006701E+00     3.0858425883E-01
    3.3860000000E+01     1.5693080482E+00     5.5355370393E+00    -1.7485462777E+00    -1.3455185330E+00     3.0858425883E-01
    3.3870000000E+01     1.5519614665E+00     5.5220501714E+00    -1.7208460197E+00    -1.3518191604E+00     3.0858425883E-01
    3.3880000000E+01     1.5348896202E+00     5.5085013674E+00    -1.6935980465E+00    -1.3579063898E+00     3.0858425883E-01
    3.3890000000E+01     1.5180880208E+00     5.4948927423E+00    -1.6667955161E+00    -1.3637840122E+00     3.0858425883E-01
    3.3900000000E+01     1.5015522477E+00     5.4812263734E+00    -1.6404316400E+00    -1.3694557712E+00     3.0858425883E-01
    3.3910000000E+01     1.4852779482E+00     5.4675043007E+00    -1.6144996848E+00    -1.3749253633E+00     3.0858425883E-01
    3.3920000000E+01     1.4692608365E+00     5.4537285278E+00    -1.5889929754E+00    -1.3801964372E+00     3.0858425883E-01
    3.3930000000E+01     1.4534966933E+00     5.4399010217E+00    -1.5639048961E+00    -1.3852725940E+00     3.0858425883E-01
    3.3940000000E+01     1.4379813650E+00     5.4260237138E+00    -1.5392288931E+00    -1.3901573869E+00     3.0858425883E-01
    3.3950000000E+01     1.4227107635E+00     5.4120985002E+00    -1.5149584759E+00    -1.3948543211E+00     3.0858425883E-01
    3.3960000000E+01     1.4076808650E+00     5.3981272420E+00    -1.4910872187E+00    -1.3993668543E+00     3.0858425883E-01
    3.3970000000E+01     1.3928877098E+00     5.3841117664E+00    -1.4676087622E+00    -1.4036983958E+00     3.0858425882E-01
    3.3980000000E+01     1.3783274014E+00     5.3700538662E+00    -1.4445168148E+00    -1.4078523074E+00     3.0858425882E-01
    3.3990000000E+01     1.3639961059E+00     5.3559553013E+00    -1.4218051532E+00    -1.4118319031E+00     3.0858425882E-01
    3.4000000000E+01     1.3498900512E+00     5.3418177983E+00    -1.3994676242E+00    -1.4156404492E+00     3.0858425882E-01
    3.4010000000E+01     1.3360055266E+00     5.3276430517E+00    -1.3774981451E+00    -1.4192811646E+00     3.0858425882E-01
    3.4020000000E+01     1.3223388815E+00     5.3134327239E+00    -1.3558907044E+00    -1.4227572210E+00     3.0858425882E-01
    3.4030000000E+01     1.3088865255E+00     5.2991884457E+00    -1.3346393630E+00    -1.4260717430E+00     3.0858425882E-01
    3.4040000000E+01     1.2956449269E+00     5.2849118172E+00    -1.3137382544E+00    -1.4292278084E+00     3.0858425882E-01
    3.4050000000E+01     1.2826106123E+00     5.2706044076E+00    -1.2931815851E+00    -1.4322284484E+00     3.0858425882E-01
    3.4060000000E+01     1.2697801661E+00     5.2562677564E+00    -1.2729636352E+00    -1.4350766481E+00     3.0858425882E-01
    3.4070000000E+01     1.2571502294E+00     5.2419033730E+00    -1.2530787588E+00    -1.4377753464E+00     3.0858425882E-01
    3.4080000000E+01     1.2447174993E+00     5.2275127381E+00    -1.2335213839E+00    -1.4403274370E+00     3.0858425882E-01
    3.4090000000E+01     1.2324787283E+00     5.2130973035E+00    -1.2142860129E+00    -1.4427357679E+00     3.0858425882E-01
    3.4100000000E+01     1.2204307237E+00     5.1986584926E+00    -1.1953672225E+00    -1.4450031424E+00     3.0858425882E-01
    3.4110000000E+01     1.2085703465E+00     5.1841977013E+00    -1.1767596637E+00    -1.4471323193E+00     3.0858425882E-01
    3.4120000000E+01     1.1968945106E+00     5.1697162978E+00    -1.1584580616E+00    -1.4491260133E+00     3.0858425882E-01
    3.4130000000E+01     1.1854001827E+00     5.1552156237E+00    -1.1404572159E+00    -1.4509868953E+00     3.0858425882E-01
    3.4140000000E+01     1.1740843809E+00     5.1406969939E+00    -1.1227520000E+00    -1.4527175928E+00     3.0858425882E-01
    3.4150000000E+01     1.1629441741E+00     5.1261616972E+00    -1.1053373610E+00    -1.4543206907E+00     3.0858425882E-01
    3.4160000000E+01     1.1519766817E+00     5.1116109969E+00    -1.0882083198E+00    -1.4557987313E+00     3.0858425882E-01
    3.4170000000E+01     1.1411790721E+00     5.0970461311E+00    -1.0713599704E+00    -1.4571542150E+00     3.0858425882E-01
    3.4180000000E+01     1.1305485627E+00     5.0824683129E+00    -1.0547874795E+00    -1.4583896005E+00     3.0858425882E-01
    3.4190000000E+01     1.1200824189E+00     5.0678787313E+00    -1.0384860864E+00    -1.4595073057E+00     3.0858425882E-01
    3.4200000000E+01     1.1097779530E+00     5.0532785511E+00    -1.0224511023E+00    -1.4605097078E+00     3.0858425882E-01
    3.4210000000E+01     1.0996325242E+00     5.0386689137E+00    -1.0066779098E+00    -1.4613991439E+00     3.0858425882E-01
    3.4220000000E+01     1.0896435373E+00     5.0240509372E+00    -9.9116196289E-01    -1.4621779114E+00     3.0858425882E-01
    3.4230000000E+01     1.0798084424E+00     5.0094257168E+00    -9.7589878559E-01    -1.4628482687E+00     3.0858425882E-01
    3.4240000000E+01     1.0701247337E+00     4.9947943257E+00    -9.6088397206E-01    -1.4634124355E+00     3.0858425882E-01
    3.4250000000E+01     1.0605899495E+00     4.9801578148E+00    -9.4611318570E-01    -1.4638725934E+00     3.0858425882E-01
    3.4260000000E+01     1.0512016708E+00     4.9655172134E+00    -9.3158215861E-01    -1.4642308862E+00     3.0858425882E-01
    3.4270000000E+01     1.0419575212E+00     4.9508735296E+00    -9.1728669092E-01    -1.4644894208E+00     3.0858425882E-01
    3.4280000000E+01     1.0328551656E+00     4.9362277506E+00    -9.0322265017E-01    -1.4646502672E+00     3.0858425882E-01
    3.4290000000E+01     1.0238923103E+00     4.9215808431E+00    -8.8938597058E-01    -1.4647154593E+00     3.0858425882E-01
    3.4300000000E+01     1.0150667017E+00     4.9069337536E+00    -8.7577265240E-01    -1.4646869954E+00     3.0858425882E-01
    3.4310000000E+01     1.0063761258E+00     4.8922874089E+00    -8.6237876117E-01    -1.4645668386E+00     3.0858425882E-01
    3.4320000000E+01     9.9781840792E-01     4.8776427161E+00    -8.4920042703E-01    -1.4643569175E+00     3.0858425882E-01
    3.4330000000E+01     9.8939141146E-01     4.8630005634E+00    -8.3623384393E-01    -1.4640591262E+00     3.0858425882E-01
    3.4340000000E+01     9.8109303769E-01     4.8483618202E+00    -8.2347526895E-01    -1.4636753255E+00     3.0858425882E-01
    3.4350000000E+01     9.7292122499E-01     4.8337273375E+00    -8.1092102150E-01    -1.4632073427E+00     3.0858425882E-01
    3.4360000000E+01     9.6487394824E-01     4.8190979480E+00    -7.9856748255E-01    -1.4626569728E+00     3.0858425882E-01
    3.4370000000E+01     9.5694921818E-01     4.8044744668E+00    -7.8641109390E-01    -1.4620259782E+00     3.0858425882E-01
    3.4380000000E+01     9.4914508086E-01     4.7898576914E+00    -7.7444835738E-01    -1.4613160900E+00     3.0858425881E-01
    3.4390000000E+01     9.4145961700E-01     4.7752484023E+00    -7.6267583406E-01    -1.4605290077E+00     3.0858425881E-01
    3.4400000000E+01     9.3389094141E-01     4.7606473630E+00    -7.5109014347E-01    -1.4596664004E+00     3.0858425881E-01
    3.4410000000E+01     9.2643720243E-01     4.7460553206E+00    -7.3968796283E-01    -1.4587299068E+00     3.0858425881E-01
    3.4420000000E+01     9.1909658134E-01     4.7314730058E+00    -7.2846602626E-01    -1.4577211359E+00     3.0858425881E-01
    3.4430000000E+01     9.1186729180E-01     4.7169011335E+00    -7.1742112394E-01    -1.4566416672E+00     3.0858425881E-01
    3.4440000000E+01     9.0474757927E-01     4.7023404029E+00    -7.0655010138E-01    -1.4554930515E+00     3.0858425881E-01
    3.4450000000E+01     8.9773572051E-01     4.6877914979E+00    -6.9584985862E-01    -1.4542768114E+00     3.0858425881E-01
    3.4460000000E+01     8.9083002299E-01     4.6732550871E+00    -6.8531734940E-01    -1.4529944412E+00     3.0858425881E-01
    3.4470000000E+01     8.8402882440E-01     4.6587318246E+00    -6.7494958039E-01    -1.4516474080E+00     3.0858425881E-01
    3.4480000000E+01     8.7733049206E-01     4.6442223497E+00    -6.6474361046E-01    -1.4502371520E+00     3.0858425881E-01
    3.4490000000E+01     8.7073342249E-01     4.6297272876E+00    -6.5469654979E-01    -1.4487650864E+00     3.0858425881E-01
    3.4500000000E+01     8.6423604084E-01     4.6152472494E+00    -6.4480555920E-01    -1.4472325987E+00     3.0858425881E-01
    3.4510000000E+01     8.5783680038E-01     4.6007828325E+00    -6.3506784928E-01    -1.4456410506E+00     3.0858425881E-01
    3.4520000000E+01     8.5153418206E-01     4.5863346208E+00    -6.2548067972E-01    -1.4439917783E+00     3.0858425881E-01
    3.4530000000E+01     8.4532669396E-01     4.5719031850E+00    -6.1604135842E-01    -1.4422860935E+00     3.0858425881E-01
    3.4540000000E+01     8.3921287088E-01     4.5574890827E+00    -6.0674724086E-01    -1.4405252834E+00     3.0858425881E-01
    3.4550000000E+01     8.3319127380E-01     4.5430928588E+00    -5.9759572923E-01    -1.4387106109E+00     3.0858425881E-01
    3.4560000000E+01     8.2726048945E-01     4.5287150458E+00    -5.8858427177E-01    -1.4368433158E+00     3.0858425881E-01
    3.4570000000E+01     8.2141912988E-01     4.5143561639E+00    -5.7971036196E-01    -1.4349246143E+00     3.0858425881E-01
    3.4580000000E+01     8.1566583193E-01     4.5000167209E+00    -5.7097153783E-01    -1.4329557001E+00     3.0858425881E-01
    3.4590000000E+01     8.0999925690E-01     4.4856972133E+00    -5.6236538120E-01    -1.4309377444E+00     3.0858425881E-01
    3.4600000000E+01     8.0441809001E-01     4.4713981257E+00    -5.5388951696E-01    -1.4288718963E+00     3.0858425881E-01
    3.4610000000E+01     7.9892104003E-01     4.4571199313E+00    -5.4554161238E-01    -1.4267592834E+00     3.0858425881E-01
    3.4620000000E+01     7.9350683887E-01     4.4428630922E+00    -5.3731937637E-01    -1.4246010121E+00     3.0858425881E-01
    3.4630000000E+01     7.8817424111E-01     4.4286280596E+00    -5.2922055880E-01    -1.4223981678E+00     3.0858425881E-01
    3.4640000000E+01     7.8292202367E-01     4.4144152739E+00    -5.2124294978E-01    -1.4201518156E+00     3.0858425881E-01
    3.4650000000E+01     7.7774898533E-01     4.4002251648E+00    -5.1338437901E-01    -1.4178630002E+00     3.0858425881E-01
    3.4660000000E+01     7.7265394640E-01     4.3860581520E+00    -5.0564271507E-01    -1.4155327468E+00     3.0858425881E-01
    3.4670000000E+01     7.6763574832E-01     4.3719146447E+00    -4.9801586479E-01    -1.4131620609E+00     3.0858425881E-01
    3.4680000000E+01     7.6269325325E-01     4.3577950423E+00    -4.9050177254E-01    -1.4107519291E+00     3.0858425881E-01
    3.4690000000E+01     7.5782534374E-01     4.3436997343E+00    -4.8309841960E-01    -1.4083033193E+00     3.0858425881E-01
    3.4700000000E+01     7.5303092234E-01     4.3296291010E+00    -4.7580382354E-01    -1.4058171809E+00     3.0858425881E-01
    3.4710000000E+01     7.4830891124E-01     4.3155835127E+00    -4.6861603754E-01    -1.4032944451E+00     3.0858425881E-01
    3.4720000000E+01     7.4365825193E-01     4.3015633310E+00    -4.6153314980E-01    -1.4007360257E+00     3.0858425881E-01
    3.4730000000E+01     7.3907790484E-01     4.2875689082E+00    -4.5455328288E-01    -1.3981428187E+00     3.0858425881E-01
    3.4740000000E+01     7.3456684902E-01     4.2736005877E+00    -4.4767459314E-01    -1.3955157033E+00     3.0858425881E-01
    3.4750000000E+01     7.3012408176E-01     4.2596587043E+00    -4.4089527009E-01    -1.3928555417E+00     3.0858425881E-01
    3.4760000000E+01     7.2574861833E-01     4.2457435842E+00    -4.3421353583E-01    -1.3901631797E+00     3.0858425881E-01
    3.4770000000E+01     7.2143949157E-01     4.2318555452E+00    -4.2762764445E-01    -1.3874394468E+00     3.0858425881E-01
    3.4780000000E+01     7.1719575168E-01     4.2179948971E+00    -4.2113588147E-01    -1.3846851568E+00     3.0858425881E-01
    3.4790000000E+01     7.1301646580E-01     4.2041619413E+00    -4.1473656323E-01    -1.3819011076E+00     3.0858425881E-01
    3.4800000000E+01     7.0890071778E-01     4.1903569715E+00    -4.0842803638E-01    -1.3790880821E+00     3.0858425881E-01
    3.4810000000E+01     7.0484760785E-01     4.1765802737E+00    -4.0220867732E-01    -1.3762468480E+00     3.0858425881E-01
    3.4820000000E+01     7.0085625232E-01     4.1628321261E+00    -3.9607689162E-01    -1.3733781581E+00     3.0858425881E-01
    3.4830000000E+01     6.9692578333E-01     4.1491127996E+00    -3.9003111352E-01    -1.3704827510E+00     3.0858425881E-01
    3.4840000000E+01     6.9305534849E-01     4.1354225577E+00    -3.8406980541E-01    -1.3675613509E+00     3.0858425881E-01
    3.4850000000E+01     6.8924411069E-01     4.1217616568E+00    -3.7819145729E-01    -1.3646146680E+00     3.0858425881E-01
    3.4860000000E+01     6.8549124776E-01     4.1081303463E+00    -3.7239458628E-01    -1.3616433988E+00     3.0858425881E-01
    3.4870000000E+01     6.8179595223E-01     4.0945288685E+00    -3.6667773608E-01    -1.3586482265E+00     3.0858425881E-01
    3.4880000000E+01     6.7815743107E-01     4.0809574592E+00    -3.6103947656E-01    -1.3556298210E+00     3.0858425881E-01
    3.4890000000E+01     6.7457490541E-01     4.0674163474E+00    -3.5547840316E-01    -1.3525888392E+00     3.0858425881E-01
    3.4900000000E+01     6.7104761032E-01     4.0539057555E+00    -3.4999313653E-01    -1.3495259252E+00     3.0858425881E-01
    3.4910000000E+01     6.6757479451E-01     4.0404258998E+00    -3.4458232197E-01    -1.3464417110E+00     3.0858425881E-01
    3.4920000000E+01     6.6415572014E-01     4.0269769902E+00    -3.3924462902E-01    -1.3433368158E+00     3.0858425881E-01
    3.4930000000E+01     6.6078966255E-01     4.0135592304E+00    -3.3397875100E-01    -1.3402118472E+00     3.0858425881E-01
    3.4940000000E+01     6.5747591002E-01     4.0001728182E+00    -3.2878340453E-01    -1.3370674009E+00     3.0858425881E-01
    3.4950000000E+01     6.5421376356E-01     3.9868179454E+00    -3.2365732916E-01    -1.3339040609E+00     3.0858425882E-01
    3.4960000000E+01     6.5100253666E-01     3.9734947981E+00    -3.1859928685E-01    -1.3307223999E+00     3.0858425882E-01
    3.4970000000E+01     6.4784155510E-01     3.9602035566E+00    -3.1360806164E-01    -1.3275229796E+00     3.0858425882E-01
    3.4980000000E+01     6.4473015669E-01     3.9469443958E+00    -3.0868245915E-01    -1.3243063505E+00     3.0858425882E-01
    3.4990000000E+01     6.4166769109E-01     3.9337174851E+00    -3.0382130624E-01    -1.3210730525E+00     3.0858425882E-01
    3.5000000000E+01     6.3865351958E-01     3.9205229886E+00    -2.9902345056E-01    -1.3178236149E+00     3.0858425882E-01
    3.5010000000E+01     6.3568701486E-01     3.9073610649E+00    -2.9428776019E-01    -1.3145585568E+00     3.0858425882E-01
    3.5020000000E+01     6.3276756086E-01     3.8942318678E+00    -2.8961312322E-01    -1.3112783871E+00     3.0858425882E-01
    3.5030000000E+01     6.2989455253E-01     3.8811355459E+00    -2.8499844741E-01    -1.3079836046E+00     3.0858425882E-01
    3.5040000000E+01     6.2706739562E-01     3.8680722428E+00    -2.8044265976E-01    -1.3046746984E+00     3.0858425882E-01
    3.5050000000E+01     6.2428550655E-01     3.8550420974E+00    -2.7594470621E-01    -1.3013521481E+00     3.0858425882E-01
    3.5060000000E+01     6.2154831217E-01     3.8420452438E+00    -2.7150355123E-01    -1.2980164238E+00     3.0858425882E-01
    3.5070000000E+01     6.1885524959E-01     3.8290818113E+00    -2.6711817746E-01    -1.2946679865E+00     3.0858425882E-01
    3.5080000000E+01     6.1620576602E-01     3.8161519249E+00    -2.6278758543E-01    -1.2913072879E+00     3.0858425882E-01
    3.5090000000E+01     6.1359931855E-01     3.8032557049E+00    -2.5851079312E-01    -1.2879347711E+00     3.0858425882E-01
    3.5100000000E+01     6.1103537404E-01     3.7903932674E+00    -2.5428683572E-01    -1.2845508702E+00     3.0858425882E-01
    3.5110000000E+01     6.0851340888E-01     3.7775647241E+00    -2.5011476523E-01    -1.2811560109E+00     3.0858425882E-01
    3.5120000000E+01     6.0603290889E-01     3.7647701823E+00    -2.4599365018E-01    -1.2777506104E+00     3.0858425882E-01
    3.5130000000E+01     6.0359336908E-01     3.7520097456E+00    -2.4192257528E-01    -1.2743350779E+00     3.0858425882E-01
    3.5140000000E+01     6.0119429358E-01     3.7392835132E+00    -2.3790064115E-01    -1.2709098143E+00     3.0858425882E-01
    3.5150000000E+01     5.9883519540E-01     3.7265915805E+00    -2.3392696397E-01    -1.2674752125E+00     3.0858425882E-01
    3.5160000000E+01     5.9651559634E-01     3.7139340388E+00    -2.3000067520E-01    -1.2640316577E+00     3.0858425882E-01
    3.5170000000E+01     5.9423502679E-01     3.7013109759E+00    -2.2612092129E-01    -1.2605795277E+00     3.0858425882E-01
    3.5180000000E+01     5.9199302560E-01     3.6887224756E+00    -2.2228686341E-01    -1.2571191923E+00     3.0858425882E-01
    3.5190000000E+01     5.8978913995E-01     3.6761686182E+00    -2.1849767710E-01    -1.2536510145E+00     3.0858425882E-01
    3.5200000000E+01     5.8762292518E-01     3.6636494803E+00    -2.1475255207E-01    -1.2501753497E+00     3.0858425882E-01
    3.5210000000E+01     5.8549394469E-01     3.6511651350E+00    -2.1105069188E-01    -1.2466925462E+00     3.0858425882E-01
    3.5220000000E+01     5.8340176974E-01     3.6387156520E+00    -2.0739131367E-01    -1.2432029457E+00     3.0858425882E-01
    3.5230000000E+01     5.8134597938E-01     3.6263010976E+00    -2.0377364793E-01    -1.2397068827E+00     3.0858425882E-01
    3.5240000000E+01     5.7932616026E-01     3.6139215348E+00    -2.0019693821E-01    -1.2362046853E+00     3.0858425882E-01
    3.5250000000E+01     5.7734190657E-01     3.6015770233E+00    -1.9666044088E-01    -1.2326966748E+00     3.0858425882E-01
    3.5260000000E+01     5.7539281984E-01     3.5892676196E+00    -1.9316342490E-01    -1.2291831662E+00     3.0858425882E-01
    3.5270000000E+01     5.7347850887E-01     3.5769933773E+00    -1.8970517153E-01    -1.2256644681E+00     3.0858425882E-01
    3.5280000000E+01     5.7159858956E-01     3.5647543465E+00    -1.8628497413E-01    -1.2221408830E+00     3.0858425882E-01
    3.5290000000E+01     5.6975268485E-01     3.5525505749E+00    -1.8290213791E-01    -1.2186127071E+00     3.0858425882E-01
    3.5300000000E+01     5.6794042454E-01     3.5403821067E+00    -1.7955597970E-01    -1.2150802310E+00     3.0858425882E-01
    3.5310000000E+01     5.6616144523E-01     3.5282489837E+00    -1.7624582774E-01    -1.2115437391E+00     3.0858425882E-01
    3.5320000000E+01     5.6441539017E-01     3.5161512444E+00    -1.7297102142E-01    -1.2080035101E+00     3.0858425882E-01
    3.5330000000E+01     5.6270190915E-01     3.5040889250E+00    -1.6973091111E-01    -1.2044598172E+00     3.0858425882E-01
    3.5340000000E+01     5.6102065843E-01     3.4920620587E+00    -1.6652485791E-01    -1.2009129279E+00     3.0858425882E-01
    3.5350000000E+01     5.5937130057E-01     3.4800706762E+00    -1.6335223347E-01    -1.1973631045E+00     3.0858425882E-01
    3.5360000000E+01     5.5775350439E-01     3.4681148056E+00    -1.6021241974E-01    -1.1938106036E+00     3.0858425882E-01
    3.5370000000E+01     5.5616694483E-01     3.4561944722E+00    -1.5710480883E-01    -1.1902556769E+00     3.0858425882E-01
    3.5380000000E+01     5.5461130286E-01     3.4443096993E+00    -1.5402880276E-01    -1.1866985707E+00     3.0858425882E-01
    3.5390000000E+01     5.5308626539E-01     3.4324605073E+00    -1.5098381330E-01    -1.1831395266E+00     3.0858425882E-01
    3.5400000000E+01     5.5159152514E-01     3.4206469144E+00    -1.4796926174E-01    -1.1795787809E+00     3.0858425882E-01
    3.5410000000E+01     5.5012678059E-01     3.4088689366E+00    -1.4498457876E-01    -1.1760165653E+00     3.0858425882E-01
    3.5420000000E+01     5.4869173587E-01     3.3971265873E+00    -1.4202920420E-01    -1.1724531065E+00     3.0858425882E-01
    3.5430000000E+01     5.4728610065E-01     3.3854198778E+00    -1.3910258689E-01    -1.1688886267E+00     3.0858425882E-01
    3.5440000000E+01     5.4590959008E-01     3.3737488174E+00    -1.3620418449E-01    -1.1653233436E+00     3.0858425882E-01
    3.5450000000E+01     5.4456192469E-01     3.3621134129E+00    -1.3333346331E-01    -1.1617574701E+00     3.0858425882E-01
    3.5460000000E+01     5.4324283030E-01     3.3505136693E+00    -1.3048989813E-01    -1.1581912148E+00     3.0858425882E-01
    3.5470000000E+01     5.4195203793E-01     3.3389495892E+00    -1.2767297205E-01    -1.1546247822E+00     3.0858425882E-01
    3.5480000000E+01     5.4068928376E-01     3.3274211736E+00    -1.2488217630E-01    -1.1510583723E+00     3.0858425882E-01
    3.5490000000E+01     5.3945430897E-01     3.3159284211E+00    -1.2211701012E-01    -1.1474921809E+00     3.0858425882E-01
    3.5500000000E+01     5.3824685976E-01     3.3044713286E+00    -1.1937698057E-01    -1.1439263998E+00     3.0858425882E-01
    3.5510000000E+01     5.3706668719E-01     3.2930498911E+00    -1.1666160239E-01    -1.1403612168E+00     3.0858425882E-01
    3.5520000000E+01     5.3591354714E-01     3.2816641016E+00    -1.1397039784E-01    -1.1367968157E+00     3.0858425882E-01
    3.5530000000E+01     5.3478720023E-01     3.2703139515E+00    -1.1130289655E-01    -1.1332333764E+00     3.0858425882E-01
    3.5540000000E+01     5.3368741174E-01     3.2589994303E+00    -1.0865863541E-01    -1.1296710750E+00     3.0858425882E-01
    3.5550000000E+01     5.3261395157E-01     3.2477205257E+00    -1.0603715838E-01    -1.1261100840E+00     3.0858425882E-01
    3.5560000000E+01     5.3156659412E-01     3.2364772237E+00    -1.0343801637E-01    -1.1225505720E+00     3.0858425882E-01
    3.5570000000E+01     5.3054511827E-01     3.2252695087E+00    -1.0086076709E-01    -1.1189927042E+00     3.0858425882E-01
    3.5580000000E+01     5.2954930726E-01     3.2140973636E+00    -9.8304974956E-02    -1.1154366422E+00     3.0858425882E-01
    3.5590000000E+01     5.2857894868E-01     3.2029607694E+00    -9.5770210904E-02    -1.1118825441E+00     3.0858425882E-01
    3.5600000000E+01     5.2763383436E-01     3.1918597056E+00    -9.3256052294E-02    -1.1083305647E+00     3.0858425882E-01
    3.5610000000E+01     5.2671376033E-01     3.1807941505E+00    -9.0762082775E-02    -1.1047808554E+00     3.0858425882E-01
    3.5620000000E+01     5.2581852677E-01     3.1697640805E+00    -8.8287892155E-02    -1.1012335643E+00     3.0858425882E-01
    3.5630000000E+01     5.2494793791E-01     3.1587694707E+00    -8.5833076283E-02    -1.0976888363E+00     3.0858425882E-01
    3.5640000000E+01     5.2410180199E-01     3.1478102947E+00    -8.3397236928E-02    -1.0941468131E+00     3.0858425882E-01
    3.5650000000E+01     5.2327993122E-01     3.1368865249E+00    -8.0979981662E-02    -1.0906076335E+00     3.0858425882E-01
    3.5660000000E+01     5.2248214170E-01     3.1259981321E+00    -7.8580923741E-02    -1.0870714329E+00     3.0858425882E-01
    3.5670000000E+01     5.2170825336E-01     3.1151450859E+00    -7.6199681994E-02    -1.0835383442E+00     3.0858425882E-01
    3.5680000000E+01     5.2095808993E-01     3.1043273544E+00    -7.3835880712E-02    -1.0800084969E+00     3.0858425882E-01
    3.5690000000E+01     5.2023147885E-01     3.0935449047E+00    -7.1489149535E-02    -1.0764820178E+00     3.0858425882E-01
    3.5700000000E+01     5.1952825125E-01     3.0827977024E+00    -6.9159123349E-02    -1.0729590310E+00     3.0858425882E-01
    3.5710000000E+01     5.1884824190E-01     3.0720857121E+00    -6.6845442178E-02    -1.0694396578E+00     3.0858425882E-01
    3.5720000000E+01     5.1819128911E-01     3.0614088968E+00    -6.4547751080E-02    -1.0659240165E+00     3.0858425882E-01
    3.5730000000E+01     5.1755723474E-01     3.0507672189E+00    -6.2265700047E-02    -1.0624122230E+00     3.0858425882E-01
    3.5740000000E+01     5.1694592413E-01     3.0401606392E+00    -5.9998943908E-02    -1.0589043906E+00     3.0858425882E-01
    3.5750000000E+01     5.1635720602E-01     3.0295891175E+00    -5.7747142223E-02    -1.0554006298E+00     3.0858425882E-01
    3.5760000000E+01     5.1579093255E-01     3.0190526127E+00    -5.5509959195E-02    -1.0519010488E+00     3.0858425882E-01
    3.5770000000E+01     5.1524695921E-01     3.0085510823E+00    -5.3287063574E-02    -1.0484057532E+00     3.0858425882E-01
    3.5780000000E+01     5.1472514475E-01     2.9980844830E+00    -5.1078128561E-02    -1.0449148462E+00     3.0858425882E-01
    3.5790000000E+01     5.1422535118E-01     2.9876527704E+00    -4.8882831721E-02    -1.0414284286E+00     3.0858425882E-01
    3.5800000000E+01     5.1374744371E-01     2.9772558991E+00    -4.6700854892E-02    -1.0379465989E+00     3.0858425882E-01
    3.5810000000E+01     5.1329129073E-01     2.9668938228E+00    -4.4531884098E-02    -1.0344694531E+00     3.0858425882E-01
    3.5820000000E+01     5.1285676371E-01     2.9565664941E+00    -4.2375609464E-02    -1.0309970853E+00     3.0858425882E-01
    3.5830000000E+01     5.1244373724E-01     2.9462738648E+00    -4.0231725129E-02    -1.0275295869E+00     3.0858425882E-01
    3.5840000000E+01     5.1205208891E-01     2.9360158858E+00    -3.8099929166E-02    -1.0240670476E+00     3.0858425882E-01
    3.5850000000E+01     5.1168169935E-01     2.9257925071E+00    -3.5979923500E-02    -1.0206095546E+00     3.0858425882E-01
    3.5860000000E+01     5.1133245212E-01     2.9156036776E+00    -3.3871413828E-02    -1.0171571933E+00     3.0858425882E-01
    3.5870000000E+01     5.1100423373E-01     2.9054493458E+00    -3.1774109538E-02    -1.0137100467E+00     3.0858425882E-01
    3.5880000000E+01     5.1069693354E-01     2.8953294591E+00    -2.9687723637E-02    -1.0102681960E+00     3.0858425882E-01
    3.5890000000E+01     5.1041044380E-01     2.8852439640E+00    -2.7611972672E-02    -1.0068317204E+00     3.0858425882E-01
    3.5900000000E+01     5.1014465957E-01     2.8751928065E+00    -2.5546576655E-02    -1.0034006970E+00     3.0858425882E-01
    3.5910000000E+01     5.0989947868E-01     2.8651759316E+00    -2.3491258995E-02    -9.9997520126E-01     3.0858425882E-01
    3.5920000000E+01     5.0967480171E-01     2.8551932838E+00    -2.1445746420E-02    -9.9655530644E-01     3.0858425882E-01
    3.5930000000E+01     5.0947053196E-01     2.8452448066E+00    -1.9409768910E-02    -9.9314108411E-01     3.0858425882E-01
    3.5940000000E+01     5.0928657543E-01     2.8353304430E+00    -1.7383059629E-02    -9.8973260403E-01     3.0858425882E-01
    3.5950000000E+01     5.0912284076E-01     2.8254501351E+00    -1.5365354854E-02    -9.8632993413E-01     3.0858425882E-01
    3.5960000000E+01     5.0897923919E-01     2.8156038247E+00    -1.3356393910E-02    -9.8293314062E-01     3.0858425882E-01
    3.5970000000E+01     5.0885568459E-01     2.8057914525E+00    -1.1355919106E-02    -9.7954228797E-01     3.0858425882E-01
    3.5980000000E+01     5.0875209337E-01     2.7960129589E+00    -9.3636756674E-03    -9.7615743897E-01     3.0858425882E-01
    3.5990000000E+01     5.0866838448E-01     2.7862682835E+00    -7.3794116748E-03    -9.7277865476E-01     3.0858425882E-01
    3.6000000000E+01     5.0860447937E-01     2.7765573654E+00    -5.4028780015E-03    -9.6940599483E-01     3.0858425882E-01
    3.6010000000E+01     5.0856030197E-01     2.7668801430E+00    -3.4338282522E-03    -9.6603951710E-01     3.0858425882E-01
    3.6020000000E+01     5.0853577867E-01     2.7572365543E+00    -1.4720187031E-03    -9.6267927790E-01     3.0858425882E-01
    3.6030000000E+01     5.0853083827E-01     2.7476265365E+00     4.8279175697E-04    -9.5932533201E-01     3.0858425882E-01
    3.6040000000E+01     5.0854541197E-01     2.7380500265E+00     2.4308416850E-03    -9.5597773272E-01     3.0858425882E-01
    3.6050000000E+01     5.0857943336E-01     2.7285069605E+00     4.3723671401E-03    -9.5263653181E-01     3.0858425882E-01
    3.6060000000E+01     5.0863283835E-01     2.7189972743E+00     6.3076017402E-03    -9.4930177962E-01     3.0858425882E-01
    3.6070000000E+01     5.0870556519E-01     2.7095209032E+00     8.2367767166E-03    -9.4597352505E-01     3.0858425882E-01
    3.6080000000E+01     5.0879755444E-01     2.7000777820E+00     1.0160120969E-02    -9.4265181558E-01     3.0858425882E-01
    3.6090000000E+01     5.0890874893E-01     2.6906678450E+00     1.2077861116E-02    -9.3933669731E-01     3.0858425882E-01
    3.6100000000E+01     5.0903909373E-01     2.6812910260E+00     1.3990221552E-02    -9.3602821499E-01     3.0858425882E-01
    3.6110000000E+01     5.0918853617E-01     2.6719472584E+00     1.5897424495E-02    -9.3272641204E-01     3.0858425882E-01
    3.6120000000E+01     5.0935702577E-01     2.6626364753E+00     1.7799690039E-02    -9.2943133055E-01     3.0858425882E-01
    3.6130000000E+01     5.0954451424E-01     2.6533586092E+00     1.9697236202E-02    -9.2614301133E-01     3.0858425882E-01
    3.6140000000E+01     5.0975095548E-01     2.6441135924E+00     2.1590278977E-02    -9.2286149395E-01     3.0858425882E-01
    3.6150000000E+01     5.0997630552E-01     2.6349013566E+00     2.3479032379E-02    -9.1958681670E-01     3.0858425882E-01
    3.6160000000E+01     5.1022052254E-01     2.6257218331E+00     2.5363708492E-02    -9.1631901669E-01     3.0858425882E-01
    3.6170000000E+01     5.1048356680E-01     2.6165749532E+00     2.7244517518E-02    -9.1305812979E-01     3.0858425882E-01
    3.6180000000E+01     5.1076540069E-01     2.6074606474E+00     2.9121667819E-02    -9.0980419072E-01     3.0858425882E-01
    3.6190000000E+01     5.1106598865E-01     2.5983788461E+00     3.0995365966E-02    -9.0655723306E-01     3.0858425882E-01
    3.6200000000E+01     5.1138529719E-01     2.5893294794E+00     3.2865816780E-02    -9.0331728921E-01     3.0858425882E-01
    3.6210000000E+01     5.1172329484E-01     2.5803124768E+00     3.4733223378E-02    -9.0008439050E-01     3.0858425882E-01
    3.6220000000E+01     5.1207995218E-01     2.5713277680E+00     3.6597787216E-02    -8.9685856714E-01     3.0858425882E-01
    3.6230000000E+01     5.1245524177E-01     2.5623752818E+00     3.8459708128E-02    -8.9363984827E-01     3.0858425882E-01
    3.6240000000E+01     5.1284913819E-01     2.5534549472E+00     4.0319184374E-02    -8.9042826198E-01     3.0858425882E-01
    3.6250000000E+01     5.1326161797E-01     2.5445666927E+00     4.2176412674E-02    -8.8722383531E-01     3.0858425882E-01
    3.6260000000E+01     5.1369265960E-01     2.5357104466E+00     4.4031588253E-02    -8.8402659430E-01     3.0858425882E-01
    3.6270000000E+01     5.1414224354E-01     2.5268861368E+00     4.5884904879E-02    -8.8083656396E-01     3.0858425882E-01
    3.6280000000E+01     5.1461035214E-01     2.5180936912E+00     4.7736554902E-02    -8.7765376835E-01     3.0858425882E-01
    3.6290000000E+01     5.1509696972E-01     2.5093330372E+00     4.9586729294E-02    -8.7447823054E-01     3.0858425882E-01
    3.6300000000E+01     5.1560208244E-01     2.5006041023E+00     5.1435617686E-02    -8.7130997266E-01     3.0858425882E-01
    3.6310000000E+01     5.1612567841E-01     2.4919068134E+00     5.3283408403E-02    -8.6814901591E-01     3.0858425882E-01
    3.6320000000E+01     5.1666774758E-01     2.4832410976E+00     5.5130288507E-02    -8.6499538057E-01     3.0858425882E-01
    3.6330000000E+01     5.1722828176E-01     2.4746068814E+00     5.6976443826E-02    -8.6184908601E-01     3.0858425882E-01
    3.6340000000E+01     5.1780727465E-01     2.4660040913E+00     5.8822058996E-02    -8.5871015074E-01     3.0858425882E-01
    3.6350000000E+01     5.1840472176E-01     2.4574326538E+00     6.0667317491E-02    -8.5557859239E-01     3.0858425882E-01
    3.6360000000E+01     5.1902062042E-01     2.4488924948E+00     6.2512401661E-02    -8.5245442773E-01     3.0858425882E-01
    3.6370000000E+01     5.1965496981E-01     2.4403835405E+00     6.4357492766E-02    -8.4933767269E-01     3.0858425882E-01
    3.6380000000E+01     5.2030777090E-01     2.4319057166E+00     6.6202771010E-02    -8.4622834240E-01     3.0858425882E-01
    3.6390000000E+01     5.2097902645E-01     2.4234589489E+00     6.8048415570E-02    -8.4312645116E-01     3.0858425882E-01
    3.6400000000E+01     5.2166874103E-01     2.4150431628E+00     6.9894604634E-02    -8.4003201248E-01     3.0858425882E-01
    3.6410000000E+01     5.2237692095E-01     2.4066582837E+00     7.1741515434E-02    -8.3694503908E-01     3.0858425882E-01
    3.6420000000E+01     5.2310357433E-01     2.3983042370E+00     7.3589324271E-02    -8.3386554295E-01     3.0858425882E-01
    3.6430000000E+01     5.2384871102E-01     2.3899809479E+00     7.5438206554E-02    -8.3079353527E-01     3.0858425882E-01
    3.6440000000E+01     5.2461234262E-01     2.3816883413E+00     7.7288336825E-02    -8.2772902652E-01     3.0858425882E-01
    3.6450000000E+01     5.2539448249E-01     2.3734263423E+00     7.9139888795E-02    -8.2467202645E-01     3.0858425882E-01
    3.6460000000E+01     5.2619514571E-01     2.3651948758E+00     8.0993035369E-02    -8.2162254407E-01     3.0858425882E-01
    3.6470000000E+01     5.2701434909E-01     2.3569938664E+00     8.2847948681E-02    -8.1858058772E-01     3.0858425882E-01
    3.6480000000E+01     5.2785211115E-01     2.3488232389E+00     8.4704800118E-02    -8.1554616502E-01     3.0858425882E-01
    3.6490000000E+01     5.2870845212E-01     2.3406829179E+00     8.6563760354E-02    -8.1251928293E-01     3.0858425882E-01
    3.6500000000E+01     5.2958339395E-01     2.3325728281E+00     8.8424999374E-02    -8.0949994774E-01     3.0858425882E-01
    3.6510000000E+01     5.3047696027E-01     2.3244928938E+00     9.0288686507E-02    -8.0648816508E-01     3.0858425882E-01
    3.6520000000E+01     5.3138917640E-01     2.3164430396E+00     9.2154990448E-02    -8.0348393993E-01     3.0858425882E-01
    3.6530000000E+01     5.3232006936E-01     2.3084231898E+00     9.4024079293E-02    -8.0048727667E-01     3.0858425882E-01
    3.6540000000E+01     5.3326966783E-01     2.3004332688E+00     9.5896120560E-02    -7.9749817902E-01     3.0858425882E-01
    3.6550000000E+01     5.3423800217E-01     2.2924732010E+00     9.7771281217E-02    -7.9451665010E-01     3.0858425882E-01
    3.6560000000E+01     5.3522510441E-01     2.2845429106E+00     9.9649727711E-02    -7.9154269245E-01     3.0858425882E-01
    3.6570000000E+01     5.3623100823E-01     2.2766423219E+00     1.0153162599E-01    -7.8857630799E-01     3.0858425882E-01
    3.6580000000E+01     5.3725574898E-01     2.2687713592E+00     1.0341714154E-01    -7.8561749809E-01     3.0858425882E-01
    3.6590000000E+01     5.3829936367E-01     2.2609299467E+00     1.0530643940E-01    -7.8266626351E-01     3.0858425882E-01
    3.6600000000E+01     5.3936189093E-01     2.2531180087E+00     1.0719968417E-01    -7.7972260450E-01     3.0858425882E-01
    3.6610000000E+01     5.4044337105E-01     2.2453354693E+00     1.0909704008E-01    -7.7678652072E-01     3.0858425882E-01
    3.6620000000E+01     5.4154384598E-01     2.2375822530E+00     1.1099867098E-01    -7.7385801130E-01     3.0858425882E-01
    3.6630000000E+01     5.4266335927E-01     2.2298582839E+00     1.1290474039E-01    -7.7093707485E-01     3.0858425882E-01
    3.6640000000E+01     5.4380195613E-01     2.2221634863E+00     1.1481541147E-01    -7.6802370944E-01     3.0858425882E-01
    3.6650000000E+01     5.4495968338E-01     2.2144977845E+00     1.1673084713E-01    -7.6511791264E-01     3.0858425882E-01
    3.6660000000E+01     5.4613658949E-01     2.2068611028E+00     1.1865120998E-01    -7.6221968150E-01     3.0858425882E-01
    3.6670000000E+01     5.4733272454E-01     2.1992533656E+00     1.2057666237E-01    -7.5932901259E-01     3.0858425882E-01
    3.6680000000E+01     5.4854814024E-01     2.1916744973E+00     1.2250736645E-01    -7.5644590198E-01     3.0858425882E-01
    3.6690000000E+01     5.4978288992E-01     2.1841244224E+00     1.2444348415E-01    -7.5357034527E-01     3.0858425882E-01
    3.6700000000E+01     5.5103702851E-01     2.1766030653E+00     1.2638517723E-01    -7.5070233758E-01     3.0858425882E-01
    3.6710000000E+01     5.5231061259E-01     2.1691103505E+00     1.2833260726E-01    -7.4784187356E-01     3.0858425882E-01
    3.6720000000E+01     5.5360370032E-01     2.1616462027E+00     1.3028593572E-01    -7.4498894741E-01     3.0858425882E-01
    3.6730000000E+01     5.5491635150E-01     2.1542105464E+00     1.3224532393E-01    -7.4214355290E-01     3.0858425882E-01
    3.6740000000E+01     5.5624862753E-01     2.1468033065E+00     1.3421093315E-01    -7.3930568333E-01     3.0858425882E-01
    3.6750000000E+01     5.5760059144E-01     2.1394244077E+00     1.3618292455E-01    -7.3647533158E-01     3.0858425882E-01
    3.6760000000E+01     5.5897230784E-01     2.1320737749E+00     1.3816145925E-01    -7.3365249011E-01     3.0858425882E-01
    3.6770000000E+01     5.6036384297E-01     2.1247513329E+00     1.4014669836E-01    -7.3083715094E-01     3.0858425882E-01
    3.6780000000E+01     5.6177526469E-01     2.1174570069E+00     1.4213880296E-01    -7.2802930570E-01     3.0858425882E-01
    3.6790000000E+01     5.6320664245E-01     2.1101907218E+00     1.4413793414E-01    -7.2522894560E-01     3.0858425882E-01
    3.6800000000E+01     5.6465804733E-01     2.1029524030E+00     1.4614425305E-01    -7.2243606146E-01     3.0858425882E-01
    3.6810000000E+01     5.6612955201E-01     2.0957419757E+00     1.4815792087E-01    -7.1965064371E-01     3.0858425882E-01
    3.6820000000E+01     5.6762123078E-01     2.0885593653E+00     1.5017909886E-01    -7.1687268237E-01     3.0858425882E-01
    3.6830000000E+01     5.6913315956E-01     2.0814044973E+00     1.5220794838E-01    -7.1410216712E-01     3.0858425882E-01
    3.6840000000E+01     5.7066541586E-01     2.0742772972E+00     1.5424463088E-01    -7.1133908723E-01     3.0858425882E-01
    3.6850000000E+01     5.7221807882E-01     2.0671776908E+00     1.5628930799E-01    -7.0858343163E-01     3.0858425882E-01
    3.6860000000E+01     5.7379122921E-01     2.0601056038E+00     1.5834214144E-01    -7.0583518886E-01     3.0858425882E-01
    3.6870000000E+01     5.7538494938E-01     2.0530609623E+00     1.6040329317E-01    -7.0309434714E-01     3.0858425882E-01
    3.6880000000E+01     5.7699932334E-01     2.0460436923E+00     1.6247292529E-01    -7.0036089431E-01     3.0858425882E-01
    3.6890000000E+01     5.7863443669E-01     2.0390537198E+00     1.6455120013E-01    -6.9763481788E-01     3.0858425882E-01
    3.6900000000E+01     5.8029037669E-01     2.0320909714E+00     1.6663828026E-01    -6.9491610502E-01     3.0858425882E-01
    3.6910000000E+01     5.8196723219E-01     2.0251553732E+00     1.6873432848E-01    -6.9220474257E-01     3.0858425882E-01
    3.6920000000E+01     5.8366509370E-01     2.0182468521E+00     1.7083950786E-01    -6.8950071702E-01     3.0858425882E-01
    3.6930000000E+01     5.8538405333E-01     2.0113653345E+00     1.7295398177E-01    -6.8680401457E-01     3.0858425882E-01
    3.6940000000E+01     5.8712420486E-01     2.0045107474E+00     1.7507791386E-01    -6.8411462109E-01     3.0858425882E-01
    3.6950000000E+01     5.8888564368E-01     1.9976830178E+00     1.7721146814E-01    -6.8143252213E-01     3.0858425882E-01
    3.6960000000E+01     5.9066846684E-01     1.9908820727E+00     1.7935480891E-01    -6.7875770292E-01     3.0858425882E-01
    3.6970000000E+01     5.9247277303E-01     1.9841078395E+00     1.8150810087E-01    -6.7609014843E-01     3.0858425882E-01
    3.6980000000E+01     5.9429866258E-01     1.9773602456E+00     1.8367150909E-01    -6.7342984329E-01     3.0858425882E-01
    3.6990000000E+01     5.9614623749E-01     1.9706392185E+00     1.8584519901E-01    -6.7077677185E-01     3.0858425882E-01
    3.7000000000E+01     5.9801560139E-01     1.9639446861E+00     1.8802933651E-01    -6.6813091817E-01     3.0858425882E-01
    3.7010000000E+01     5.9990685960E-01     1.9572765761E+00     1.9022408789E-01    -6.6549226604E-01     3.0858425882E-01
    3.7020000000E+01     6.0182011908E-01     1.9506348168E+00     1.9242961990E-01    -6.6286079895E-01     3.0858425882E-01
    3.7030000000E+01     6.0375548849E-01     1.9440193363E+00     1.9464609974E-01    -6.6023650011E-01     3.0858425882E-01
    3.7040000000E+01     6.0571307813E-01     1.9374300630E+00     1.9687369510E-01    -6.5761935247E-01     3.0858425882E-01
    3.7050000000E+01     6.0769300000E-01     1.9308669254E+00     1.9911257419E-01    -6.5500933872E-01     3.0858425882E-01
    3.7060000000E+01     6.0969536779E-01     1.9243298525E+00     2.0136290571E-01    -6.5240644127E-01     3.0858425882E-01
    3.7070000000E+01     6.1172029685E-01     1.9178187730E+00     2.0362485890E-01    -6.4981064227E-01     3.0858425882E-01
    3.7080000000E+01     6.1376790427E-01     1.9113336160E+00     2.0589860355E-01    -6.4722192362E-01     3.0858425882E-01
    3.7090000000E+01     6.1583830880E-01     1.9048743109E+00     2.0818431003E-01    -6.4464026696E-01     3.0858425882E-01
    3.7100000000E+01     6.1793163091E-01     1.8984407872E+00     2.1048214927E-01    -6.4206565370E-01     3.0858425882E-01
    3.7110000000E+01     6.2004799280E-01     1.8920329744E+00     2.1279229283E-01    -6.3949806497E-01     3.0858425882E-01
    3.7120000000E+01     6.2218751836E-01     1.8856508025E+00     2.1511491286E-01    -6.3693748169E-01     3.0858425882E-01
    3.7130000000E+01     6.2435033322E-01     1.8792942015E+00     2.1745018216E-01    -6.3438388452E-01     3.0858425882E-01
    3.7140000000E+01     6.2653656474E-01     1.8729631016E+00     2.1979827418E-01    -6.3183725389E-01     3.0858425882E-01
    3.7150000000E+01     6.2874634202E-01     1.8666574333E+00     2.2215936303E-01    -6.2929757002E-01     3.0858425882E-01
    3.7160000000E+01     6.3097979591E-01     1.8603771271E+00     2.2453362350E-01    -6.2676481286E-01     3.0858425882E-01
    3.7170000000E+01     6.3323705898E-01     1.8541221140E+00     2.2692123109E-01    -6.2423896216E-01     3.0858425882E-01
    3.7180000000E+01     6.3551826561E-01     1.8478923249E+00     2.2932236202E-01    -6.2171999744E-01     3.0858425882E-01
    3.7190000000E+01     6.3782355189E-01     1.8416876912E+00     2.3173719322E-01    -6.1920789801E-01     3.0858425882E-01
    3.7200000000E+01     6.4015305573E-01     1.8355081442E+00     2.3416590238E-01    -6.1670264294E-01     3.0858425882E-01
    3.7210000000E+01     6.4250691679E-01     1.8293536156E+00     2.3660866796E-01    -6.1420421110E-01     3.0858425882E-01
    3.7220000000E+01     6.4488527654E-01     1.8232240373E+00     2.3906566921E-01    -6.1171258116E-01     3.0858425882E-01
    3.7230000000E+01     6.4728827823E-01     1.8171193414E+00     2.4153708613E-01    -6.0922773156E-01     3.0858425882E-01
    3.7240000000E+01     6.4971606692E-01     1.8110394601E+00     2.4402309959E-01    -6.0674964054E-01     3.0858425882E-01
    3.7250000000E+01     6.5216878948E-01     1.8049843261E+00     2.4652389124E-01    -6.0427828614E-01     3.0858425882E-01
    3.7260000000E+01     6.5464659461E-01     1.7989538720E+00     2.4903964360E-01    -6.0181364619E-01     3.0858425882E-01
    3.7270000000E+01     6.5714963284E-01     1.7929480309E+00     2.5157054005E-01    -5.9935569833E-01     3.0858425882E-01
    3.7280000000E+01     6.5967805651E-01     1.7869667358E+00     2.5411676483E-01    -5.9690441999E-01     3.0858425882E-01
    3.7290000000E+01     6.6223201984E-01     1.7810099203E+00     2.5667850307E-01    -5.9445978843E-01     3.0858425882E-01
    3.7300000000E+01     6.6481167890E-01     1.7750775180E+00     2.5925594083E-01    -5.9202178070E-01     3.0858425882E-01
    3.7310000000E+01     6.6741719161E-01     1.7691694627E+00     2.6184926507E-01    -5.8959037365E-01     3.0858425882E-01
    3.7320000000E+01     6.7004871778E-01     1.7632856886E+00     2.6445866368E-01    -5.8716554396E-01     3.0858425882E-01
    3.7330000000E+01     6.7270641910E-01     1.7574261300E+00     2.6708432552E-01    -5.8474726811E-01     3.0858425882E-01
    3.7340000000E+01     6.7539045914E-01     1.7515907214E+00     2.6972644042E-01    -5.8233552242E-01     3.0858425882E-01
    3.7350000000E+01     6.7810100339E-01     1.7457793978E+00     2.7238519918E-01    -5.7993028299E-01     3.0858425882E-01
    3.7360000000E+01     6.8083821924E-01     1.7399920942E+00     2.7506079361E-01    -5.7753152578E-01     3.0858425882E-01
    3.7370000000E+01     6.8360227602E-01     1.7342287458E+00     2.7775341652E-01    -5.7513922654E-01     3.0858425882E-01
    3.7380000000E+01     6.8639334498E-01     1.7284892882E+00     2.8046326176E-01    -5.7275336085E-01     3.0858425882E-01
    3.7390000000E+01     6.8921159931E-01     1.7227736572E+00     2.8319052423E-01    -5.7037390413E-01     3.0858425882E-01
    3.7400000000E+01     6.9205721417E-01     1.7170817888E+00     2.8593539988E-01    -5.6800083160E-01     3.0858425882E-01
    3.7410000000E+01     6.9493036668E-01     1.7114136194E+00     2.8869808573E-01    -5.6563411834E-01     3.0858425882E-01
    3.7420000000E+01     6.9783123592E-01     1.7057690854E+00     2.9147877990E-01    -5.6327373924E-01     3.0858425882E-01
    3.7430000000E+01     7.0076000297E-01     1.7001481236E+00     2.9427768162E-01    -5.6091966901E-01     3.0858425882E-01
    3.7440000000E+01     7.0371685091E-01     1.6945506710E+00     2.9709499123E-01    -5.5857188222E-01     3.0858425882E-01
    3.7450000000E+01     7.0670196482E-01     1.6889766651E+00     2.9993091021E-01    -5.5623035325E-01     3.0858425882E-01
    3.7460000000E+01     7.0971553182E-01     1.6834260432E+00     3.0278564119E-01    -5.5389505632E-01     3.0858425882E-01
    3.7470000000E+01     7.1275774103E-01     1.6778987432E+00     3.0565938797E-01    -5.5156596551E-01     3.0858425882E-01
    3.7480000000E+01     7.1582878365E-01     1.6723947033E+00     3.0855235552E-01    -5.4924305469E-01     3.0858425882E-01
    3.7490000000E+01     7.1892885290E-01     1.6669138616E+00     3.1146475002E-01    -5.4692629761E-01     3.0858425882E-01
    3.7500000000E+01     7.2205814409E-01     1.6614561569E+00     3.1439677885E-01    -5.4461566785E-01     3.0858425882E-01
    3.7510000000E+01     7.2521685462E-01     1.6560215279E+00     3.1734865061E-01    -5.4231113881E-01     3.0858425882E-01
    3.7520000000E+01     7.2840518395E-01     1.6506099139E+00     3.2032057516E-01    -5.4001268376E-01     3.0858425882E-01
    3.7530000000E+01     7.3162333367E-01     1.6452212541E+00     3.2331276361E-01    -5.3772027579E-01     3.0858425882E-01
    3.7540000000E+01     7.3487150748E-01     1.6398554883E+00     3.2632542833E-01    -5.3543388785E-01     3.0858425882E-01
    3.7550000000E+01     7.3814991120E-01     1.6345125564E+00     3.2935878298E-01    -5.3315349272E-01     3.0858425882E-01
    3.7560000000E+01     7.4145875282E-01     1.6291923986E+00     3.3241304253E-01    -5.3087906303E-01     3.0858425882E-01
    3.7570000000E+01     7.4479824246E-01     1.6238949553E+00     3.3548842324E-01    -5.2861057126E-01     3.0858425882E-01
    3.7580000000E+01     7.4816859241E-01     1.6186201674E+00     3.3858514273E-01    -5.2634798974E-01     3.0858425882E-01
    3.7590000000E+01     7.5157001717E-01     1.6133679759E+00     3.4170341994E-01    -5.2409129063E-01     3.0858425882E-01
    3.7600000000E+01     7.5500273340E-01     1.6081383221E+00     3.4484347519E-01    -5.2184044595E-01     3.0858425882E-01
    3.7610000000E+01     7.5846696000E-01     1.6029311476E+00     3.4800553016E-01    -5.1959542757E-01     3.0858425882E-01
    3.7620000000E+01     7.6196291808E-01     1.5977463942E+00     3.5118980793E-01    -5.1735620720E-01     3.0858425882E-01
    3.7630000000E+01     7.6549083099E-01     1.5925840042E+00     3.5439653297E-01    -5.1512275640E-01     3.0858425882E-01
    3.7640000000E+01     7.6905092432E-01     1.5874439200E+00     3.5762593117E-01    -5.1289504659E-01     3.0858425882E-01
    3.7650000000E+01     7.7264342595E-01     1.5823260842E+00     3.6087822987E-01    -5.1067304902E-01     3.0858425882E-01
    3.7660000000E+01     7.7626856601E-01     1.5772304400E+00     3.6415365783E-01    -5.0845673482E-01     3.0858425882E-01
    3.7670000000E+01     7.7992657697E-01     1.5721569307E+00     3.6745244530E-01    -5.0624607493E-01     3.0858425882E-01
    3.7680000000E+01     7.8361769356E-01     1.5671054998E+00     3.7077482399E-01    -5.0404104018E-01     3.0858425882E-01
    3.7690000000E+01     7.8734215286E-01     1.5620760912E+00     3.7412102711E-01    -5.0184160123E-01     3.0858425882E-01
    3.7700000000E+01     7.9110019430E-01     1.5570686492E+00     3.7749128936E-01    -4.9964772859E-01     3.0858425882E-01
    3.7710000000E+01     7.9489205963E-01     1.5520831182E+00     3.8088584698E-01    -4.9745939263E-01     3.0858425882E-01
    3.7720000000E+01     7.9871799301E-01     1.5471194430E+00     3.8430493773E-01    -4.9527656355E-01     3.0858425882E-01
    3.7730000000E+01     8.0257824096E-01     1.5421775687E+00     3.8774880093E-01    -4.9309921144E-01     3.0858425882E-01
    3.7740000000E+01     8.0647305241E-01     1.5372574406E+00     3.9121767746E-01    -4.9092730620E-01     3.0858425882E-01
    3.7750000000E+01     8.1040267870E-01     1.5323590045E+00     3.9471180978E-01    -4.8876081760E-01     3.0858425882E-01
    3.7760000000E+01     8.1436737360E-01     1.5274822063E+00     3.9823144193E-01    -4.8659971527E-01     3.0858425882E-01
    3.7770000000E+01     8.1836739335E-01     1.5226269923E+00     4.0177681958E-01    -4.8444396866E-01     3.0858425882E-01
    3.7780000000E+01     8.2240299664E-01     1.5177933092E+00     4.0534819000E-01    -4.8229354710E-01     3.0858425882E-01
    3.7790000000E+01     8.2647444463E-01     1.5129811037E+00     4.0894580211E-01    -4.8014841975E-01     3.0858425882E-01
    3.7800000000E+01     8.3058200099E-01     1.5081903232E+00     4.1256990647E-01    -4.7800855564E-01     3.0858425882E-01
    3.7810000000E+01     8.3472593190E-01     1.5034209152E+00     4.1622075530E-01    -4.7587392363E-01     3.0858425882E-01
    3.7820000000E+01     8.3890650609E-01     1.4986728274E+00     4.1989860252E-01    -4.7374449243E-01     3.0858425882E-01
    3.7830000000E+01     8.4312399480E-01     1.4939460081E+00     4.2360370373E-01    -4.7162023061E-01     3.0858425882E-01
    3.7840000000E+01     8.4737867187E-01     1.4892404057E+00     4.2733631622E-01    -4.6950110657E-01     3.0858425882E-01
    3.7850000000E+01     8.5167081369E-01     1.4845559690E+00     4.3109669904E-01    -4.6738708858E-01     3.0858425882E-01
    3.7860000000E+01     8.5600069928E-01     1.4798926470E+00     4.3488511293E-01    -4.6527814473E-01     3.0858425882E-01
    3.7870000000E+01     8.6036861026E-01     1.4752503893E+00     4.3870182041E-01    -4.6317424299E-01     3.0858425882E-01
    3.7880000000E+01     8.6477483088E-01     1.4706291455E+00     4.4254708575E-01    -4.6107535113E-01     3.0858425882E-01
    3.7890000000E+01     8.6921964806E-01     1.4660288656E+00     4.4642117501E-01    -4.5898143680E-01     3.0858425882E-01
    3.7900000000E+01     8.7370335136E-01     1.4614495002E+00     4.5032435601E-01    -4.5689246747E-01     3.0858425882E-01
    3.7910000000E+01     8.7822623305E-01     1.4568909999E+00     4.5425689842E-01    -4.5480841049E-01     3.0858425882E-01
    3.7920000000E+01     8.8278858810E-01     1.4523533158E+00     4.5821907369E-01    -4.5272923300E-01     3.0858425882E-01
    3.7930000000E+01     8.8739071421E-01     1.4478363991E+00     4.6221115512E-01    -4.5065490202E-01     3.0858425882E-01
    3.7940000000E+01     8.9203291181E-01     1.4433402017E+00     4.6623341786E-01    -4.4858538439E-01     3.0858425882E-01
    3.7950000000E+01     8.9671548409E-01     1.4388646755E+00     4.7028613889E-01    -4.4652064679E-01     3.0858425882E-01
    3.7960000000E+01     9.0143873704E-01     1.4344097729E+00     4.7436959711E-01    -4.4446065576E-01     3.0858425882E-01
    3.7970000000E+01     9.0620297943E-01     1.4299754467E+00     4.7848407326E-01    -4.4240537764E-01     3.0858425882E-01
    3.7980000000E+01     9.1100852284E-01     1.4255616498E+00     4.8262985002E-01    -4.4035477863E-01     3.0858425882E-01
    3.7990000000E+01     9.1585568171E-01     1.4211683356E+00     4.8680721195E-01    -4.3830882476E-01     3.0858425882E-01
    3.8000000000E+01     9.2074477332E-01     1.4167954579E+00     4.9101644556E-01    -4.3626748189E-01     3.0858425882E-01
    3.8010000000E+01     9.2567611782E-01     1.4124429707E+00     4.9525783929E-01    -4.3423071571E-01     3.0858425882E-01
    3.8020000000E+01     9.3065003827E-01     1.4081108284E+00     4.9953168355E-01    -4.3219849174E-01     3.0858425882E-01
    3.8030000000E+01     9.3566686064E-01     1.4037989859E+00     5.0383827068E-01    -4.3017077534E-01     3.0858425882E-01
    3.8040000000E+01     9.4072691381E-01     1.3995073980E+00     5.0817789503E-01    -4.2814753167E-01     3.0858425882E-01
    3.8050000000E+01     9.4583052965E-01     1.3952360204E+00     5.1255085294E-01    -4.2612872575E-01     3.0858425882E-01
    3.8060000000E+01     9.5097804298E-01     1.3909848088E+00     5.1695744274E-01    -4.2411432240E-01     3.0858425882E-01
    3.8070000000E+01     9.5616979161E-01     1.3867537194E+00     5.2139796481E-01    -4.2210428628E-01     3.0858425882E-01
    3.8080000000E+01     9.6140611639E-01     1.3825427087E+00     5.2587272151E-01    -4.2009858184E-01     3.0858425882E-01
    3.8090000000E+01     9.6668736117E-01     1.3783517335E+00     5.3038201729E-01    -4.1809717339E-01     3.0858425882E-01
    3.8100000000E+01     9.7201387288E-01     1.3741807510E+00     5.3492615864E-01    -4.1610002502E-01     3.0858425882E-01
    3.8110000000E+01     9.7738600152E-01     1.3700297189E+00     5.3950545411E-01    -4.1410710066E-01     3.0858425882E-01
    3.8120000000E+01     9.8280410018E-01     1.3658985950E+00     5.4412021435E-01    -4.1211836405E-01     3.0858425882E-01
    3.8130000000E+01     9.8826852507E-01     1.3617873378E+00     5.4877075207E-01    -4.1013377873E-01     3.0858425882E-01
    3.8140000000E+01     9.9377963553E-01     1.3576959057E+00     5.5345738213E-01    -4.0815330806E-01     3.0858425882E-01
    3.8150000000E+01     9.9933779407E-01     1.3536242580E+00     5.5818042148E-01    -4.0617691520E-01     3.0858425882E-01
    3.8160000000E+01     1.0049433664E+00     1.3495723540E+00     5.6294018919E-01    -4.0420456313E-01     3.0858425882E-01
    3.8170000000E+01     1.0105967214E+00     1.3455401534E+00     5.6773700650E-01    -4.0223621461E-01     3.0858425883E-01
    3.8180000000E+01     1.0162982311E+00     1.3415276165E+00     5.7257119677E-01    -4.0027183223E-01     3.0858425883E-01
    3.8190000000E+01     1.0220482710E+00     1.3375347037E+00     5.7744308556E-01    -3.9831137834E-01     3.0858425883E-01
    3.8200000000E+01     1.0278472196E+00     1.3335613759E+00     5.8235300057E-01    -3.9635481513E-01     3.0858425883E-01
    3.8210000000E+01     1.0336954588E+00     1.3296075945E+00     5.8730127171E-01    -3.9440210456E-01     3.0858425883E-01
    3.8220000000E+01     1.0395933740E+00     1.3256733211E+00     5.9228823108E-01    -3.9245320838E-01     3.0858425883E-01
    3.8230000000E+01     1.0455413535E+00     1.3217585178E+00     5.9731421299E-01    -3.9050808814E-01     3.0858425883E-01
    3.8240000000E+01     1.0515397894E+00     1.3178631469E+00     6.0237955397E-01    -3.8856670516E-01     3.0858425883E-01
    3.8250000000E+01     1.0575890769E+00     1.3139871713E+00     6.0748459277E-01    -3.8662902057E-01     3.0858425883E-01
    3.8260000000E+01     1.0636896147E+00     1.3101305543E+00     6.1262967039E-01    -3.8469499526E-01     3.0858425883E-01
    3.8270000000E+01     1.0698418049E+00     1.3062932594E+00     6.1781513008E-01    -3.8276458991E-01     3.0858425883E-01
    3.8280000000E+01     1.0760460531E+00     1.3024752506E+00     6.2304131735E-01    -3.8083776496E-01     3.0858425883E-01
    3.8290000000E+01     1.0823027682E+00     1.2986764923E+00     6.2830857999E-01    -3.7891448065E-01     3.0858425883E-01
    3.8300000000E+01     1.0886123628E+00     1.2948969493E+00     6.3361726805E-01    -3.7699469696E-01     3.0858425883E-01
    3.8310000000E+01     1.0949752528E+00     1.2911365868E+00     6.3896773388E-01    -3.7507837366E-01     3.0858425883E-01
    3.8320000000E+01     1.1013918579E+00     1.2873953704E+00     6.4436033214E-01    -3.7316547028E-01     3.0858425883E-01
    3.8330000000E+01     1.1078626011E+00     1.2836732661E+00     6.4979541978E-01    -3.7125594609E-01     3.0858425883E-01
    3.8340000000E+01     1.1143879091E+00     1.2799702404E+00     6.5527335608E-01    -3.6934976015E-01     3.0858425883E-01
    3.8350000000E+01     1.1209682122E+00     1.2762862599E+00     6.6079450263E-01    -3.6744687126E-01     3.0858425883E-01
    3.8360000000E+01     1.1276039444E+00     1.2726212921E+00     6.6635922338E-01    -3.6554723796E-01     3.0858425883E-01
    3.8370000000E+01     1.1342955432E+00     1.2689753045E+00     6.7196788460E-01    -3.6365081856E-01     3.0858425883E-01
    3.8380000000E+01     1.1410434498E+00     1.2653482651E+00     6.7762085492E-01    -3.6175757109E-01     3.0858425883E-01
    3.8390000000E+01     1.1478481092E+00     1.2617401426E+00     6.8331850534E-01    -3.5986745334E-01     3.0858425883E-01
    3.8400000000E+01     1.1547099701E+00     1.2581509058E+00     6.8906120919E-01    -3.5798042283E-01     3.0858425883E-01
    3.8410000000E+01     1.1616294848E+00     1.2545805240E+00     6.9484934221E-01    -3.5609643682E-01     3.0858425883E-01
    3.8420000000E+01     1.1686071096E+00     1.2510289670E+00     7.0068328250E-01    -3.5421545229E-01     3.0858425883E-01
    3.8430000000E+01     1.1756433044E+00     1.2474962051E+00     7.0656341055E-01    -3.5233742595E-01     3.0858425883E-01
    3.8440000000E+01     1.1827385331E+00     1.2439822088E+00     7.1249010926E-01    -3.5046231424E-01     3.0858425883E-01
    3.8450000000E+01     1.1898932631E+00     1.2404869492E+00     7.1846376389E-01    -3.4859007330E-01     3.0858425883E-01
    3.8460000000E+01     1.1971079662E+00     1.2370103979E+00     7.2448476215E-01    -3.4672065901E-01     3.0858425883E-01
    3.8470000000E+01     1.2043831175E+00     1.2335525268E+00     7.3055349413E-01    -3.4485402693E-01     3.0858425883E-01
    3.8480000000E+01     1.2117191965E+00     1.2301133082E+00     7.3667035234E-01    -3.4299013236E-01     3.0858425883E-01
    3.8490000000E+01     1.2191166863E+00     1.2266927152E+00     7.4283573171E-01    -3.4112893026E-01     3.0858425883E-01
    3.8500000000E+01     1.2265760742E+00     1.2232907208E+00     7.4905002961E-01    -3.3927037534E-01     3.0858425883E-01
    3.8510000000E+01     1.2340978513E+00     1.2199072990E+00     7.5531364583E-01    -3.3741442195E-01     3.0858425883E-01
    3.8520000000E+01     1.2416825128E+00     1.2165424239E+00     7.6162698257E-01    -3.3556102416E-01     3.0858425883E-01
    3.8530000000E+01     1.2493305580E+00     1.2131960701E+00     7.6799044450E-01    -3.3371013573E-01     3.0858425883E-01
    3.8540000000E+01     1.2570424901E+00     1.2098682129E+00     7.7440443870E-01    -3.3186171006E-01     3.0858425883E-01
    3.8550000000E+01     1.2648188166E+00     1.2065588279E+00     7.8086937471E-01    -3.3001570027E-01     3.0858425883E-01
    3.8560000000E+01     1.2726600488E+00     1.2032678910E+00     7.8738566452E-01    -3.2817205912E-01     3.0858425883E-01
    3.8570000000E+01     1.2805667024E+00     1.1999953790E+00     7.9395372253E-01    -3.2633073905E-01     3.0858425883E-01
    3.8580000000E+01     1.2885392972E+00     1.1967412687E+00     8.0057396562E-01    -3.2449169214E-01     3.0858425883E-01
    3.8590000000E+01     1.2965783571E+00     1.1935055377E+00     8.0724681310E-01    -3.2265487015E-01     3.0858425883E-01
    3.8600000000E+01     1.3046844102E+00     1.1902881640E+00     8.1397268674E-01    -3.2082022448E-01     3.0858425883E-01
    3.8610000000E+01     1.3128579890E+00     1.1870891261E+00     8.2075201074E-01    -3.1898770616E-01     3.0858425883E-01
    3.8620000000E+01     1.3210996300E+00     1.1839084030E+00     8.2758521177E-01    -3.1715726587E-01     3.0858425883E-01
    3.8630000000E+01     1.3294098742E+00     1.1807459740E+00     8.3447271893E-01    -3.1532885393E-01     3.0858425883E-01
    3.8640000000E+01     1.3377892669E+00     1.1776018193E+00     8.4141496376E-01    -3.1350242027E-01     3.0858425883E-01
    3.8650000000E+01     1.3462383574E+00     1.1744759192E+00     8.4841238025E-01    -3.1167791445E-01     3.0858425883E-01
    3.8660000000E+01     1.3547576998E+00     1.1713682547E+00     8.5546540483E-01    -3.0985528565E-01     3.0858425883E-01
    3.8670000000E+01     1.3633478523E+00     1.1682788074E+00     8.6257447637E-01    -3.0803448266E-01     3.0858425883E-01
    3.8680000000E+01     1.3720093777E+00     1.1652075592E+00     8.6974003617E-01    -3.0621545386E-01     3.0858425883E-01
    3.8690000000E+01     1.3807428428E+00     1.1621544926E+00     8.7696252796E-01    -3.0439814724E-01     3.0858425883E-01
    3.8700000000E+01     1.3895488195E+00     1.1591195907E+00     8.8424239788E-01    -3.0258251038E-01     3.0858425883E-01
    3.8710000000E+01     1.3984278836E+00     1.1561028370E+00     8.9158009451E-01    -3.0076849045E-01     3.0858425883E-01
    3.8720000000E+01     1.4073806156E+00     1.1531042157E+00     8.9897606882E-01    -2.9895603417E-01     3.0858425883E-01
    3.8730000000E+01     1.4164076007E+00     1.1501237113E+00     9.0643077421E-01    -2.9714508787E-01     3.0858425883E-01
    3.8740000000E+01     1.4255094284E+00     1.1471613090E+00     9.1394466646E-01    -2.9533559742E-01     3.0858425883E-01
    3.8750000000E+01     1.4346866928E+00     1.1442169947E+00     9.2151820375E-01    -2.9352750827E-01     3.0858425883E-01
    3.8760000000E+01     1.4439399928E+00     1.1412907544E+00     9.2915184662E-01    -2.9172076539E-01     3.0858425883E-01
    3.8770000000E+01     1.4532699317E+00     1.1383825750E+00     9.3684605802E-01    -2.8991531331E-01     3.0858425883E-01
    3.8780000000E+01     1.4626771174E+00     1.1354924440E+00     9.4460130323E-01    -2.8811109612E-01     3.0858425883E-01
    3.8790000000E+01     1.4721621627E+00     1.1326203492E+00     9.5241804988E-01    -2.8630805739E-01     3.0858425883E-01
    3.8800000000E+01     1.4817256850E+00     1.1297662791E+00     9.6029676797E-01    -2.8450614027E-01     3.0858425883E-01
    3.8810000000E+01     1.4913683062E+00     1.1269302228E+00     9.6823792979E-01    -2.8270528737E-01     3.0858425883E-01
    3.8820000000E+01     1.5010906533E+00     1.1241121700E+00     9.7624200997E-01    -2.8090544084E-01     3.0858425883E-01
    3.8830000000E+01     1.5108933578E+00     1.1213121109E+00     9.8430948543E-01    -2.7910654232E-01     3.0858425883E-01
    3.8840000000E+01     1.5207770559E+00     1.1185300362E+00     9.9244083536E-01    -2.7730853294E-01     3.0858425883E-01
    3.8850000000E+01     1.5307423890E+00     1.1157659374E+00     1.0006365412E+00    -2.7551135331E-01     3.0858425883E-01
    3.8860000000E+01     1.5407900029E+00     1.1130198066E+00     1.0088970868E+00    -2.7371494353E-01     3.0858425883E-01
    3.8870000000E+01     1.5509205485E+00     1.1102916362E+00     1.0172229580E+00    -2.7191924314E-01     3.0858425883E-01
    3.8880000000E+01     1.5611346814E+00     1.1075814195E+00     1.0256146430E+00    -2.7012419116E-01     3.0858425883E-01
    3.8890000000E+01     1.5714330624E+00     1.1048891504E+00     1.0340726321E+00    -2.6832972605E-01     3.0858425883E-01
    3.8900000000E+01     1.5818163567E+00     1.1022148233E+00     1.0425974180E+00    -2.6653578570E-01     3.0858425883E-01
    3.8910000000E+01     1.5922852350E+00     1.0995584332E+00     1.0511894952E+00    -2.6474230745E-01     3.0858425883E-01
    3.8920000000E+01     1.6028403726E+00     1.0969199758E+00     1.0598493608E+00    -2.6294922805E-01     3.0858425883E-01
    3.8930000000E+01     1.6134824499E+00     1.0942994475E+00     1.0685775135E+00    -2.6115648366E-01     3.0858425883E-01
    3.8940000000E+01     1.6242121522E+00     1.0916968452E+00     1.0773744544E+00    -2.5936400984E-01     3.0858425883E-01
    3.8950000000E+01     1.6350301699E+00     1.0891121666E+00     1.0862406866E+00    -2.5757174156E-01     3.0858425883E-01
    3.8960000000E+01     1.6459371985E+00     1.0865454099E+00     1.0951767152E+00    -2.5577961316E-01     3.0858425883E-01
    3.8970000000E+01     1.6569339386E+00     1.0839965741E+00     1.1041830472E+00    -2.5398755835E-01     3.0858425883E-01
    3.8980000000E+01     1.6680210955E+00     1.0814656587E+00     1.1132601919E+00    -2.5219551021E-01     3.0858425883E-01
    3.8990000000E+01     1.6791993801E+00     1.0789526641E+00     1.1224086603E+00    -2.5040340116E-01     3.0858425883E-01
    3.9000000000E+01     1.6904695082E+00     1.0764575911E+00     1.1316289651E+00    -2.4861116299E-01     3.0858425883E-01
    3.9010000000E+01     1.7018322006E+00     1.0739804415E+00     1.1409216214E+00    -2.4681872678E-01     3.0858425883E-01
    3.9020000000E+01     1.7132881835E+00     1.0715212175E+00     1.1502871457E+00    -2.4502602297E-01     3.0858425883E-01
    3.9030000000E+01     1.7248381882E+00     1.0690799222E+00     1.1597260566E+00    -2.4323298127E-01     3.0858425883E-01
    3.9040000000E+01     1.7364829510E+00     1.0666565592E+00     1.1692388742E+00    -2.4143953073E-01     3.0858425883E-01
    3.9050000000E+01     1.7482232137E+00     1.0642511332E+00     1.1788261206E+00    -2.3964559964E-01     3.0858425883E-01
    3.9060000000E+01     1.7600597233E+00     1.0618636491E+00     1.1884883194E+00    -2.3785111560E-01     3.0858425883E-01
    3.9070000000E+01     1.7719932317E+00     1.0594941129E+00     1.1982259960E+00    -2.3605600546E-01     3.0858425883E-01
    3.9080000000E+01     1.7840244965E+00     1.0571425313E+00     1.2080396773E+00    -2.3426019531E-01     3.0858425883E-01
    3.9090000000E+01     1.7961542804E+00     1.0548089116E+00     1.2179298918E+00    -2.3246361049E-01     3.0858425883E-01
    3.9100000000E+01     1.8083833512E+00     1.0524932619E+00     1.2278971695E+00    -2.3066617556E-01     3.0858425883E-01
    3.9110000000E+01     1.8207124824E+00     1.0501955912E+00     1.2379420419E+00    -2.2886781429E-01     3.0858425883E-01
    3.9120000000E+01     1.8331424525E+00     1.0479159090E+00     1.2480650420E+00    -2.2706844966E-01     3.0858425883E-01
    3.9130000000E+01     1.8456740455E+00     1.0456542258E+00     1.2582667040E+00    -2.2526800381E-01     3.0858425883E-01
    3.9140000000E+01     1.8583080506E+00     1.0434105528E+00     1.2685475635E+00    -2.2346639809E-01     3.0858425883E-01
    3.9150000000E+01     1.8710452625E+00     1.0411849020E+00     1.2789081575E+00    -2.2166355296E-01     3.0858425883E-01
    3.9160000000E+01     1.8838864813E+00     1.0389772861E+00     1.2893490239E+00    -2.1985938808E-01     3.0858425883E-01
    3.9170000000E+01     1.8968325124E+00     1.0367877189E+00     1.2998707022E+00    -2.1805382219E-01     3.0858425883E-01
    3.9180000000E+01     1.9098841665E+00     1.0346162146E+00     1.3104737325E+00    -2.1624677318E-01     3.0858425883E-01
    3.9190000000E+01     1.9230422600E+00     1.0324627886E+00     1.3211586562E+00    -2.1443815801E-01     3.0858425883E-01
    3.9200000000E+01     1.9363076144E+00     1.0303274570E+00     1.3319260158E+00    -2.1262789276E-01     3.0858425883E-01
    3.9210000000E+01     1.9496810569E+00     1.0282102366E+00     1.3427763543E+00    -2.1081589255E-01     3.0858425883E-01
    3.9220000000E+01     1.9631634199E+00     1.0261111452E+00     1.3537102159E+00    -2.0900207157E-01     3.0858425883E-01
    3.9230000000E+01     1.9767555414E+00     1.0240302015E+00     1.3647281454E+00    -2.0718634306E-01     3.0858425883E-01
    3.9240000000E+01     1.9904582649E+00     1.0219674250E+00     1.3758306884E+00    -2.0536861924E-01     3.0858425883E-01
    3.9250000000E+01     2.0042724391E+00     1.0199228360E+00     1.3870183909E+00    -2.0354881139E-01     3.0858425883E-01
    3.9260000000E+01     2.0181989184E+00     1.0178964560E+00     1.3982917996E+00    -2.0172682975E-01     3.0858425883E-01
    3.9270000000E+01     2.0322385626E+00     1.0158883070E+00     1.4096514617E+00    -1.9990258352E-01     3.0858425883E-01
    3.9280000000E+01     2.0463922369E+00     1.0138984122E+00     1.4210979247E+00    -1.9807598090E-01     3.0858425883E-01
    3.9290000000E+01     2.0606608122E+00     1.0119267955E+00     1.4326317365E+00    -1.9624692898E-01     3.0858425883E-01
    3.9300000000E+01     2.0750451647E+00     1.0099734821E+00     1.4442534450E+00    -1.9441533379E-01     3.0858425883E-01
    3.9310000000E+01     2.0895461759E+00     1.0080384977E+00     1.4559635983E+00    -1.9258110027E-01     3.0858425883E-01
    3.9320000000E+01     2.1041647333E+00     1.0061218692E+00     1.4677627448E+00    -1.9074413222E-01     3.0858425883E-01
    3.9330000000E+01     2.1189017293E+00     1.0042236245E+00     1.4796514324E+00    -1.8890433234E-01     3.0858425883E-01
    3.9340000000E+01     2.1337580622E+00     1.0023437923E+00     1.4916302093E+00    -1.8706160213E-01     3.0858425883E-01
    3.9350000000E+01     2.1487346356E+00     1.0004824025E+00     1.5036996229E+00    -1.8521584195E-01     3.0858425883E-01
    3.9360000000E+01     2.1638323586E+00     9.9863948590E-01     1.5158602208E+00    -1.8336695094E-01     3.0858425883E-01
    3.9370000000E+01     2.1790521458E+00     9.9681507427E-01     1.5281125498E+00    -1.8151482705E-01     3.0858425883E-01
    3.9380000000E+01     2.1943949172E+00     9.9500920048E-01     1.5404571561E+00    -1.7965936698E-01     3.0858425883E-01
    3.9390000000E+01     2.2098615983E+00     9.9322189840E-01     1.5528945854E+00    -1.7780046617E-01     3.0858425883E-01
    3.9400000000E+01     2.2254531201E+00     9.9145320298E-01     1.5654253825E+00    -1.7593801879E-01     3.0858425883E-01
    3.9410000000E+01     2.2411704190E+00     9.8970315021E-01     1.5780500914E+00    -1.7407191770E-01     3.0858425883E-01
    3.9420000000E+01     2.2570144368E+00     9.8797177716E-01     1.5907692548E+00    -1.7220205444E-01     3.0858425883E-01
    3.9430000000E+01     2.2729861208E+00     9.8625912202E-01     1.6035834145E+00    -1.7032831923E-01     3.0858425883E-01
    3.9440000000E+01     2.2890864236E+00     9.8456522406E-01     1.6164931109E+00    -1.6845060087E-01     3.0858425883E-01
    3.9450000000E+01     2.3053163032E+00     9.8289012366E-01     1.6294988830E+00    -1.6656878683E-01     3.0858425883E-01
    3.9460000000E+01     2.3216767233E+00     9.8123386235E-01     1.6426012683E+00    -1.6468276311E-01     3.0858425883E-01
    3.9470000000E+01     2.3381686524E+00     9.7959648281E-01     1.6558008024E+00    -1.6279241431E-01     3.0858425883E-01
    3.9480000000E+01     2.3547930649E+00     9.7797802887E-01     1.6690980194E+00    -1.6089762355E-01     3.0858425883E-01
    3.9490000000E+01     2.3715509402E+00     9.7637854554E-01     1.6824934512E+00    -1.5899827245E-01     3.0858425883E-01
    3.9500000000E+01     2.3884432631E+00     9.7479807902E-01     1.6959876275E+00    -1.5709424114E-01     3.0858425883E-01
    3.9510000000E+01     2.4054710237E+00     9.7323667673E-01     1.7095810760E+00    -1.5518540819E-01     3.0858425883E-01
    3.9520000000E+01     2.4226352173E+00     9.7169438728E-01     1.7232743218E+00    -1.5327165061E-01     3.0858425883E-01
    3.9530000000E+01     2.4399368445E+00     9.7017126054E-01     1.7370678873E+00    -1.5135284381E-01     3.0858425883E-01
    3.9540000000E+01     2.4573769111E+00     9.6866734765E-01     1.7509622924E+00    -1.4942886159E-01     3.0858425883E-01
    3.9550000000E+01     2.4749564282E+00     9.6718270099E-01     1.7649580538E+00    -1.4749957609E-01     3.0858425883E-01
    3.9560000000E+01     2.4926764118E+00     9.6571737424E-01     1.7790556853E+00    -1.4556485777E-01     3.0858425883E-01
    3.9570000000E+01     2.5105378832E+00     9.6427142238E-01     1.7932556973E+00    -1.4362457540E-01     3.0858425883E-01
    3.9580000000E+01     2.5285418687E+00     9.6284490172E-01     1.8075585967E+00    -1.4167859598E-01     3.0858425883E-01
    3.9590000000E+01     2.5466893997E+00     9.6143786990E-01     1.8219648870E+00    -1.3972678478E-01     3.0858425883E-01
    3.9600000000E+01     2.5649815127E+00     9.6005038592E-01     1.8364750675E+00    -1.3776900525E-01     3.0858425883E-01
    3.9610000000E+01     2.5834192490E+00     9.5868251015E-01     1.8510896338E+00    -1.3580511902E-01     3.0858425883E-01
    3.9620000000E+01     2.6020036550E+00     9.5733430436E-01     1.8658090769E+00    -1.3383498584E-01     3.0858425883E-01
    3.9630000000E+01     2.6207357818E+00     9.5600583173E-01     1.8806338836E+00    -1.3185846361E-01     3.0858425883E-01
    3.9640000000E+01     2.6396166855E+00     9.5469715687E-01     1.8955645361E+00    -1.2987540826E-01     3.0858425883E-01
    3.9650000000E+01     2.6586474269E+00     9.5340834583E-01     1.9106015114E+00    -1.2788567379E-01     3.0858425883E-01
    3.9660000000E+01     2.6778290717E+00     9.5213946615E-01     1.9257452818E+00    -1.2588911218E-01     3.0858425883E-01
    3.9670000000E+01     2.6971626901E+00     9.5089058684E-01     1.9409963138E+00    -1.2388557342E-01     3.0858425883E-01
    3.9680000000E+01     2.7166493571E+00     9.4966177844E-01     1.9563550688E+00    -1.2187490539E-01     3.0858425883E-01
    3.9690000000E+01     2.7362901521E+00     9.4845311301E-01     1.9718220021E+00    -1.1985695392E-01     3.0858425883E-01
    3.9700000000E+01     2.7560861592E+00     9.4726466416E-01     1.9873975631E+00    -1.1783156267E-01     3.0858425883E-01
    3.9710000000E+01     2.7760384669E+00     9.4609650709E-01     2.0030821948E+00    -1.1579857313E-01     3.0858425883E-01
    3.9720000000E+01     2.7961481681E+00     9.4494871856E-01     2.0188763336E+00    -1.1375782459E-01     3.0858425883E-01
    3.9730000000E+01     2.8164163600E+00     9.4382137700E-01     2.0347804092E+00    -1.1170915409E-01     3.0858425883E-01
    3.9740000000E+01     2.8368441442E+00     9.4271456244E-01     2.0507948441E+00    -1.0965239637E-01     3.0858425883E-01
    3.9750000000E+01     2.8574326262E+00     9.4162835659E-01     2.0669200536E+00    -1.0758738385E-01     3.0858425883E-01
    3.9760000000E+01     2.8781829158E+00     9.4056284285E-01     2.0831564452E+00    -1.0551394658E-01     3.0858425883E-01
    3.9770000000E+01     2.8990961270E+00     9.3951810632E-01     2.0995044184E+00    -1.0343191220E-01     3.0858425883E-01
    3.9780000000E+01     2.9201733774E+00     9.3849423384E-01     2.1159643646E+00    -1.0134110588E-01     3.0858425883E-01
    3.9790000000E+01     2.9414157888E+00     9.3749131403E-01     2.1325366665E+00    -9.9241350315E-02     3.0858425883E-01
    3.9800000000E+01     2.9628244865E+00     9.3650943727E-01     2.1492216982E+00    -9.7132465645E-02     3.0858425883E-01
    3.9810000000E+01     2.9844005998E+00     9.3554869575E-01     2.1660198243E+00    -9.5014269430E-02     3.0858425883E-01
    3.9820000000E+01     3.0061452612E+00     9.3460918353E-01     2.1829314001E+00    -9.2886576598E-02     3.0858425883E-01
    3.9830000000E+01     3.0280596071E+00     9.3369099650E-01     2.1999567710E+00    -9.0749199401E-02     3.0858425883E-01
    3.9840000000E+01     3.0501447771E+00     9.3279423246E-01     2.2170962723E+00    -8.8601947364E-02     3.0858425883E-01
    3.9850000000E+01     3.0724019140E+00     9.3191899112E-01     2.2343502286E+00    -8.6444627242E-02     3.0858425883E-01
    3.9860000000E+01     3.0948321642E+00     9.3106537413E-01     2.2517189539E+00    -8.4277042970E-02     3.0858425883E-01
    3.9870000000E+01     3.1174366767E+00     9.3023348513E-01     2.2692027506E+00    -8.2098995609E-02     3.0858425883E-01
    3.9880000000E+01     3.1402166037E+00     9.2942342977E-01     2.2868019097E+00    -7.9910283301E-02     3.0858425883E-01
    3.9890000000E+01     3.1631731004E+00     9.2863531570E-01     2.3045167101E+00    -7.7710701213E-02     3.0858425883E-01
    3.9900000000E+01     3.1863073243E+00     9.2786925267E-01     2.3223474184E+00    -7.5500041490E-02     3.0858425883E-01
    3.9910000000E+01     3.2096204359E+00     9.2712535250E-01     2.3402942883E+00    -7.3278093194E-02     3.0858425883E-01
    3.9920000000E+01     3.2331135981E+00     9.2640372914E-01     2.3583575603E+00    -7.1044642257E-02     3.0858425883E-01
    3.9930000000E+01     3.2567879759E+00     9.2570449872E-01     2.3765374612E+00    -6.8799471421E-02     3.0858425883E-01
    3.9940000000E+01     3.2806447368E+00     9.2502777952E-01     2.3948342040E+00    -6.6542360183E-02     3.0858425883E-01
    3.9950000000E+01     3.3046850501E+00     9.2437369206E-01     2.4132479868E+00    -6.4273084737E-02     3.0858425883E-01
    3.9960000000E+01     3.3289100873E+00     9.2374235913E-01     2.4317789931E+00    -6.1991417918E-02     3.0858425883E-01
    3.9970000000E+01     3.3533210213E+00     9.2313390578E-01     2.4504273907E+00    -5.9697129141E-02     3.0858425883E-01
    3.9980000000E+01     3.3779190269E+00     9.2254845940E-01     2.4691933319E+00    -5.7389984337E-02     3.0858425883E-01
    3.9990000000E+01     3.4027052802E+00     9.2198614973E-01     2.4880769522E+00    -5.5069745898E-02     3.0858425883E-01
    4.0000000000E+01     3.4276809586E+00     9.2144710893E-01     2.5070783706E+00    -5.2736172609E-02     3.0858425883E-01
    4.0010000000E+01     3.4528472406E+00     9.2093147155E-01     2.5261976885E+00    -5.0389019588E-02     3.0858425883E-01
    4.0020000000E+01     3.4782053056E+00     9.2043937463E-01     2.5454349897E+00    -4.8028038216E-02     3.0858425883E-01
    4.0030000000E+01     3.5037563339E+00     9.1997095772E-01     2.5647903392E+00    -4.5652976078E-02     3.0858425883E-01
    4.0040000000E+01     3.5295015061E+00     9.1952636290E-01     2.5842637836E+00    -4.3263576887E-02     3.0858425883E-01
    4.0050000000E+01     3.5554420033E+00     9.1910573484E-01     2.6038553496E+00    -4.0859580424E-02     3.0858425883E-01
    4.0060000000E+01     3.5815790068E+00     9.1870922083E-01     2.6235650440E+00    -3.8440722462E-02     3.0858425883E-01
    4.0070000000E+01     3.6079136979E+00     9.1833697082E-01     2.6433928532E+00    -3.6006734698E-02     3.0858425883E-01
    4.0080000000E+01     3.6344472575E+00     9.1798913748E-01     2.6633387420E+00    -3.3557344680E-02     3.0858425883E-01
    4.0090000000E+01     3.6611808661E+00     9.1766587619E-01     2.6834026538E+00    -3.1092275734E-02     3.0858425883E-01
    4.0100000000E+01     3.6881157037E+00     9.1736734516E-01     2.7035845094E+00    -2.8611246888E-02     3.0858425883E-01
    4.0110000000E+01     3.7152529491E+00     9.1709370540E-01     2.7238842066E+00    -2.6113972798E-02     3.0858425883E-01
    4.0120000000E+01     3.7425937802E+00     9.1684512082E-01     2.7443016196E+00    -2.3600163666E-02     3.0858425883E-01
    4.0130000000E+01     3.7701393734E+00     9.1662175823E-01     2.7648365983E+00    -2.1069525168E-02     3.0858425883E-01
    4.0140000000E+01     3.7978909035E+00     9.1642378741E-01     2.7854889675E+00    -1.8521758368E-02     3.0858425883E-01
    4.0150000000E+01     3.8258495434E+00     9.1625138117E-01     2.8062585264E+00    -1.5956559639E-02     3.0858425883E-01
    4.0160000000E+01     3.8540164639E+00     9.1610471535E-01     2.8271450480E+00    -1.3373620578E-02     3.0858425883E-01
    4.0170000000E+01     3.8823928334E+00     9.1598396893E-01     2.8481482781E+00    -1.0772627924E-02     3.0858425883E-01
    4.0180000000E+01     3.9109798176E+00     9.1588932403E-01     2.8692679348E+00    -8.1532634718E-03     3.0858425883E-01
    4.0190000000E+01     3.9397785791E+00     9.1582096598E-01     2.8905037074E+00    -5.5152039819E-03     3.0858425883E-01
    4.0200000000E+01     3.9687902776E+00     9.1577908336E-01     2.9118552564E+00    -2.8581210940E-03     3.0858425883E-01
    4.0210000000E+01     3.9980160690E+00     9.1576386808E-01     2.9333222119E+00    -1.8168123588E-04     3.0858425883E-01
    4.0220000000E+01     4.0274571052E+00     9.1577551539E-01     2.9549041732E+00     2.5144544690E-03     3.0858425883E-01
    4.0230000000E+01     4.0571145343E+00     9.1581422397E-01     2.9766007082E+00     5.2306302948E-03     3.0858425883E-01
    4.0240000000E+01     4.0869894998E+00     9.1588019596E-01     2.9984113522E+00     7.9671960085E-03     3.0858425883E-01
    4.0250000000E+01     4.1170831401E+00     9.1597363704E-01     3.0203356070E+00     1.0724506967E-02     3.0858425883E-01
    4.0260000000E+01     4.1473965888E+00     9.1609475646E-01     3.0423729405E+00     1.3502924215E-02     3.0858425883E-01
    4.0270000000E+01     4.1779309739E+00     9.1624376710E-01     3.0645227856E+00     1.6302814585E-02     3.0858425883E-01
    4.0280000000E+01     4.2086874176E+00     9.1642088557E-01     3.0867845392E+00     1.9124550802E-02     3.0858425883E-01
    4.0290000000E+01     4.2396670356E+00     9.1662633220E-01     3.1091575613E+00     2.1968511582E-02     3.0858425883E-01
    4.0300000000E+01     4.2708709374E+00     9.1686033116E-01     3.1316411744E+00     2.4835081740E-02     3.0858425883E-01
    4.0310000000E+01     4.3023002254E+00     9.1712311050E-01     3.1542346619E+00     2.7724652299E-02     3.0858425883E-01
    4.0320000000E+01     4.3339559944E+00     9.1741490220E-01     3.1769372679E+00     3.0637620595E-02     3.0858425883E-01
    4.0330000000E+01     4.3658393318E+00     9.1773594225E-01     3.1997481958E+00     3.3574390388E-02     3.0858425883E-01
    4.0340000000E+01     4.3979513166E+00     9.1808647071E-01     3.2226666072E+00     3.6535371978E-02     3.0858425883E-01
    4.0350000000E+01     4.4302930193E+00     9.1846673179E-01     3.2456916211E+00     3.9520982314E-02     3.0858425883E-01
    4.0360000000E+01     4.4628655013E+00     9.1887697387E-01     3.2688223128E+00     4.2531645114E-02     3.0858425883E-01
    4.0370000000E+01     4.4956698146E+00     9.1931744963E-01     3.2920577127E+00     4.5567790980E-02     3.0858425882E-01
    4.0380000000E+01     4.5287070012E+00     9.1978841609E-01     3.3153968055E+00     4.8629857520E-02     3.0858425882E-01
    4.0390000000E+01     4.5619780928E+00     9.2029013467E-01     3.3388385287E+00     5.1718289470E-02     3.0858425882E-01
    4.0400000000E+01     4.5954841102E+00     9.2082287127E-01     3.3623817719E+00     5.4833538813E-02     3.0858425882E-01
    4.0410000000E+01     4.6292260628E+00     9.2138689636E-01     3.3860253752E+00     5.7976064909E-02     3.0858425882E-01
    4.0420000000E+01     4.6632049482E+00     9.2198248505E-01     3.4097681284E+00     6.1146334622E-02     3.0858425882E-01
    4.0430000000E+01     4.6974217516E+00     9.2260991712E-01     3.4336087696E+00     6.4344822447E-02     3.0858425882E-01
    4.0440000000E+01     4.7318774455E+00     9.2326947716E-01     3.4575459840E+00     6.7572010644E-02     3.0858425882E-01
    4.0450000000E+01     4.7665729887E+00     9.2396145463E-01     3.4815784027E+00     7.0828389369E-02     3.0858425882E-01
    4.0460000000E+01     4.8015093261E+00     9.2468614391E-01     3.5057046013E+00     7.4114456811E-02     3.0858425882E-01
    4.0470000000E+01     4.8366873884E+00     9.2544384442E-01     3.5299230988E+00     7.7430719326E-02     3.0858425882E-01
    4.0480000000E+01     4.8721080907E+00     9.2623486066E-01     3.5542323563E+00     8.0777691584E-02     3.0858425882E-01
    4.0490000000E+01     4.9077723327E+00     9.2705950236E-01     3.5786307754E+00     8.4155896701E-02     3.0858425882E-01
    4.0500000000E+01     4.9436809979E+00     9.2791808448E-01     3.6031166969E+00     8.7565866389E-02     3.0858425882E-01
    4.0510000000E+01     4.9798349526E+00     9.2881092737E-01     3.6276883997E+00     9.1008141098E-02     3.0858425882E-01
    4.0520000000E+01     5.0162350458E+00     9.2973835681E-01     3.6523440989E+00     9.4483270166E-02     3.0858425882E-01
    4.0530000000E+01     5.0528821084E+00     9.3070070415E-01     3.6770819447E+00     9.7991811966E-02     3.0858425882E-01
    4.0540000000E+01     5.0897769522E+00     9.3169830632E-01     3.7019000210E+00     1.0153433406E-01     3.0858425882E-01
    4.0550000000E+01     5.1269203696E+00     9.3273150602E-01     3.7267963436E+00     1.0511141335E-01     3.0858425882E-01
    4.0560000000E+01     5.1643131330E+00     9.3380065173E-01     3.7517688586E+00     1.0872363624E-01     3.0858425882E-01
    4.0570000000E+01     5.2019559937E+00     9.3490609787E-01     3.7768154413E+00     1.1237159879E-01     3.0858425882E-01
    4.0580000000E+01     5.2398496814E+00     9.3604820486E-01     3.8019338944E+00     1.1605590686E-01     3.0858425882E-01
    4.0590000000E+01     5.2779949036E+00     9.3722733921E-01     3.8271219460E+00     1.1977717630E-01     3.0858425882E-01
    4.0600000000E+01     5.3163923445E+00     9.3844387368E-01     3.8523772487E+00     1.2353603311E-01     3.0858425882E-01
    4.0610000000E+01     5.3550426647E+00     9.3969818729E-01     3.8776973772E+00     1.2733311357E-01     3.0858425882E-01
    4.0620000000E+01     5.3939464998E+00     9.4099066551E-01     3.9030798272E+00     1.3116906446E-01     3.0858425882E-01
    4.0630000000E+01     5.4331044603E+00     9.4232170034E-01     3.9285220131E+00     1.3504454318E-01     3.0858425882E-01
    4.0640000000E+01     5.4725171303E+00     9.4369169036E-01     3.9540212668E+00     1.3896021798E-01     3.0858425882E-01
    4.0650000000E+01     5.5121850667E+00     9.4510104095E-01     3.9795748356E+00     1.4291676807E-01     3.0858425882E-01
    4.0660000000E+01     5.5521087986E+00     9.4655016428E-01     4.0051798803E+00     1.4691488383E-01     3.0858425882E-01
    4.0670000000E+01     5.5922888262E+00     9.4803947951E-01     4.0308334736E+00     1.5095526700E-01     3.0858425882E-01
    4.0680000000E+01     5.6327256199E+00     9.4956941288E-01     4.0565325979E+00     1.5503863083E-01     3.0858425882E-01
    4.0690000000E+01     5.6734196196E+00     9.5114039781E-01     4.0822741439E+00     1.5916570027E-01     3.0858425882E-01
    4.0700000000E+01     5.7143712335E+00     9.5275287503E-01     4.1080549082E+00     1.6333721216E-01     3.0858425882E-01
    4.0710000000E+01     5.7555808375E+00     9.5440729269E-01     4.1338715912E+00     1.6755391542E-01     3.0858425882E-01
    4.0720000000E+01     5.7970487737E+00     9.5610410651E-01     4.1597207958E+00     1.7181657122E-01     3.0858425882E-01
    4.0730000000E+01     5.8387753501E+00     9.5784377987E-01     4.1855990247E+00     1.7612595317E-01     3.0858425882E-01
    4.0740000000E+01     5.8807608390E+00     9.5962678395E-01     4.2115026784E+00     1.8048284753E-01     3.0858425882E-01
    4.0750000000E+01     5.9230054761E+00     9.6145359786E-01     4.2374280537E+00     1.8488805337E-01     3.0858425882E-01
    4.0760000000E+01     5.9655094598E+00     9.6332470876E-01     4.2633713406E+00     1.8934238279E-01     3.0858425882E-01
    4.0770000000E+01     6.0082729496E+00     9.6524061201E-01     4.2893286210E+00     1.9384666109E-01     3.0858425882E-01
    4.0780000000E+01     6.0512960654E+00     9.6720181128E-01     4.3152958660E+00     1.9840172699E-01     3.0858425882E-01
    4.0790000000E+01     6.0945788863E+00     9.6920881868E-01     4.3412689338E+00     2.0300843281E-01     3.0858425882E-01
    4.0800000000E+01     6.1381214493E+00     9.7126215495E-01     4.3672435678E+00     2.0766764464E-01     3.0858425882E-01
    4.0810000000E+01     6.1819237483E+00     9.7336234953E-01     4.3932153935E+00     2.1238024262E-01     3.0858425882E-01
    4.0820000000E+01     6.2259857329E+00     9.7550994074E-01     4.4191799168E+00     2.1714712104E-01     3.0858425882E-01
    4.0830000000E+01     6.2703073070E+00     9.7770547591E-01     4.4451325218E+00     2.2196918860E-01     3.0858425882E-01
    4.0840000000E+01     6.3148883278E+00     9.7994951155E-01     4.4710684677E+00     2.2684736861E-01     3.0858425882E-01
    4.0850000000E+01     6.3597286046E+00     9.8224261345E-01     4.4969828869E+00     2.3178259916E-01     3.0858425882E-01
    4.0860000000E+01     6.4048278971E+00     9.8458535688E-01     4.5228707825E+00     2.3677583333E-01     3.0858425882E-01
    4.0870000000E+01     6.4501859147E+00     9.8697832669E-01     4.5487270258E+00     2.4182803942E-01     3.0858425882E-01
    4.0880000000E+01     6.4958023146E+00     9.8942211752E-01     4.5745463536E+00     2.4694020110E-01     3.0858425882E-01
    4.0890000000E+01     6.5416767008E+00     9.9191733389E-01     4.6003233660E+00     2.5211331766E-01     3.0858425882E-01
    4.0900000000E+01     6.5878086224E+00     9.9446459043E-01     4.6260525232E+00     2.5734840418E-01     3.0858425882E-01
    4.0910000000E+01     6.6341975728E+00     9.9706451198E-01     4.6517281440E+00     2.6264649174E-01     3.0858425882E-01
    4.0920000000E+01     6.6808429875E+00     9.9971773376E-01     4.6773444018E+00     2.6800862760E-01     3.0858425882E-01
    4.0930000000E+01     6.7277442431E+00     1.0024249016E+00     4.7028953231E+00     2.7343587543E-01     3.0858425882E-01
    4.0940000000E+01     6.7749006557E+00     1.0051866719E+00     4.7283747842E+00     2.7892931550E-01     3.0858425882E-01
    4.0950000000E+01     6.8223114796E+00     1.0080037122E+00     4.7537765088E+00     2.8449004484E-01     3.0858425881E-01
    4.0960000000E+01     6.8699759054E+00     1.0108767008E+00     4.7790940647E+00     2.9011917746E-01     3.0858425881E-01
    4.0970000000E+01     6.9178930584E+00     1.0138063275E+00     4.8043208620E+00     2.9581784456E-01     3.0858425881E-01
    4.0980000000E+01     6.9660619976E+00     1.0167932933E+00     4.8294501494E+00     3.0158719467E-01     3.0858425881E-01
    4.0990000000E+01     7.0144817133E+00     1.0198383109E+00     4.8544750117E+00     3.0742839388E-01     3.0858425881E-01
    4.1000000000E+01     7.0631511262E+00     1.0229421046E+00     4.8793883674E+00     3.1334262598E-01     3.0858425881E-01
    4.1010000000E+01     7.1120690848E+00     1.0261054109E+00     4.9041829652E+00     3.1933109269E-01     3.0858425881E-01
    4.1020000000E+01     7.1612343649E+00     1.0293289780E+00     4.9288513813E+00     3.2539501380E-01     3.0858425881E-01
    4.1030000000E+01     7.2106456666E+00     1.0326135668E+00     4.9533860170E+00     3.3153562734E-01     3.0858425881E-01
    4.1040000000E+01     7.2603016134E+00     1.0359599504E+00     4.9777790951E+00     3.3775418976E-01     3.0858425881E-01
    4.1050000000E+01     7.3102007501E+00     1.0393689147E+00     5.0020226573E+00     3.4405197609E-01     3.0858425881E-01
    4.1060000000E+01     7.3603415410E+00     1.0428412583E+00     5.0261085615E+00     3.5043028009E-01     3.0858425881E-01
    4.1070000000E+01     7.4107223681E+00     1.0463777930E+00     5.0500284784E+00     3.5689041441E-01     3.0858425881E-01
    4.1080000000E+01     7.4613415289E+00     1.0499793438E+00     5.0737738889E+00     3.6343371071E-01     3.0858425881E-01
    4.1090000000E+01     7.5121972351E+00     1.0536467489E+00     5.0973360810E+00     3.7006151984E-01     3.0858425881E-01
    4.1100000000E+01     7.5632876101E+00     1.0573808605E+00     5.1207061467E+00     3.7677521193E-01     3.0858425881E-01
    4.1110000000E+01     7.6146106873E+00     1.0611825441E+00     5.1438749795E+00     3.8357617651E-01     3.0858425881E-01
    4.1120000000E+01     7.6661644079E+00     1.0650526796E+00     5.1668332708E+00     3.9046582265E-01     3.0858425881E-01
    4.1130000000E+01     7.7179466192E+00     1.0689921609E+00     5.1895715075E+00     3.9744557906E-01     3.0858425881E-01
    4.1140000000E+01     7.7699550722E+00     1.0730018964E+00     5.2120799686E+00     4.0451689417E-01     3.0858425881E-01
    4.1150000000E+01     7.8221874196E+00     1.0770828089E+00     5.2343487226E+00     4.1168123620E-01     3.0858425881E-01
    4.1160000000E+01     7.8746412138E+00     1.0812358361E+00     5.2563676244E+00     4.1894009326E-01     3.0858425881E-01
    4.1170000000E+01     7.9273139047E+00     1.0854619308E+00     5.2781263123E+00     4.2629497340E-01     3.0858425881E-01
    4.1180000000E+01     7.9802028375E+00     1.0897620608E+00     5.2996142054E+00     4.3374740465E-01     3.0858425881E-01
    4.1190000000E+01     8.0333052502E+00     1.0941372092E+00     5.3208205003E+00     4.4129893505E-01     3.0858425881E-01
    4.1200000000E+01     8.0866182721E+00     1.0985883750E+00     5.3417341685E+00     4.4895113269E-01     3.0858425881E-01
    4.1210000000E+01     8.1401389207E+00     1.1031165727E+00     5.3623439536E+00     4.5670558569E-01     3.0858425881E-01
    4.1220000000E+01     8.1938640999E+00     1.1077228330E+00     5.3826383685E+00     4.6456390218E-01     3.0858425881E-01
    4.1230000000E+01     8.2477905978E+00     1.1124082024E+00     5.4026056924E+00     4.7252771031E-01     3.0858425881E-01
    4.1240000000E+01     8.3019150837E+00     1.1171737443E+00     5.4222339685E+00     4.8059865816E-01     3.0858425881E-01
    4.1250000000E+01     8.3562341064E+00     1.1220205383E+00     5.4415110010E+00     4.8877841369E-01     3.0858425881E-01
    4.1260000000E+01     8.4107440914E+00     1.1269496809E+00     5.4604243526E+00     4.9706866463E-01     3.0858425881E-01
    4.1270000000E+01     8.4654413389E+00     1.1319622856E+00     5.4789613422E+00     5.0547111841E-01     3.0858425881E-01
    4.1280000000E+01     8.5203220207E+00     1.1370594830E+00     5.4971090419E+00     5.1398750199E-01     3.0858425881E-01
    4.1290000000E+01     8.5753821782E+00     1.1422424212E+00     5.5148542752E+00     5.2261956172E-01     3.0858425881E-01
    4.1300000000E+01     8.6306177199E+00     1.1475122657E+00     5.5321836141E+00     5.3136906315E-01     3.0858425881E-01
    4.1310000000E+01     8.6860244186E+00     1.1528701999E+00     5.5490833774E+00     5.4023779082E-01     3.0858425881E-01
    4.1320000000E+01     8.7415979091E+00     1.1583174250E+00     5.5655396279E+00     5.4922754803E-01     3.0858425881E-01
    4.1330000000E+01     8.7973336855E+00     1.1638551604E+00     5.5815381712E+00     5.5834015658E-01     3.0858425881E-01
    4.1340000000E+01     8.8532270987E+00     1.1694846437E+00     5.5970645528E+00     5.6757745645E-01     3.0858425881E-01
    4.1350000000E+01     8.9092733537E+00     1.1752071313E+00     5.6121040570E+00     5.7694130548E-01     3.0858425881E-01
    4.1360000000E+01     8.9654675070E+00     1.1810238979E+00     5.6266417049E+00     5.8643357902E-01     3.0858425880E-01
    4.1370000000E+01     9.0218044641E+00     1.1869362373E+00     5.6406622529E+00     5.9605616950E-01     3.0858425880E-01
    4.1380000000E+01     9.0782789767E+00     1.1929454621E+00     5.6541501909E+00     6.0581098604E-01     3.0858425880E-01
    4.1390000000E+01     9.1348856400E+00     1.1990529042E+00     5.6670897416E+00     6.1569995393E-01     3.0858425880E-01
    4.1400000000E+01     9.1916188902E+00     1.2052599148E+00     5.6794648590E+00     6.2572501412E-01     3.0858425880E-01
    4.1410000000E+01     9.2484730014E+00     1.2115678646E+00     5.6912592274E+00     6.3588812268E-01     3.0858425880E-01
    4.1420000000E+01     9.3054420836E+00     1.2179781440E+00     5.7024562608E+00     6.4619125020E-01     3.0858425880E-01
    4.1430000000E+01     9.3625200794E+00     1.2244921630E+00     5.7130391022E+00     6.5663638109E-01     3.0858425880E-01
    4.1440000000E+01     9.4197007613E+00     1.2311113516E+00     5.7229906231E+00     6.6722551295E-01     3.0858425880E-01
    4.1450000000E+01     9.4769777295E+00     1.2378371599E+00     5.7322934235E+00     6.7796065576E-01     3.0858425880E-01
    4.1460000000E+01     9.5343444085E+00     1.2446710582E+00     5.7409298318E+00     6.8884383111E-01     3.0858425880E-01
    4.1470000000E+01     9.5917940450E+00     1.2516145368E+00     5.7488819053E+00     6.9987707133E-01     3.0858425880E-01
    4.1480000000E+01     9.6493197048E+00     1.2586691066E+00     5.7561314304E+00     7.1106241858E-01     3.0858425880E-01
    4.1490000000E+01     9.7069142702E+00     1.2658362990E+00     5.7626599234E+00     7.2240192385E-01     3.0858425880E-01
    4.1500000000E+01     9.7645704374E+00     1.2731176658E+00     5.7684486320E+00     7.3389764596E-01     3.0858425880E-01
    4.1510000000E+01     9.8222807135E+00     1.2805147795E+00     5.7734785359E+00     7.4555165042E-01     3.0858425880E-01
    4.1520000000E+01     9.8800374145E+00     1.2880292333E+00     5.7777303494E+00     7.5736600829E-01     3.0858425880E-01
    4.1530000000E+01     9.9378326618E+00     1.2956626411E+00     5.7811845225E+00     7.6934279491E-01     3.0858425880E-01
    4.1540000000E+01     9.9956583801E+00     1.3034166376E+00     5.7838212436E+00     7.8148408859E-01     3.0858425880E-01
    4.1550000000E+01     1.0053506295E+01     1.3112928782E+00     5.7856204423E+00     7.9379196926E-01     3.0858425880E-01
    4.1560000000E+01     1.0111367930E+01     1.3192930392E+00     5.7865617920E+00     8.0626851694E-01     3.0858425880E-01
    4.1570000000E+01     1.0169234603E+01     1.3274188177E+00     5.7866247138E+00     8.1891581023E-01     3.0858425880E-01
    4.1580000000E+01     1.0227097426E+01     1.3356719315E+00     5.7857883798E+00     8.3173592469E-01     3.0858425880E-01
    4.1590000000E+01     1.0284947303E+01     1.3440541191E+00     5.7840317179E+00     8.4473093107E-01     3.0858425880E-01
    4.1600000000E+01     1.0342774922E+01     1.3525671399E+00     5.7813334160E+00     8.5790289354E-01     3.0858425880E-01
    4.1610000000E+01     1.0400570760E+01     1.3612127737E+00     5.7776719271E+00     8.7125386781E-01     3.0858425880E-01
    4.1620000000E+01     1.0458325077E+01     1.3699928208E+00     5.7730254755E+00     8.8478589904E-01     3.0858425880E-01
    4.1630000000E+01     1.0516027913E+01     1.3789091020E+00     5.7673720620E+00     8.9850101986E-01     3.0858425880E-01
    4.1640000000E+01     1.0573669088E+01     1.3879634583E+00     5.7606894712E+00     9.1240124807E-01     3.0858425880E-01
    4.1650000000E+01     1.0631238197E+01     1.3971577507E+00     5.7529552785E+00     9.2648858440E-01     3.0858425880E-01
    4.1660000000E+01     1.0688724613E+01     1.4064938602E+00     5.7441468574E+00     9.4076501007E-01     3.0858425880E-01
    4.1670000000E+01     1.0746117478E+01     1.4159736877E+00     5.7342413882E+00     9.5523248427E-01     3.0858425880E-01
    4.1680000000E+01     1.0803405707E+01     1.4255991532E+00     5.7232158667E+00     9.6989294149E-01     3.0858425880E-01
    4.1690000000E+01     1.0860577984E+01     1.4353721962E+00     5.7110471136E+00     9.8474828884E-01     3.0858425880E-01
    4.1700000000E+01     1.0917622761E+01     1.4452947749E+00     5.6977117847E+00     9.9980040308E-01     3.0858425880E-01
    4.1710000000E+01     1.0974528253E+01     1.4553688663E+00     5.6831863818E+00     1.0150511277E+00     3.0858425880E-01
    4.1720000000E+01     1.1031282443E+01     1.4655964655E+00     5.6674472638E+00     1.0305022696E+00     3.0858425880E-01
    4.1730000000E+01     1.1087873074E+01     1.4759795856E+00     5.6504706591E+00     1.0461555962E+00     3.0858425880E-01
    4.1740000000E+01     1.1144287651E+01     1.4865202571E+00     5.6322326785E+00     1.0620128316E+00     3.0858425880E-01
    4.1750000000E+01     1.1200513443E+01     1.4972205275E+00     5.6127093287E+00     1.0780756535E+00     3.0858425880E-01
    4.1760000000E+01     1.1256537473E+01     1.5080824609E+00     5.5918765269E+00     1.0943456890E+00     3.0858425880E-01
    4.1770000000E+01     1.1312346528E+01     1.5191081373E+00     5.5697101157E+00     1.1108245113E+00     3.0858425880E-01
    4.1780000000E+01     1.1367927149E+01     1.5302996522E+00     5.5461858793E+00     1.1275136354E+00     3.0858425880E-01
    4.1790000000E+01     1.1423265638E+01     1.5416591159E+00     5.5212795605E+00     1.1444145141E+00     3.0858425880E-01
    4.1800000000E+01     1.1478348053E+01     1.5531886529E+00     5.4949668781E+00     1.1615285338E+00     3.0858425880E-01
    4.1810000000E+01     1.1533160207E+01     1.5648904014E+00     5.4672235455E+00     1.1788570100E+00     3.0858425881E-01
    4.1820000000E+01     1.1587687674E+01     1.5767665121E+00     5.4380252905E+00     1.1964011828E+00     3.0858425881E-01
    4.1830000000E+01     1.1641915782E+01     1.5888191479E+00     5.4073478753E+00     1.2141622122E+00     3.0858425881E-01
    4.1840000000E+01     1.1695829620E+01     1.6010504828E+00     5.3751671181E+00     1.2321411729E+00     3.0858425881E-01
    4.1850000000E+01     1.1749414033E+01     1.6134627011E+00     5.3414589156E+00     1.2503390498E+00     3.0858425881E-01
    4.1860000000E+01     1.1802653627E+01     1.6260579965E+00     5.3061992657E+00     1.2687567324E+00     3.0858425881E-01
    4.1870000000E+01     1.1855532768E+01     1.6388385711E+00     5.2693642922E+00     1.2873950096E+00     3.0858425881E-01
    4.1880000000E+01     1.1908035583E+01     1.6518066343E+00     5.2309302702E+00     1.3062545640E+00     3.0858425881E-01
    4.1890000000E+01     1.1960145964E+01     1.6649644019E+00     5.1908736521E+00     1.3253359664E+00     3.0858425881E-01
    4.1900000000E+01     1.2011847569E+01     1.6783140946E+00     5.1491710949E+00     1.3446396700E+00     3.0858425881E-01
    4.1910000000E+01     1.2063123823E+01     1.6918579374E+00     5.1057994893E+00     1.3641660039E+00     3.0858425881E-01
    4.1920000000E+01     1.2113957919E+01     1.7055981575E+00     5.0607359884E+00     1.3839151677E+00     3.0858425881E-01
    4.1930000000E+01     1.2164332828E+01     1.7195369837E+00     5.0139580386E+00     1.4038872244E+00     3.0858425881E-01
    4.1940000000E+01     1.2214231291E+01     1.7336766447E+00     4.9654434113E+00     1.4240820944E+00     3.0858425881E-01
    4.1950000000E+01     1.2263635834E+01     1.7480193676E+00     4.9151702355E+00     1.4444995484E+00     3.0858425881E-01
    4.1960000000E+01     1.2312528762E+01     1.7625673764E+00     4.8631170318E+00     1.4651392012E+00     3.0858425881E-01
    4.1970000000E+01     1.2360892171E+01     1.7773228904E+00     4.8092627473E+00     1.4860005040E+00     3.0858425881E-01
    4.1980000000E+01     1.2408707945E+01     1.7922881229E+00     4.7535867914E+00     1.5070827379E+00     3.0858425881E-01
    4.1990000000E+01     1.2455957767E+01     1.8074652787E+00     4.6960690733E+00     1.5283850063E+00     3.0858425881E-01
    4.2000000000E+01     1.2502623122E+01     1.8228565529E+00     4.6366900398E+00     1.5499062275E+00     3.0858425881E-01
    4.2010000000E+01     1.2548685301E+01     1.8384641288E+00     4.5754307149E+00     1.5716451274E+00     3.0858425881E-01
    4.2020000000E+01     1.2594125408E+01     1.8542901761E+00     4.5122727402E+00     1.5936002316E+00     3.0858425882E-01
    4.2030000000E+01     1.2638924367E+01     1.8703368486E+00     4.4471984159E+00     1.6157698577E+00     3.0858425882E-01
    4.2040000000E+01     1.2683062931E+01     1.8866062821E+00     4.3801907437E+00     1.6381521074E+00     3.0858425882E-01
    4.2050000000E+01     1.2726521684E+01     1.9031005924E+00     4.3112334698E+00     1.6607448586E+00     3.0858425882E-01
    4.2060000000E+01     1.2769281050E+01     1.9198218731E+00     4.2403111298E+00     1.6835457572E+00     3.0858425882E-01
    4.2070000000E+01     1.2811321307E+01     1.9367721928E+00     4.1674090938E+00     1.7065522089E+00     3.0858425882E-01
    4.2080000000E+01     1.2852622587E+01     1.9539535930E+00     4.0925136126E+00     1.7297613712E+00     3.0858425882E-01
    4.2090000000E+01     1.2893164892E+01     1.9713680856E+00     4.0156118651E+00     1.7531701447E+00     3.0858425882E-01
    4.2100000000E+01     1.2932928098E+01     1.9890176501E+00     3.9366920061E+00     1.7767751653E+00     3.0858425882E-01
    4.2110000000E+01     1.2971891969E+01     2.0069042309E+00     3.8557432154E+00     1.8005727951E+00     3.0858425882E-01
    4.2120000000E+01     1.3010036166E+01     2.0250297350E+00     3.7727557470E+00     1.8245591149E+00     3.0858425882E-01
    4.2130000000E+01     1.3047340259E+01     2.0433960282E+00     3.6877209794E+00     1.8487299151E+00     3.0858425882E-01
    4.2140000000E+01     1.3083783736E+01     2.0620049332E+00     3.6006314663E+00     1.8730806877E+00     3.0858425882E-01
    4.2150000000E+01     1.3119346018E+01     2.0808582258E+00     3.5114809882E+00     1.8976066177E+00     3.0858425882E-01
    4.2160000000E+01     1.3154006470E+01     2.0999576323E+00     3.4202646039E+00     1.9223025753E+00     3.0858425882E-01
    4.2170000000E+01     1.3187744412E+01     2.1193048260E+00     3.3269787028E+00     1.9471631072E+00     3.0858425883E-01
    4.2180000000E+01     1.3220539138E+01     2.1389014238E+00     3.2316210574E+00     1.9721824290E+00     3.0858425883E-01
    4.2190000000E+01     1.3252369925E+01     2.1587489835E+00     3.1341908757E+00     1.9973544169E+00     3.0858425883E-01
    4.2200000000E+01     1.3283216049E+01     2.1788489995E+00     3.0346888544E+00     2.0226726001E+00     3.0858425883E-01
    4.2210000000E+01     1.3313056803E+01     2.1992029001E+00     2.9331172313E+00     2.0481301529E+00     3.0858425883E-01
    4.2220000000E+01     1.3341871508E+01     2.2198120432E+00     2.8294798377E+00     2.0737198879E+00     3.0858425883E-01
    4.2230000000E+01     1.3369639532E+01     2.2406777133E+00     2.7237821516E+00     2.0994342480E+00     3.0858425883E-01
    4.2240000000E+01     1.3396340307E+01     2.2618011172E+00     2.6160313486E+00     2.1252653003E+00     3.0858425883E-01
    4.2250000000E+01     1.3421953345E+01     2.2831833806E+00     2.5062363545E+00     2.1512047289E+00     3.0858425883E-01
    4.2260000000E+01     1.3446458255E+01     2.3048255440E+00     2.3944078954E+00     2.1772438288E+00     3.0858425883E-01
    4.2270000000E+01     1.3469834766E+01     2.3267285591E+00     2.2805585480E+00     2.2033735000E+00     3.0858425883E-01
    4.2280000000E+01     1.3492062738E+01     2.3488932843E+00     2.1647027891E+00     2.2295842420E+00     3.0858425883E-01
    4.2290000000E+01     1.3513122188E+01     2.3713204812E+00     2.0468570431E+00     2.2558661485E+00     3.0858425883E-01
    4.2300000000E+01     1.3532993307E+01     2.3940108101E+00     1.9270397294E+00     2.2822089030E+00     3.0858425883E-01
    4.2310000000E+01     1.3551656479E+01     2.4169648263E+00     1.8052713075E+00     2.3086017743E+00     3.0858425883E-01
    4.2320000000E+01     1.3569092304E+01     2.4401829756E+00     1.6815743208E+00     2.3350336132E+00     3.0858425883E-01
    4.2330000000E+01     1.3585281619E+01     2.4636655900E+00     1.5559734389E+00     2.3614928494E+00     3.0858425883E-01
    4.2340000000E+01     1.3600205516E+01     2.4874128839E+00     1.4284954977E+00     2.3879674889E+00     3.0858425883E-01
    4.2350000000E+01     1.3613845368E+01     2.5114249497E+00     1.2991695372E+00     2.4144451121E+00     3.0858425883E-01
    4.2360000000E+01     1.3626182851E+01     2.5357017533E+00     1.1680268374E+00     2.4409128732E+00     3.0858425883E-01
    4.2370000000E+01     1.3637199961E+01     2.5602431301E+00     1.0351009514E+00     2.4673574994E+00     3.0858425884E-01
    4.2380000000E+01     1.3646879045E+01     2.5850487806E+00     9.0042773587E-01     2.4937652912E+00     3.0858425884E-01
    4.2390000000E+01     1.3655202818E+01     2.6101182661E+00     7.6404537869E-01     2.5201221239E+00     3.0858425884E-01
    4.2400000000E+01     1.3662154390E+01     2.6354510047E+00     6.2599442338E-01     2.5464134496E+00     3.0858425884E-01
    4.2410000000E+01     1.3667717288E+01     2.6610462669E+00     4.8631779030E-01     2.5726242997E+00     3.0858425884E-01
    4.2420000000E+01     1.3671875478E+01     2.6869031712E+00     3.4506079436E-01     2.5987392893E+00     3.0858425884E-01
    4.2430000000E+01     1.3674613394E+01     2.7130206805E+00     2.0227115897E-01     2.6247426215E+00     3.0858425884E-01
    4.2440000000E+01     1.3675915959E+01     2.7393975975E+00     5.7999026223E-02     2.6506180932E+00     3.0858425884E-01
    4.2450000000E+01     1.3675768608E+01     2.7660325609E+00    -8.7703037108E-02     2.6763491022E+00     3.0858425884E-01
    4.2460000000E+01     1.3674157315E+01     2.7929240414E+00    -2.3478003780E-01     2.7019186545E+00     3.0858425884E-01
    4.2470000000E+01     1.3671068615E+01     2.8200703379E+00    -3.8317455887E-01     2.7273093738E+00     3.0858425883E-01
    4.2480000000E+01     1.3666489631E+01     2.8474695736E+00    -5.3282676688E-01     2.7525035109E+00     3.0858425883E-01
    4.2490000000E+01     1.3660408095E+01     2.8751196925E+00    -6.8367442406E-01     2.7774829551E+00     3.0858425883E-01
    4.2500000000E+01     1.3652812373E+01     2.9030184556E+00    -8.3565290540E-01     2.8022292467E+00     3.0858425883E-01
    4.2510000000E+01     1.3643691490E+01     2.9311634376E+00    -9.8869522090E-01     2.8267235901E+00     3.0858425883E-01
    4.2520000000E+01     1.3633035153E+01     2.9595520238E+00    -1.1427320430E+00     2.8509468684E+00     3.0858425883E-01
    4.2530000000E+01     1.3620833773E+01     2.9881814067E+00    -1.2976917395E+00     2.8748796598E+00     3.0858425883E-01
    4.2540000000E+01     1.3607078488E+01     3.0170485831E+00    -1.4535004120E+00     2.8985022541E+00     3.0858425883E-01
    4.2550000000E+01     1.3591761188E+01     3.0461503512E+00    -1.6100819399E+00     2.9217946713E+00     3.0858425883E-01
    4.2560000000E+01     1.3574874534E+01     3.0754833085E+00    -1.7673580302E+00     2.9447366811E+00     3.0858425883E-01
    4.2570000000E+01     1.3556411980E+01     3.1050438486E+00    -1.9252482733E+00     2.9673078235E+00     3.0858425883E-01
    4.2580000000E+01     1.3536367796E+01     3.1348281598E+00    -2.0836702040E+00     2.9894874310E+00     3.0858425883E-01
    4.2590000000E+01     1.3514737085E+01     3.1648322226E+00    -2.2425393694E+00     3.0112546518E+00     3.0858425883E-01
    4.2600000000E+01     1.3491515806E+01     3.1950518082E+00    -2.4017694019E+00     3.0325884738E+00     3.0858425883E-01
    4.2610000000E+01     1.3466700788E+01     3.2254824770E+00    -2.5612720989E+00     3.0534677507E+00     3.0858425883E-01
    4.2620000000E+01     1.3440289754E+01     3.2561195772E+00    -2.7209575073E+00     3.0738712284E+00     3.0858425882E-01
    4.2630000000E+01     1.3412281334E+01     3.2869582444E+00    -2.8807340155E+00     3.0937775730E+00     3.0858425882E-01
    4.2640000000E+01     1.3382675081E+01     3.3179934003E+00    -3.0405084496E+00     3.1131653995E+00     3.0858425882E-01
    4.2650000000E+01     1.3351471487E+01     3.3492197526E+00    -3.2001861768E+00     3.1320133022E+00     3.0858425882E-01
    4.2660000000E+01     1.3318672000E+01     3.3806317952E+00    -3.3596712133E+00     3.1502998851E+00     3.0858425882E-01
    4.2670000000E+01     1.3284279029E+01     3.4122238081E+00    -3.5188663385E+00     3.1680037945E+00     3.0858425882E-01
    4.2680000000E+01     1.3248295967E+01     3.4439898579E+00    -3.6776732143E+00     3.1851037513E+00     3.0858425882E-01
    4.2690000000E+01     1.3210727190E+01     3.4759237993E+00    -3.8359925095E+00     3.2015785849E+00     3.0858425882E-01
    4.2700000000E+01     1.3171578076E+01     3.5080192758E+00    -3.9937240294E+00     3.2174072679E+00     3.0858425881E-01
    4.2710000000E+01     1.3130855005E+01     3.5402697213E+00    -4.1507668502E+00     3.2325689505E+00     3.0858425881E-01
    4.2720000000E+01     1.3088565373E+01     3.5726683626E+00    -4.3070194576E+00     3.2470429968E+00     3.0858425881E-01
    4.2730000000E+01     1.3044717590E+01     3.6052082211E+00    -4.4623798901E+00     3.2608090213E+00     3.0858425881E-01
    4.2740000000E+01     1.2999321090E+01     3.6378821159E+00    -4.6167458858E+00     3.2738469247E+00     3.0858425881E-01
    4.2750000000E+01     1.2952386328E+01     3.6706826666E+00    -4.7700150334E+00     3.2861369320E+00     3.0858425881E-01
    4.2760000000E+01     1.2903924786E+01     3.7036022968E+00    -4.9220849256E+00     3.2976596290E+00     3.0858425880E-01
    4.2770000000E+01     1.2853948968E+01     3.7366332380E+00    -5.0728533167E+00     3.3083960002E+00     3.0858425880E-01
    4.2780000000E+01     1.2802472398E+01     3.7697675337E+00    -5.2222182812E+00     3.3183274663E+00     3.0858425880E-01
    4.2790000000E+01     1.2749509619E+01     3.8029970439E+00    -5.3700783759E+00     3.3274359216E+00     3.0858425880E-01
    4.2800000000E+01     1.2695076183E+01     3.8363134501E+00    -5.5163328029E+00     3.3357037710E+00     3.0858425880E-01
    4.2810000000E+01     1.2639188648E+01     3.8697082604E+00    -5.6608815738E+00     3.3431139676E+00     3.0858425880E-01
    4.2820000000E+01     1.2581864567E+01     3.9031728156E+00    -5.8036256754E+00     3.3496500486E+00     3.0858425879E-01
    4.2830000000E+01     1.2523122477E+01     3.9366982948E+00    -5.9444672353E+00     3.3552961720E+00     3.0858425879E-01
    4.2840000000E+01     1.2462981886E+01     3.9702757218E+00    -6.0833096869E+00     3.3600371517E+00     3.0858425879E-01
    4.2850000000E+01     1.2401463264E+01     4.0038959723E+00    -6.2200579346E+00     3.3638584923E+00     3.0858425879E-01
    4.2860000000E+01     1.2338588020E+01     4.0375497802E+00    -6.3546185173E+00     3.3667464227E+00     3.0858425879E-01
    4.2870000000E+01     1.2274378491E+01     4.0712277459E+00    -6.4868997705E+00     3.3686879294E+00     3.0858425879E-01
    4.2880000000E+01     1.2208857922E+01     4.1049203432E+00    -6.6168119861E+00     3.3696707877E+00     3.0858425878E-01
    4.2890000000E+01     1.2142050441E+01     4.1386179280E+00    -6.7442675699E+00     3.3696835925E+00     3.0858425878E-01
    4.2900000000E+01     1.2073981044E+01     4.1723107462E+00    -6.8691811953E+00     3.3687157873E+00     3.0858425878E-01
    4.2910000000E+01     1.2004675567E+01     4.2059889427E+00    -6.9914699542E+00     3.3667576923E+00     3.0858425878E-01
    4.2920000000E+01     1.1934160662E+01     4.2396425698E+00    -7.1110535027E+00     3.3638005299E+00     3.0858425878E-01
    4.2930000000E+01     1.1862463773E+01     4.2732615968E+00    -7.2278542034E+00     3.3598364497E+00     3.0858425878E-01
    4.2940000000E+01     1.1789613104E+01     4.3068359192E+00    -7.3417972617E+00     3.3548585513E+00     3.0858425877E-01
    4.2950000000E+01     1.1715637593E+01     4.3403553685E+00    -7.4528108567E+00     3.3488609048E+00     3.0858425877E-01
    4.2960000000E+01     1.1640566881E+01     4.3738097216E+00    -7.5608262665E+00     3.3418385703E+00     3.0858425877E-01
    4.2970000000E+01     1.1564431280E+01     4.4071887111E+00    -7.6657779871E+00     3.3337876144E+00     3.0858425877E-01
    4.2980000000E+01     1.1487261741E+01     4.4404820353E+00    -7.7676038434E+00     3.3247051255E+00     3.0858425877E-01
    4.2990000000E+01     1.1409089819E+01     4.4736793688E+00    -7.8662450950E+00     3.3145892265E+00     3.0858425877E-01
    4.3000000000E+01     1.1329947639E+01     4.5067703723E+00    -7.9616465326E+00     3.3034390850E+00     3.0858425877E-01
    4.3010000000E+01     1.1249867860E+01     4.5397447036E+00    -8.0537565676E+00     3.2912549220E+00     3.0858425877E-01
    4.3020000000E+01     1.1168883639E+01     4.5725920281E+00    -8.1425273134E+00     3.2780380178E+00     3.0858425876E-01
    4.3030000000E+01     1.1087028592E+01     4.6053020292E+00    -8.2279146580E+00     3.2637907157E+00     3.0858425876E-01
    4.3040000000E+01     1.1004336758E+01     4.6378644190E+00    -8.3098783285E+00     3.2485164231E+00     3.0858425876E-01
    4.3050000000E+01     1.0920842560E+01     4.6702689491E+00    -8.3883819463E+00     3.2322196108E+00     3.0858425876E-01
    4.3060000000E+01     1.0836580762E+01     4.7025054212E+00    -8.4633930735E+00     3.2149058094E+00     3.0858425876E-01
    4.3070000000E+01     1.0751586435E+01     4.7345636972E+00    -8.5348832505E+00     3.1965816034E+00     3.0858425876E-01
    4.3080000000E+01     1.0665894915E+01     4.7664337105E+00    -8.6028280239E+00     3.1772546234E+00     3.0858425876E-01
    4.3090000000E+01     1.0579541761E+01     4.7981054759E+00    -8.6672069652E+00     3.1569335353E+00     3.0858425876E-01
    4.3100000000E+01     1.0492562717E+01     4.8295690997E+00    -8.7280036812E+00     3.1356280276E+00     3.0858425876E-01
    4.3110000000E+01     1.0404993670E+01     4.8608147906E+00    -8.7852058136E+00     3.1133487964E+00     3.0858425876E-01
    4.3120000000E+01     1.0316870611E+01     4.8918328688E+00    -8.8388050308E+00     3.0901075282E+00     3.0858425876E-01
    4.3130000000E+01     1.0228229594E+01     4.9226137764E+00    -8.8887970096E+00     3.0659168801E+00     3.0858425876E-01
    4.3140000000E+01     1.0139106696E+01     4.9531480870E+00    -8.9351814088E+00     3.0407904589E+00     3.0858425876E-01
    4.3150000000E+01     1.0049537979E+01     4.9834265147E+00    -8.9779618334E+00     3.0147427968E+00     3.0858425876E-01
    4.3160000000E+01     9.9595594482E+00     5.0134399235E+00    -9.0171457903E+00     2.9877893264E+00     3.0858425876E-01
    4.3170000000E+01     9.8692070142E+00     5.0431793361E+00    -9.0527446357E+00     2.9599463534E+00     3.0858425876E-01
    4.3180000000E+01     9.7785164558E+00     5.0726359427E+00    -9.0847735144E+00     2.9312310269E+00     3.0858425876E-01
    4.3190000000E+01     9.6875233813E+00     5.1018011086E+00    -9.1132512913E+00     2.9016613092E+00     3.0858425876E-01
    4.3200000000E+01     9.5962631923E+00     5.1306663833E+00    -9.1382004748E+00     2.8712559433E+00     3.0858425876E-01
    4.3210000000E+01     9.5047710473E+00     5.1592235069E+00    -9.1596471340E+00     2.8400344187E+00     3.0858425876E-01
    4.3220000000E+01     9.4130818266E+00     5.1874644184E+00    -9.1776208079E+00     2.8080169369E+00     3.0858425876E-01
    4.3230000000E+01     9.3212300984E+00     5.2153812620E+00    -9.1921544093E+00     2.7752243746E+00     3.0858425876E-01
    4.3240000000E+01     9.2292500851E+00     5.2429663939E+00    -9.2032841213E+00     2.7416782462E+00     3.0858425876E-01
    4.3250000000E+01     9.1371756314E+00     5.2702123887E+00    -9.2110492896E+00     2.7074006656E+00     3.0858425876E-01
    4.3260000000E+01     9.0450401734E+00     5.2971120446E+00    -9.2154923079E+00     2.6724143068E+00     3.0858425876E-01
    4.3270000000E+01     8.9528767083E+00     5.3236583895E+00    -9.2166585002E+00     2.6367423641E+00     3.0858425877E-01
    4.3280000000E+01     8.8607177660E+00     5.3498446855E+00    -9.2145959974E+00     2.6004085108E+00     3.0858425877E-01
    4.3290000000E+01     8.7685953816E+00     5.3756644337E+00    -9.2093556108E+00     2.5634368592E+00     3.0858425877E-01
    4.3300000000E+01     8.6765410692E+00     5.4011113783E+00    -9.2009907012E+00     2.5258519180E+00     3.0858425877E-01
    4.3310000000E+01     8.5845857970E+00     5.4261795106E+00    -9.1895570468E+00     2.4876785516E+00     3.0858425877E-01
    4.3320000000E+01     8.4927599641E+00     5.4508630719E+00    -9.1751127061E+00     2.4489419379E+00     3.0858425877E-01
    4.3330000000E+01     8.4010933780E+00     5.4751565567E+00    -9.1577178810E+00     2.4096675265E+00     3.0858425877E-01
    4.3340000000E+01     8.3096152343E+00     5.4990547153E+00    -9.1374347769E+00     2.3698809975E+00     3.0858425877E-01
    4.3350000000E+01     8.2183540967E+00     5.5225525558E+00    -9.1143274622E+00     2.3296082198E+00     3.0858425877E-01
    4.3360000000E+01     8.1273378800E+00     5.5456453456E+00    -9.0884617265E+00     2.2888752104E+00     3.0858425878E-01
    4.3370000000E+01     8.0365938325E+00     5.5683286130E+00    -9.0599049397E+00     2.2477080937E+00     3.0858425878E-01
    4.3380000000E+01     7.9461485221E+00     5.5905981478E+00    -9.0287259096E+00     2.2061330619E+00     3.0858425878E-01
    4.3390000000E+01     7.8560278216E+00     5.6124500019E+00    -8.9949947412E+00     2.1641763355E+00     3.0858425878E-01
    4.3400000000E+01     7.7662568970E+00     5.6338804896E+00    -8.9587826969E+00     2.1218641251E+00     3.0858425878E-01
    4.3410000000E+01     7.6768601964E+00     5.6548861867E+00    -8.9201620568E+00     2.0792225935E+00     3.0858425878E-01
    4.3420000000E+01     7.5878614407E+00     5.6754639306E+00    -8.8792059822E+00     2.0362778195E+00     3.0858425878E-01
    4.3430000000E+01     7.4992836153E+00     5.6956108188E+00    -8.8359883803E+00     1.9930557617E+00     3.0858425878E-01
    4.3440000000E+01     7.4111489632E+00     5.7153242076E+00    -8.7905837708E+00     1.9495822245E+00     3.0858425879E-01
    4.3450000000E+01     7.3234789799E+00     5.7346017105E+00    -8.7430671561E+00     1.9058828243E+00     3.0858425879E-01
    4.3460000000E+01     7.2362944090E+00     5.7534411959E+00    -8.6935138936E+00     1.8619829575E+00     3.0858425879E-01
    4.3470000000E+01     7.1496152390E+00     5.7718407853E+00    -8.6419995713E+00     1.8179077694E+00     3.0858425879E-01
    4.3480000000E+01     7.0634607021E+00     5.7897988499E+00    -8.5885998873E+00     1.7736821250E+00     3.0858425879E-01
    4.3490000000E+01     6.9778492735E+00     5.8073140082E+00    -8.5333905322E+00     1.7293305800E+00     3.0858425879E-01
    4.3500000000E+01     6.8927986718E+00     5.8243851226E+00    -8.4764470758E+00     1.6848773547E+00     3.0858425879E-01
    4.3510000000E+01     6.8083258611E+00     5.8410112959E+00    -8.4178448572E+00     1.6403463077E+00     3.0858425879E-01
    4.3520000000E+01     6.7244470538E+00     5.8571918676E+00    -8.3576588799E+00     1.5957609127E+00     3.0858425880E-01
    4.3530000000E+01     6.6411777141E+00     5.8729264099E+00    -8.2959637106E+00     1.5511442351E+00     3.0858425880E-01
    4.3540000000E+01     6.5585325634E+00     5.8882147236E+00    -8.2328333822E+00     1.5065189111E+00     3.0858425880E-01
    4.3550000000E+01     6.4765255856E+00     5.9030568333E+00    -8.1683413016E+00     1.4619071281E+00     3.0858425880E-01
    4.3560000000E+01     6.3951700342E+00     5.9174529837E+00    -8.1025601624E+00     1.4173306065E+00     3.0858425880E-01
    4.3570000000E+01     6.3144784395E+00     5.9314036339E+00    -8.0355618613E+00     1.3728105827E+00     3.0858425880E-01
    4.3580000000E+01     6.2344626173E+00     5.9449094529E+00    -7.9674174199E+00     1.3283677936E+00     3.0858425880E-01
    4.3590000000E+01     6.1551336779E+00     5.9579713147E+00    -7.8981969106E+00     1.2840224632E+00     3.0858425880E-01
    4.3600000000E+01     6.0765020357E+00     5.9705902927E+00    -7.8279693880E+00     1.2397942897E+00     3.0858425880E-01
    4.3610000000E+01     5.9985774202E+00     5.9827676549E+00    -7.7568028238E+00     1.1957024345E+00     3.0858425880E-01
    4.3620000000E+01     5.9213688865E+00     5.9945048579E+00    -7.6847640472E+00     1.1517655124E+00     3.0858425881E-01
    4.3630000000E+01     5.8448848277E+00     6.0058035419E+00    -7.6119186896E+00     1.1080015833E+00     3.0858425881E-01
    4.3640000000E+01     5.7691329866E+00     6.0166655246E+00    -7.5383311337E+00     1.0644281449E+00     3.0858425881E-01
    4.3650000000E+01     5.6941204686E+00     6.0270927962E+00    -7.4640644675E+00     1.0210621272E+00     3.0858425881E-01
    4.3660000000E+01     5.6198537550E+00     6.0370875132E+00    -7.3891804415E+00     9.7791988775E-01     3.0858425881E-01
    4.3670000000E+01     5.5463387163E+00     6.0466519926E+00    -7.3137394322E+00     9.3501720800E-01     3.0858425881E-01
    4.3680000000E+01     5.4735806263E+00     6.0557887066E+00    -7.2378004076E+00     8.9236929148E-01     3.0858425881E-01
    4.3690000000E+01     5.4015841763E+00     6.0645002764E+00    -7.1614208982E+00     8.4999076245E-01     3.0858425881E-01
    4.3700000000E+01     5.3303534896E+00     6.0727894667E+00    -7.0846569715E+00     8.0789566584E-01     3.0858425881E-01
    4.3710000000E+01     5.2598921362E+00     6.0806591795E+00    -7.0075632105E+00     7.6609746828E-01     3.0858425881E-01
    4.3720000000E+01     5.1902031477E+00     6.0881124487E+00    -6.9301926956E+00     7.2460906002E-01     3.0858425881E-01
    4.3730000000E+01     5.1212890327E+00     6.0951524344E+00    -6.8525969901E+00     6.8344275776E-01     3.0858425881E-01
    4.3740000000E+01     5.0531517916E+00     6.1017824168E+00    -6.7748261299E+00     6.4261030844E-01     3.0858425881E-01
    4.3750000000E+01     4.9857929322E+00     6.1080057908E+00    -6.6969286151E+00     6.0212289382E-01     3.0858425881E-01
    4.3760000000E+01     4.9192134848E+00     6.1138260603E+00    -6.6189514065E+00     5.6199113585E-01     3.0858425881E-01
    4.3770000000E+01     4.8534140182E+00     6.1192468326E+00    -6.5409399233E+00     5.2222510275E-01     3.0858425881E-01
    4.3780000000E+01     4.7883946542E+00     6.1242718132E+00    -6.4629380449E+00     4.8283431584E-01     3.0858425881E-01
    4.3790000000E+01     4.7241550839E+00     6.1289047998E+00    -6.3849881152E+00     4.4382775698E-01     3.0858425881E-01
    4.3800000000E+01     4.6606945825E+00     6.1331496773E+00    -6.3071309492E+00     4.0521387658E-01     3.0858425881E-01
    4.3810000000E+01     4.5980120246E+00     6.1370104127E+00    -6.2294058421E+00     3.6700060221E-01     3.0858425881E-01
    4.3820000000E+01     4.5361058994E+00     6.1404910495E+00    -6.1518505806E+00     3.2919534769E-01     3.0858425881E-01
    4.3830000000E+01     4.4749743258E+00     6.1435957028E+00    -6.0745014568E+00     2.9180502267E-01     3.0858425881E-01
    4.3840000000E+01     4.4146150670E+00     6.1463285545E+00    -5.9973932836E+00     2.5483604253E-01     3.0858425881E-01
    4.3850000000E+01     4.3550255456E+00     6.1486938480E+00    -5.9205594118E+00     2.1829433882E-01     3.0858425881E-01
    4.3860000000E+01     4.2962028579E+00     6.1506958837E+00    -5.8440317499E+00     1.8218536989E-01     3.0858425881E-01
    4.3870000000E+01     4.2381437882E+00     6.1523390145E+00    -5.7678407838E+00     1.4651413190E-01     3.0858425881E-01
    4.3880000000E+01     4.1808448228E+00     6.1536276407E+00    -5.6920156002E+00     1.1128517005E-01     3.0858425881E-01
    4.3890000000E+01     4.1243021644E+00     6.1545662059E+00    -5.6165839087E+00     7.6502590034E-02     3.0858425881E-01
    4.3900000000E+01     4.0685117450E+00     6.1551591927E+00    -5.5415720677E+00     4.2170069728E-02     3.0858425881E-01
    4.3910000000E+01     4.0134692400E+00     6.1554111184E+00    -5.4670051093E+00     8.2908709570E-03     3.0858425881E-01
    4.3920000000E+01     3.9591700807E+00     6.1553265308E+00    -5.3929067662E+00    -2.5132148560E-02     3.0858425880E-01
    4.3930000000E+01     3.9056094676E+00     6.1549100043E+00    -5.3192994997E+00    -5.8096523201E-02     3.0858425880E-01
    4.3940000000E+01     3.8527823829E+00     6.1541661361E+00    -5.2462045271E+00    -9.0600167357E-02     3.0858425880E-01
    4.3950000000E+01     3.8006836027E+00     6.1530995425E+00    -5.1736418517E+00    -1.2264136333E-01     3.0858425880E-01
    4.3960000000E+01     3.7493077087E+00     6.1517148549E+00    -5.1016302914E+00    -1.5421874921E-01     3.0858425880E-01
    4.3970000000E+01     3.6986491008E+00     6.1500167169E+00    -5.0301875091E+00    -1.8533130677E-01     3.0858425880E-01
    4.3980000000E+01     3.6487020074E+00     6.1480097805E+00    -4.9593300430E+00    -2.1597834943E-01     3.0858425880E-01
    4.3990000000E+01     3.5994604973E+00     6.1456987029E+00    -4.8890733368E+00    -2.4615951021E-01     3.0858425880E-01
    4.4000000000E+01     3.5509184901E+00     6.1430881435E+00    -4.8194317709E+00    -2.7587472988E-01     3.0858425880E-01
    4.4010000000E+01     3.5030697668E+00     6.1401827607E+00    -4.7504186932E+00    -3.0512424509E-01     3.0858425880E-01
    4.4020000000E+01     3.4559079801E+00     6.1369872092E+00    -4.6820464499E+00    -3.3390857670E-01     3.0858425880E-01
    4.4030000000E+01     3.4094266637E+00     6.1335061371E+00    -4.6143264164E+00    -3.6222851824E-01     3.0858425880E-01
    4.4040000000E+01     3.3636192428E+00     6.1297441833E+00    -4.5472690283E+00    -3.9008512446E-01     3.0858425879E-01
    4.4050000000E+01     3.3184790425E+00     6.1257059748E+00    -4.4808838124E+00    -4.1747970012E-01     3.0858425879E-01
    4.4060000000E+01     3.2739992971E+00     6.1213961243E+00    -4.4151794165E+00    -4.4441378889E-01     3.0858425879E-01
    4.4070000000E+01     3.2301731587E+00     6.1168192281E+00    -4.3501636403E+00    -4.7088916250E-01     3.0858425879E-01
    4.4080000000E+01     3.1869937056E+00     6.1119798635E+00    -4.2858434653E+00    -4.9690781005E-01     3.0858425879E-01
    4.4090000000E+01     3.1444539500E+00     6.1068825870E+00    -4.2222250842E+00    -5.2247192749E-01     3.0858425879E-01
    4.4100000000E+01     3.1025468464E+00     6.1015319321E+00    -4.1593139306E+00    -5.4758390742E-01     3.0858425879E-01
    4.4110000000E+01     3.0612652983E+00     6.0959324074E+00    -4.0971147076E+00    -5.7224632902E-01     3.0858425879E-01
    4.4120000000E+01     3.0206021657E+00     6.0900884948E+00    -4.0356314165E+00    -5.9646194822E-01     3.0858425879E-01
    4.4130000000E+01     2.9805502723E+00     6.0840046480E+00    -3.9748673847E+00    -6.2023368814E-01     3.0858425879E-01
    4.4140000000E+01     2.9411024115E+00     6.0776852904E+00    -3.9148252930E+00    -6.4356462975E-01     3.0858425878E-01
    4.4150000000E+01     2.9022513531E+00     6.0711348140E+00    -3.8555072031E+00    -6.6645800272E-01     3.0858425878E-01
    4.4160000000E+01     2.8639898492E+00     6.0643575777E+00    -3.7969145837E+00    -6.8891717664E-01     3.0858425878E-01
    4.4170000000E+01     2.8263106401E+00     6.0573579061E+00    -3.7390483363E+00    -7.1094565233E-01     3.0858425878E-01
    4.4180000000E+01     2.7892064600E+00     6.0501400882E+00    -3.6819088212E+00    -7.3254705350E-01     3.0858425878E-01
    4.4190000000E+01     2.7526700418E+00     6.0427083762E+00    -3.6254958814E+00    -7.5372511865E-01     3.0858425878E-01
    4.4200000000E+01     2.7166941226E+00     6.0350669842E+00    -3.5698088673E+00    -7.7448369315E-01     3.0858425878E-01
    4.4210000000E+01     2.6812714484E+00     6.0272200875E+00    -3.5148466602E+00    -7.9482672164E-01     3.0858425878E-01
    4.4220000000E+01     2.6463947785E+00     6.0191718214E+00    -3.4606076954E+00    -8.1475824064E-01     3.0858425878E-01
    4.4230000000E+01     2.6120568902E+00     6.0109262806E+00    -3.4070899840E+00    -8.3428237144E-01     3.0858425877E-01
    4.4240000000E+01     2.5782505826E+00     6.0024875180E+00    -3.3542911353E+00    -8.5340331316E-01     3.0858425877E-01
    4.4250000000E+01     2.5449686805E+00     5.9938595441E+00    -3.3022083775E+00    -8.7212533611E-01     3.0858425877E-01
    4.4260000000E+01     2.5122040385E+00     5.9850463265E+00    -3.2508385785E+00    -8.9045277540E-01     3.0858425877E-01
    4.4270000000E+01     2.4799495440E+00     5.9760517892E+00    -3.2001782654E+00    -9.0839002473E-01     3.0858425877E-01
    4.4280000000E+01     2.4481981209E+00     5.9668798119E+00    -3.1502236442E+00    -9.2594153046E-01     3.0858425877E-01
    4.4290000000E+01     2.4169427324E+00     5.9575342294E+00    -3.1009706180E+00    -9.4311178586E-01     3.0858425877E-01
    4.4300000000E+01     2.3861763844E+00     5.9480188319E+00    -3.0524148054E+00    -9.5990532566E-01     3.0858425877E-01
    4.4310000000E+01     2.3558921278E+00     5.9383373634E+00    -3.0045515581E+00    -9.7632672071E-01     3.0858425877E-01
    4.4320000000E+01     2.3260830611E+00     5.9284935226E+00    -2.9573759770E+00    -9.9238057299E-01     3.0858425877E-01
    4.4330000000E+01     2.2967423331E+00     5.9184909617E+00    -2.9108829295E+00    -1.0080715107E+00     3.0858425876E-01
    4.4340000000E+01     2.2678631452E+00     5.9083332866E+00    -2.8650670643E+00    -1.0234041836E+00     3.0858425876E-01
    4.4350000000E+01     2.2394387530E+00     5.8980240566E+00    -2.8199228272E+00    -1.0383832588E+00     3.0858425876E-01
    4.4360000000E+01     2.2114624690E+00     5.8875667845E+00    -2.7754444751E+00    -1.0530134160E+00     3.0858425876E-01
    4.4370000000E+01     2.1839276636E+00     5.8769649358E+00    -2.7316260906E+00    -1.0672993442E+00     3.0858425876E-01
    4.4380000000E+01     2.1568277676E+00     5.8662219294E+00    -2.6884615948E+00    -1.0812457370E+00     3.0858425876E-01
    4.4390000000E+01     2.1301562729E+00     5.8553411371E+00    -2.6459447611E+00    -1.0948572895E+00     3.0858425876E-01
    4.4400000000E+01     2.1039067347E+00     5.8443258840E+00    -2.6040692267E+00    -1.1081386949E+00     3.0858425876E-01
    4.4410000000E+01     2.0780727723E+00     5.8331794481E+00    -2.5628285053E+00    -1.1210946405E+00     3.0858425876E-01
    4.4420000000E+01     2.0526480705E+00     5.8219050605E+00    -2.5222159981E+00    -1.1337298053E+00     3.0858425876E-01
    4.4430000000E+01     2.0276263806E+00     5.8105059057E+00    -2.4822250050E+00    -1.1460488564E+00     3.0858425876E-01
    4.4440000000E+01     2.0030015213E+00     5.7989851216E+00    -2.4428487348E+00    -1.1580564466E+00     3.0858425875E-01
    4.4450000000E+01     1.9787673797E+00     5.7873457995E+00    -2.4040803156E+00    -1.1697572115E+00     3.0858425875E-01
    4.4460000000E+01     1.9549179120E+00     5.7755909847E+00    -2.3659128041E+00    -1.1811557670E+00     3.0858425875E-01
    4.4470000000E+01     1.9314471440E+00     5.7637236762E+00    -2.3283391949E+00    -1.1922567072E+00     3.0858425875E-01
    4.4480000000E+01     1.9083491720E+00     5.7517468274E+00    -2.2913524290E+00    -1.2030646014E+00     3.0858425875E-01
    4.4490000000E+01     1.8856181629E+00     5.7396633459E+00    -2.2549454024E+00    -1.2135839929E+00     3.0858425875E-01
    4.4500000000E+01     1.8632483553E+00     5.7274760941E+00    -2.2191109741E+00    -1.2238193964E+00     3.0858425875E-01
    4.4510000000E+01     1.8412340587E+00     5.7151878896E+00    -2.1838419731E+00    -1.2337752964E+00     3.0858425875E-01
    4.4520000000E+01     1.8195696550E+00     5.7028015050E+00    -2.1491312063E+00    -1.2434561453E+00     3.0858425875E-01
    4.4530000000E+01     1.7982495978E+00     5.6903196688E+00    -2.1149714648E+00    -1.2528663619E+00     3.0858425875E-01
    4.4540000000E+01     1.7772684130E+00     5.6777450653E+00    -2.0813555304E+00    -1.2620103299E+00     3.0858425875E-01
    4.4550000000E+01     1.7566206986E+00     5.6650803352E+00    -2.0482761820E+00    -1.2708923965E+00     3.0858425875E-01
    4.4560000000E+01     1.7363011248E+00     5.6523280760E+00    -2.0157262012E+00    -1.2795168708E+00     3.0858425874E-01
    4.4570000000E+01     1.7163044341E+00     5.6394908422E+00    -1.9836983779E+00    -1.2878880230E+00     3.0858425874E-01
    4.4580000000E+01     1.6966254408E+00     5.6265711458E+00    -1.9521855153E+00    -1.2960100833E+00     3.0858425874E-01
    4.4590000000E+01     1.6772590312E+00     5.6135714568E+00    -1.9211804350E+00    -1.3038872404E+00     3.0858425874E-01
    4.4600000000E+01     1.6582001633E+00     5.6004942035E+00    -1.8906759815E+00    -1.3115236411E+00     3.0858425874E-01
    4.4610000000E+01     1.6394438666E+00     5.5873417729E+00    -1.8606650267E+00    -1.3189233892E+00     3.0858425874E-01
    4.4620000000E+01     1.6209852414E+00     5.5741165110E+00    -1.8311404738E+00    -1.3260905446E+00     3.0858425874E-01
    4.4630000000E+01     1.6028194593E+00     5.5608207239E+00    -1.8020952611E+00    -1.3330291230E+00     3.0858425874E-01
    4.4640000000E+01     1.5849417618E+00     5.5474566773E+00    -1.7735223659E+00    -1.3397430949E+00     3.0858425874E-01
    4.4650000000E+01     1.5673474609E+00     5.5340265976E+00    -1.7454148075E+00    -1.3462363854E+00     3.0858425874E-01
    4.4660000000E+01     1.5500319377E+00     5.5205326722E+00    -1.7177656505E+00    -1.3525128734E+00     3.0858425874E-01
    4.4670000000E+01     1.5329906428E+00     5.5069770500E+00    -1.6905680080E+00    -1.3585763912E+00     3.0858425874E-01
    4.4680000000E+01     1.5162190953E+00     5.4933618417E+00    -1.6638150438E+00    -1.3644307245E+00     3.0858425874E-01
    4.4690000000E+01     1.4997128823E+00     5.4796891203E+00    -1.6374999754E+00    -1.3700796117E+00     3.0858425874E-01
    4.4700000000E+01     1.4834676585E+00     5.4659609219E+00    -1.6116160758E+00    -1.3755267437E+00     3.0858425874E-01
    4.4710000000E+01     1.4674791458E+00     5.4521792458E+00    -1.5861566766E+00    -1.3807757641E+00     3.0858425874E-01
    4.4720000000E+01     1.4517431321E+00     5.4383460550E+00    -1.5611151688E+00    -1.3858302685E+00     3.0858425874E-01
    4.4730000000E+01     1.4362554713E+00     5.4244632770E+00    -1.5364850057E+00    -1.3906938048E+00     3.0858425873E-01
    4.4740000000E+01     1.4210120824E+00     5.4105328038E+00    -1.5122597040E+00    -1.3953698729E+00     3.0858425873E-01
    4.4750000000E+01     1.4060089490E+00     5.3965564929E+00    -1.4884328453E+00    -1.3998619249E+00     3.0858425873E-01
    4.4760000000E+01     1.3912421185E+00     5.3825361674E+00    -1.4649980779E+00    -1.4041733649E+00     3.0858425873E-01
    4.4770000000E+01     1.3767077015E+00     5.3684736165E+00    -1.4419491176E+00    -1.4083075493E+00     3.0858425873E-01
    4.4780000000E+01     1.3624018709E+00     5.3543705962E+00    -1.4192797491E+00    -1.4122677867E+00     3.0858425873E-01
    4.4790000000E+01     1.3483208617E+00     5.3402288297E+00    -1.3969838270E+00    -1.4160573381E+00     3.0858425873E-01
    4.4800000000E+01     1.3344609698E+00     5.3260500077E+00    -1.3750552766E+00    -1.4196794172E+00     3.0858425873E-01
    4.4810000000E+01     1.3208185516E+00     5.3118357890E+00    -1.3534880945E+00    -1.4231371903E+00     3.0858425873E-01
    4.4820000000E+01     1.3073900231E+00     5.2975878011E+00    -1.3322763497E+00    -1.4264337767E+00     3.0858425873E-01
    4.4830000000E+01     1.2941718594E+00     5.2833076405E+00    -1.3114141838E+00    -1.4295722489E+00     3.0858425873E-01
    4.4840000000E+01     1.2811605935E+00     5.2689968731E+00    -1.2908958116E+00    -1.4325556331E+00     3.0858425873E-01
    4.4850000000E+01     1.2683528162E+00     5.2546570349E+00    -1.2707155215E+00    -1.4353869091E+00     3.0858425873E-01
    4.4860000000E+01     1.2557451749E+00     5.2402896322E+00    -1.2508676759E+00    -1.4380690108E+00     3.0858425873E-01
    4.4870000000E+01     1.2433343731E+00     5.2258961423E+00    -1.2313467111E+00    -1.4406048265E+00     3.0858425873E-01
    4.4880000000E+01     1.2311171694E+00     5.2114780138E+00    -1.2121471379E+00    -1.4429971994E+00     3.0858425873E-01
    4.4890000000E+01     1.2190903771E+00     5.1970366671E+00    -1.1932635413E+00    -1.4452489278E+00     3.0858425873E-01
    4.4900000000E+01     1.2072508631E+00     5.1825734949E+00    -1.1746905805E+00    -1.4473627655E+00     3.0858425873E-01
    4.4910000000E+01     1.1955955476E+00     5.1680898624E+00    -1.1564229892E+00    -1.4493414221E+00     3.0858425873E-01
    4.4920000000E+01     1.1841214028E+00     5.1535871081E+00    -1.1384555752E+00    -1.4511875637E+00     3.0858425873E-01
    4.4930000000E+01     1.1728254526E+00     5.1390665441E+00    -1.1207832203E+00    -1.4529038131E+00     3.0858425873E-01
    4.4940000000E+01     1.1617047716E+00     5.1245294562E+00    -1.1034008799E+00    -1.4544927503E+00     3.0858425873E-01
    4.4950000000E+01     1.1507564848E+00     5.1099771050E+00    -1.0863035830E+00    -1.4559569129E+00     3.0858425873E-01
    4.4960000000E+01     1.1399777662E+00     5.0954107256E+00    -1.0694864319E+00    -1.4572987966E+00     3.0858425873E-01
    4.4970000000E+01     1.1293658385E+00     5.0808315285E+00    -1.0529446014E+00    -1.4585208555E+00     3.0858425873E-01
    4.4980000000E+01     1.1189179723E+00     5.0662406998E+00    -1.0366733388E+00    -1.4596255028E+00     3.0858425873E-01
    4.4990000000E+01     1.1086314854E+00     5.0516394019E+00    -1.0206679636E+00    -1.4606151114E+00     3.0858425873E-01
    4.5000000000E+01     1.0985037421E+00     5.0370287733E+00    -1.0049238663E+00    -1.4614920137E+00     3.0858425873E-01
    4.5010000000E+01     1.0885321523E+00     5.0224099296E+00    -9.8943650862E-01    -1.4622585028E+00     3.0858425873E-01
    4.5020000000E+01     1.0787141710E+00     5.0077839637E+00    -9.7420142270E-01    -1.4629168328E+00     3.0858425873E-01
    4.5030000000E+01     1.0690472976E+00     4.9931519461E+00    -9.5921421042E-01    -1.4634692190E+00     3.0858425873E-01
    4.5040000000E+01     1.0595290750E+00     4.9785149252E+00    -9.4447054294E-01    -1.4639178387E+00     3.0858425873E-01
    4.5050000000E+01     1.0501570891E+00     4.9638739281E+00    -9.2996616000E-01    -1.4642648317E+00     3.0858425873E-01
    4.5060000000E+01     1.0409289682E+00     4.9492299603E+00    -9.1569686935E-01    -1.4645123006E+00     3.0858425872E-01
    4.5070000000E+01     1.0318423819E+00     4.9345840069E+00    -9.0165854602E-01    -1.4646623113E+00     3.0858425872E-01
    4.5080000000E+01     1.0228950409E+00     4.9199370322E+00    -8.8784713171E-01    -1.4647168937E+00     3.0858425872E-01
    4.5090000000E+01     1.0140846962E+00     4.9052899805E+00    -8.7425863401E-01    -1.4646780422E+00     3.0858425872E-01
    4.5100000000E+01     1.0054091382E+00     4.8906437763E+00    -8.6088912576E-01    -1.4645477161E+00     3.0858425872E-01
    4.5110000000E+01     9.9686619657E-01     4.8759993247E+00    -8.4773474428E-01    -1.4643278397E+00     3.0858425872E-01
    4.5120000000E+01     9.8845373894E-01     4.8613575117E+00    -8.3479169066E-01    -1.4640203038E+00     3.0858425872E-01
    4.5130000000E+01     9.8016967079E-01     4.8467192046E+00    -8.2205622901E-01    -1.4636269651E+00     3.0858425872E-01
    4.5140000000E+01     9.7201193464E-01     4.8320852523E+00    -8.0952468567E-01    -1.4631496475E+00     3.0858425872E-01
    4.5150000000E+01     9.6397850940E-01     4.8174564856E+00    -7.9719344849E-01    -1.4625901420E+00     3.0858425872E-01
    4.5160000000E+01     9.5606740982E-01     4.8028337176E+00    -7.8505896606E-01    -1.4619502078E+00     3.0858425872E-01
    4.5170000000E+01     9.4827668587E-01     4.7882177438E+00    -7.7311774686E-01    -1.4612315722E+00     3.0858425872E-01
    4.5180000000E+01     9.4060442212E-01     4.7736093428E+00    -7.6136635859E-01    -1.4604359314E+00     3.0858425872E-01
    4.5190000000E+01     9.3304873718E-01     4.7590092763E+00    -7.4980142729E-01    -1.4595649510E+00     3.0858425872E-01
    4.5200000000E+01     9.2560778312E-01     4.7444182894E+00    -7.3841963660E-01    -1.4586202663E+00     3.0858425872E-01
    4.5210000000E+01     9.1827974486E-01     4.7298371113E+00    -7.2721772696E-01    -1.4576034829E+00     3.0858425872E-01
    4.5220000000E+01     9.1106283966E-01     4.7152664549E+00    -7.1619249482E-01    -1.4565161773E+00     3.0858425872E-01
    4.5230000000E+01     9.0395531653E-01     4.7007070176E+00    -7.0534079184E-01    -1.4553598971E+00     3.0858425872E-01
    4.5240000000E+01     8.9695545571E-01     4.6861594818E+00    -6.9465952412E-01    -1.4541361614E+00     3.0858425872E-01
    4.5250000000E+01     8.9006156807E-01     4.6716245143E+00    -6.8414565138E-01    -1.4528464617E+00     3.0858425872E-01
    4.5260000000E+01     8.8327199466E-01     4.6571027675E+00    -6.7379618620E-01    -1.4514922619E+00     3.0858425872E-01
    4.5270000000E+01     8.7658510612E-01     4.6425948793E+00    -6.6360819323E-01    -1.4500749992E+00     3.0858425872E-01
    4.5280000000E+01     8.6999930218E-01     4.6281014730E+00    -6.5357878839E-01    -1.4485960840E+00     3.0858425872E-01
    4.5290000000E+01     8.6351301117E-01     4.6136231585E+00    -6.4370513810E-01    -1.4470569008E+00     3.0858425872E-01
    4.5300000000E+01     8.5712468952E-01     4.5991605314E+00    -6.3398445854E-01    -1.4454588083E+00     3.0858425872E-01
    4.5310000000E+01     8.5083282122E-01     4.5847141742E+00    -6.2441401479E-01    -1.4438031402E+00     3.0858425872E-01
    4.5320000000E+01     8.4463591740E-01     4.5702846561E+00    -6.1499112019E-01    -1.4420912051E+00     3.0858425872E-01
    4.5330000000E+01     8.3853251579E-01     4.5558725334E+00    -6.0571313545E-01    -1.4403242877E+00     3.0858425872E-01
    4.5340000000E+01     8.3252118030E-01     4.5414783495E+00    -5.9657746799E-01    -1.4385036482E+00     3.0858425872E-01
    4.5350000000E+01     8.2660050053E-01     4.5271026354E+00    -5.8758157116E-01    -1.4366305237E+00     3.0858425872E-01
    4.5360000000E+01     8.2076909132E-01     4.5127459099E+00    -5.7872294347E-01    -1.4347061280E+00     3.0858425872E-01
    4.5370000000E+01     8.1502559229E-01     4.4984086797E+00    -5.6999912791E-01    -1.4327316520E+00     3.0858425872E-01
    4.5380000000E+01     8.0936866744E-01     4.4840914399E+00    -5.6140771116E-01    -1.4307082646E+00     3.0858425872E-01
    4.5390000000E+01     8.0379700465E-01     4.4697946737E+00    -5.5294632292E-01    -1.4286371125E+00     3.0858425872E-01
    4.5400000000E+01     7.9830931531E-01     4.4555188531E+00    -5.4461263515E-01    -1.4265193207E+00     3.0858425872E-01
    4.5410000000E+01     7.9290433390E-01     4.4412644390E+00    -5.3640436139E-01    -1.4243559934E+00     3.0858425872E-01
    4.5420000000E+01     7.8758081753E-01     4.4270318814E+00    -5.2831925607E-01    -1.4221482137E+00     3.0858425872E-01
    4.5430000000E+01     7.8233754557E-01     4.4128216194E+00    -5.2035511378E-01    -1.4198970443E+00     3.0858425872E-01
    4.5440000000E+01     7.7717331927E-01     4.3986340817E+00    -5.1250976860E-01    -1.4176035277E+00     3.0858425872E-01
    4.5450000000E+01     7.7208696131E-01     4.3844696866E+00    -5.0478109346E-01    -1.4152686869E+00     3.0858425872E-01
    4.5460000000E+01     7.6707731546E-01     4.3703288423E+00    -4.9716699942E-01    -1.4128935253E+00     3.0858425872E-01
    4.5470000000E+01     7.6214324622E-01     4.3562119472E+00    -4.8966543502E-01    -1.4104790274E+00     3.0858425872E-01
    4.5480000000E+01     7.5728363838E-01     4.3421193897E+00    -4.8227438566E-01    -1.4080261589E+00     3.0858425872E-01
    4.5490000000E+01     7.5249739672E-01     4.3280515488E+00    -4.7499187293E-01    -1.4055358672E+00     3.0858425872E-01
    4.5500000000E+01     7.4778344562E-01     4.3140087940E+00    -4.6781595398E-01    -1.4030090816E+00     3.0858425872E-01
    4.5510000000E+01     7.4314072870E-01     4.2999914857E+00    -4.6074472087E-01    -1.4004467137E+00     3.0858425872E-01
    4.5520000000E+01     7.3856820850E-01     4.2859999753E+00    -4.5377630001E-01    -1.3978496578E+00     3.0858425872E-01
    4.5530000000E+01     7.3406486612E-01     4.2720346053E+00    -4.4690885150E-01    -1.3952187910E+00     3.0858425872E-01
    4.5540000000E+01     7.2962970092E-01     4.2580957093E+00    -4.4014056855E-01    -1.3925549738E+00     3.0858425872E-01
    4.5550000000E+01     7.2526173012E-01     4.2441836128E+00    -4.3346967686E-01    -1.3898590501E+00     3.0858425872E-01
    4.5560000000E+01     7.2095998855E-01     4.2302986326E+00    -4.2689443409E-01    -1.3871318477E+00     3.0858425872E-01
    4.5570000000E+01     7.1672352831E-01     4.2164410774E+00    -4.2041312923E-01    -1.3843741784E+00     3.0858425872E-01
    4.5580000000E+01     7.1255141845E-01     4.2026112479E+00    -4.1402408207E-01    -1.3815868386E+00     3.0858425872E-01
    4.5590000000E+01     7.0844274465E-01     4.1888094369E+00    -4.0772564261E-01    -1.3787706093E+00     3.0858425872E-01
    4.5600000000E+01     7.0439660897E-01     4.1750359295E+00    -4.0151619056E-01    -1.3759262567E+00     3.0858425872E-01
    4.5610000000E+01     7.0041212952E-01     4.1612910030E+00    -3.9539413473E-01    -1.3730545319E+00     3.0858425872E-01
    4.5620000000E+01     6.9648844017E-01     4.1475749276E+00    -3.8935791255E-01    -1.3701561719E+00     3.0858425872E-01
    4.5630000000E+01     6.9262469028E-01     4.1338879660E+00    -3.8340598953E-01    -1.3672318992E+00     3.0858425872E-01
    4.5640000000E+01     6.8882004441E-01     4.1202303737E+00    -3.7753685873E-01    -1.3642824226E+00     3.0858425872E-01
    4.5650000000E+01     6.8507368206E-01     4.1066023992E+00    -3.7174904029E-01    -1.3613084370E+00     3.0858425872E-01
    4.5660000000E+01     6.8138479741E-01     4.0930042843E+00    -3.6604108088E-01    -1.3583106242E+00     3.0858425872E-01
    4.5670000000E+01     6.7775259901E-01     4.0794362639E+00    -3.6041155324E-01    -1.3552896525E+00     3.0858425872E-01
    4.5680000000E+01     6.7417630958E-01     4.0658985663E+00    -3.5485905568E-01    -1.3522461775E+00     3.0858425872E-01
    4.5690000000E+01     6.7065516572E-01     4.0523914133E+00    -3.4938221163E-01    -1.3491808418E+00     3.0858425872E-01
    4.5700000000E+01     6.6718841768E-01     4.0389150202E+00    -3.4397966915E-01    -1.3460942759E+00     3.0858425872E-01
    4.5710000000E+01     6.6377532909E-01     4.0254695964E+00    -3.3865010045E-01    -1.3429870980E+00     3.0858425872E-01
    4.5720000000E+01     6.6041517677E-01     4.0120553450E+00    -3.3339220149E-01    -1.3398599140E+00     3.0858425872E-01
    4.5730000000E+01     6.5710725043E-01     3.9986724629E+00    -3.2820469151E-01    -1.3367133184E+00     3.0858425872E-01
    4.5740000000E+01     6.5385085251E-01     3.9853211414E+00    -3.2308631256E-01    -1.3335478940E+00     3.0858425872E-01
    4.5750000000E+01     6.5064529787E-01     3.9720015658E+00    -3.1803582912E-01    -1.3303642121E+00     3.0858425872E-01
    4.5760000000E+01     6.4748991365E-01     3.9587139161E+00    -3.1305202767E-01    -1.3271628333E+00     3.0858425872E-01
    4.5770000000E+01     6.4438403902E-01     3.9454583663E+00    -3.0813371623E-01    -1.3239443067E+00     3.0858425872E-01
    4.5780000000E+01     6.4132702493E-01     3.9322350853E+00    -3.0327972402E-01    -1.3207091713E+00     3.0858425872E-01
    4.5790000000E+01     6.3831823397E-01     3.9190442365E+00    -2.9848890099E-01    -1.3174579550E+00     3.0858425872E-01
    4.5800000000E+01     6.3535704012E-01     3.9058859781E+00    -2.9376011750E-01    -1.3141911758E+00     3.0858425872E-01
    4.5810000000E+01     6.3244282853E-01     3.8927604632E+00    -2.8909226386E-01    -1.3109093415E+00     3.0858425872E-01
    4.5820000000E+01     6.2957499537E-01     3.8796678398E+00    -2.8448425000E-01    -1.3076129497E+00     3.0858425872E-01
    4.5830000000E+01     6.2675294763E-01     3.8666082511E+00    -2.7993500509E-01    -1.3043024886E+00     3.0858425872E-01
    4.5840000000E+01     6.2397610288E-01     3.8535818353E+00    -2.7544347713E-01    -1.3009784366E+00     3.0858425872E-01
    4.5850000000E+01     6.2124388915E-01     3.8405887261E+00    -2.7100863266E-01    -1.2976412628E+00     3.0858425872E-01
    4.5860000000E+01     6.1855574467E-01     3.8276290523E+00    -2.6662945636E-01    -1.2942914270E+00     3.0858425872E-01
    4.5870000000E+01     6.1591111778E-01     3.8147029382E+00    -2.6230495072E-01    -1.2909293802E+00     3.0858425872E-01
    4.5880000000E+01     6.1330946669E-01     3.8018105039E+00    -2.5803413568E-01    -1.2875555643E+00     3.0858425872E-01
    4.5890000000E+01     6.1075025931E-01     3.7889518647E+00    -2.5381604832E-01    -1.2841704125E+00     3.0858425872E-01
    4.5900000000E+01     6.0823297312E-01     3.7761271320E+00    -2.4964974252E-01    -1.2807743496E+00     3.0858425872E-01
    4.5910000000E+01     6.0575709496E-01     3.7633364127E+00    -2.4553428864E-01    -1.2773677918E+00     3.0858425872E-01
    4.5920000000E+01     6.0332212089E-01     3.7505798098E+00    -2.4146877319E-01    -1.2739511474E+00     3.0858425872E-01
    4.5930000000E+01     6.0092755603E-01     3.7378574221E+00    -2.3745229854E-01    -1.2705248163E+00     3.0858425872E-01
    4.5940000000E+01     5.9857291439E-01     3.7251693445E+00    -2.3348398261E-01    -1.2670891907E+00     3.0858425872E-01
    4.5950000000E+01     5.9625771874E-01     3.7125156680E+00    -2.2956295857E-01    -1.2636446549E+00     3.0858425872E-01
    4.5960000000E+01     5.9398150042E-01     3.6998964798E+00    -2.2568837453E-01    -1.2601915857E+00     3.0858425872E-01
    4.5970000000E+01     5.9174379924E-01     3.6873118635E+00    -2.2185939326E-01    -1.2567303523E+00     3.0858425872E-01
    4.5980000000E+01     5.8954416329E-01     3.6747618988E+00    -2.1807519194E-01    -1.2532613166E+00     3.0858425872E-01
    4.5990000000E+01     5.8738214883E-01     3.6622466620E+00    -2.1433496182E-01    -1.2497848334E+00     3.0858425872E-01
    4.6000000000E+01     5.8525732013E-01     3.6497662258E+00    -2.1063790801E-01    -1.2463012503E+00     3.0858425873E-01
    4.6010000000E+01     5.8316924935E-01     3.6373206595E+00    -2.0698324917E-01    -1.2428109079E+00     3.0858425873E-01
    4.6020000000E+01     5.8111751639E-01     3.6249100290E+00    -2.0337021725E-01    -1.2393141403E+00     3.0858425873E-01
    4.6030000000E+01     5.7910170877E-01     3.6125343970E+00    -1.9979805727E-01    -1.2358112746E+00     3.0858425873E-01
    4.6040000000E+01     5.7712142148E-01     3.6001938228E+00    -1.9626602702E-01    -1.2323026315E+00     3.0858425873E-01
    4.6050000000E+01     5.7517625690E-01     3.5878883626E+00    -1.9277339683E-01    -1.2287885252E+00     3.0858425873E-01
    4.6060000000E+01     5.7326582461E-01     3.5756180695E+00    -1.8931944936E-01    -1.2252692637E+00     3.0858425873E-01
    4.6070000000E+01     5.7138974132E-01     3.5633829935E+00    -1.8590347930E-01    -1.2217451487E+00     3.0858425873E-01
    4.6080000000E+01     5.6954763074E-01     3.5511831817E+00    -1.8252479317E-01    -1.2182164759E+00     3.0858425873E-01
    4.6090000000E+01     5.6773912345E-01     3.5390186782E+00    -1.7918270910E-01    -1.2146835351E+00     3.0858425873E-01
    4.6100000000E+01     5.6596385679E-01     3.5268895243E+00    -1.7587655658E-01    -1.2111466099E+00     3.0858425873E-01
    4.6110000000E+01     5.6422147475E-01     3.5147957583E+00    -1.7260567626E-01    -1.2076059787E+00     3.0858425873E-01
    4.6120000000E+01     5.6251162785E-01     3.5027374161E+00    -1.6936941972E-01    -1.2040619139E+00     3.0858425873E-01
    4.6130000000E+01     5.6083397307E-01     3.4907145306E+00    -1.6616714925E-01    -1.2005146823E+00     3.0858425873E-01
    4.6140000000E+01     5.5918817367E-01     3.4787271322E+00    -1.6299823766E-01    -1.1969645457E+00     3.0858425873E-01
    4.6150000000E+01     5.5757389917E-01     3.4667752485E+00    -1.5986206806E-01    -1.1934117601E+00     3.0858425873E-01
    4.6160000000E+01     5.5599082519E-01     3.4548589050E+00    -1.5675803369E-01    -1.1898565766E+00     3.0858425873E-01
    4.6170000000E+01     5.5443863337E-01     3.4429781242E+00    -1.5368553765E-01    -1.1862992411E+00     3.0858425873E-01
    4.6180000000E+01     5.5291701127E-01     3.4311329265E+00    -1.5064399280E-01    -1.1827399943E+00     3.0858425873E-01
    4.6190000000E+01     5.5142565227E-01     3.4193233299E+00    -1.4763282150E-01    -1.1791790722E+00     3.0858425873E-01
    4.6200000000E+01     5.4996425549E-01     3.4075493499E+00    -1.4465145546E-01    -1.1756167058E+00     3.0858425873E-01
    4.6210000000E+01     5.4853252568E-01     3.3958109998E+00    -1.4169933554E-01    -1.1720531215E+00     3.0858425873E-01
    4.6220000000E+01     5.4713017313E-01     3.3841082908E+00    -1.3877591156E-01    -1.1684885408E+00     3.0858425873E-01
    4.6230000000E+01     5.4575691360E-01     3.3724412316E+00    -1.3588064218E-01    -1.1649231809E+00     3.0858425873E-01
    4.6240000000E+01     5.4441246821E-01     3.3608098290E+00    -1.3301299465E-01    -1.1613572542E+00     3.0858425873E-01
    4.6250000000E+01     5.4309656338E-01     3.3492140877E+00    -1.3017244471E-01    -1.1577909690E+00     3.0858425873E-01
    4.6260000000E+01     5.4180893071E-01     3.3376540102E+00    -1.2735847635E-01    -1.1542245290E+00     3.0858425873E-01
    4.6270000000E+01     5.4054930694E-01     3.3261295970E+00    -1.2457058174E-01    -1.1506581339E+00     3.0858425873E-01
    4.6280000000E+01     5.3931743383E-01     3.3146408467E+00    -1.2180826099E-01    -1.1470919791E+00     3.0858425873E-01
    4.6290000000E+01     5.3811305812E-01     3.3031877560E+00    -1.1907102203E-01    -1.1435262559E+00     3.0858425873E-01
    4.6300000000E+01     5.3693593140E-01     3.2917703195E+00    -1.1635838045E-01    -1.1399611516E+00     3.0858425873E-01
    4.6310000000E+01     5.3578581011E-01     3.2803885303E+00    -1.1366985934E-01    -1.1363968495E+00     3.0858425873E-01
    4.6320000000E+01     5.3466245538E-01     3.2690423793E+00    -1.1100498917E-01    -1.1328335292E+00     3.0858425873E-01
    4.6330000000E+01     5.3356563303E-01     3.2577318558E+00    -1.0836330762E-01    -1.1292713663E+00     3.0858425873E-01
    4.6340000000E+01     5.3249511345E-01     3.2464569475E+00    -1.0574435943E-01    -1.1257105329E+00     3.0858425873E-01
    4.6350000000E+01     5.3145067156E-01     3.2352176402E+00    -1.0314769629E-01    -1.1221511973E+00     3.0858425873E-01
    4.6360000000E+01     5.3043208671E-01     3.2240139180E+00    -1.0057287666E-01    -1.1185935242E+00     3.0858425873E-01
    4.6370000000E+01     5.2943914266E-01     3.2128457636E+00    -9.8019465705E-02    -1.1150376748E+00     3.0858425873E-01
    4.6380000000E+01     5.2847162747E-01     3.2017131579E+00    -9.5487035082E-02    -1.1114838068E+00     3.0858425873E-01
    4.6390000000E+01     5.2752933343E-01     3.1906160803E+00    -9.2975162865E-02    -1.1079320747E+00     3.0858425873E-01
    4.6400000000E+01     5.2661205707E-01     3.1795545088E+00    -9.0483433398E-02    -1.1043826295E+00     3.0858425873E-01
    4.6410000000E+01     5.2571959899E-01     3.1685284196E+00    -8.8011437174E-02    -1.1008356188E+00     3.0858425873E-01
    4.6420000000E+01     5.2485176389E-01     3.1575377878E+00    -8.5558770714E-02    -1.0972911874E+00     3.0858425873E-01
    4.6430000000E+01     5.2400836047E-01     3.1465825868E+00    -8.3125036443E-02    -1.0937494765E+00     3.0858425873E-01
    4.6440000000E+01     5.2318920136E-01     3.1356627888E+00    -8.0709842577E-02    -1.0902106245E+00     3.0858425873E-01
    4.6450000000E+01     5.2239410310E-01     3.1247783643E+00    -7.8312803002E-02    -1.0866747666E+00     3.0858425873E-01
    4.6460000000E+01     5.2162288606E-01     3.1139292830E+00    -7.5933537167E-02    -1.0831420352E+00     3.0858425873E-01
    4.6470000000E+01     5.2087537436E-01     3.1031155128E+00    -7.3571669967E-02    -1.0796125597E+00     3.0858425873E-01
    4.6480000000E+01     5.2015139589E-01     3.0923370205E+00    -7.1226831638E-02    -1.0760864664E+00     3.0858425873E-01
    4.6490000000E+01     5.1945078218E-01     3.0815937718E+00    -6.8898657646E-02    -1.0725638792E+00     3.0858425873E-01
    4.6500000000E+01     5.1877336839E-01     3.0708857309E+00    -6.6586788586E-02    -1.0690449189E+00     3.0858425873E-01
    4.6510000000E+01     5.1811899324E-01     3.0602128609E+00    -6.4290870075E-02    -1.0655297037E+00     3.0858425873E-01
    4.6520000000E+01     5.1748749899E-01     3.0495751239E+00    -6.2010552653E-02    -1.0620183492E+00     3.0858425873E-01
    4.6530000000E+01     5.1687873134E-01     3.0389724807E+00    -5.9745491683E-02    -1.0585109682E+00     3.0858425873E-01
    4.6540000000E+01     5.1629253943E-01     3.0284048909E+00    -5.7495347252E-02    -1.0550076712E+00     3.0858425873E-01
    4.6550000000E+01     5.1572877579E-01     3.0178723133E+00    -5.5259784079E-02    -1.0515085660E+00     3.0858425873E-01
    4.6560000000E+01     5.1518729625E-01     3.0073747053E+00    -5.3038471417E-02    -1.0480137578E+00     3.0858425873E-01
    4.6570000000E+01     5.1466795995E-01     2.9969120235E+00    -5.0831082961E-02    -1.0445233497E+00     3.0858425873E-01
    4.6580000000E+01     5.1417062925E-01     2.9864842233E+00    -4.8637296760E-02    -1.0410374421E+00     3.0858425873E-01
    4.6590000000E+01     5.1369516973E-01     2.9760912593E+00    -4.6456795126E-02    -1.0375561333E+00     3.0858425873E-01
    4.6600000000E+01     5.1324145011E-01     2.9657330850E+00    -4.4289264549E-02    -1.0340795191E+00     3.0858425873E-01
    4.6610000000E+01     5.1280934223E-01     2.9554096529E+00    -4.2134395607E-02    -1.0306076932E+00     3.0858425873E-01
    4.6620000000E+01     5.1239872101E-01     2.9451209149E+00    -3.9991882885E-02    -1.0271407469E+00     3.0858425873E-01
    4.6630000000E+01     5.1200946439E-01     2.9348668214E+00    -3.7861424893E-02    -1.0236787696E+00     3.0858425873E-01
    4.6640000000E+01     5.1164145332E-01     2.9246473226E+00    -3.5742723983E-02    -1.0202218484E+00     3.0858425873E-01
    4.6650000000E+01     5.1129457170E-01     2.9144623673E+00    -3.3635486268E-02    -1.0167700682E+00     3.0858425873E-01
    4.6660000000E+01     5.1096870635E-01     2.9043119038E+00    -3.1539421550E-02    -1.0133235119E+00     3.0858425873E-01
    4.6670000000E+01     5.1066374698E-01     2.8941958794E+00    -2.9454243234E-02    -1.0098822605E+00     3.0858425873E-01
    4.6680000000E+01     5.1037958615E-01     2.8841142407E+00    -2.7379668260E-02    -1.0064463930E+00     3.0858425873E-01
    4.6690000000E+01     5.1011611921E-01     2.8740669334E+00    -2.5315417026E-02    -1.0030159863E+00     3.0858425873E-01
    4.6700000000E+01     5.0987324431E-01     2.8640539025E+00    -2.3261213316E-02    -9.9959111548E-01     3.0858425873E-01
    4.6710000000E+01     5.0965086236E-01     2.8540750924E+00    -2.1216784227E-02    -9.9617185373E-01     3.0858425873E-01
    4.6720000000E+01     5.0944887695E-01     2.8441304465E+00    -1.9181860099E-02    -9.9275827241E-01     3.0858425873E-01
    4.6730000000E+01     5.0926719436E-01     2.8342199077E+00    -1.7156174449E-02    -9.8935044103E-01     3.0858425873E-01
    4.6740000000E+01     5.0910572354E-01     2.8243434183E+00    -1.5139463899E-02    -9.8594842736E-01     3.0858425873E-01
    4.6750000000E+01     5.0896437604E-01     2.8145009196E+00    -1.3131468114E-02    -9.8255229739E-01     3.0858425873E-01
    4.6760000000E+01     5.0884306599E-01     2.8046923525E+00    -1.1131929732E-02    -9.7916211542E-01     3.0858425873E-01
    4.6770000000E+01     5.0874171010E-01     2.7949176572E+00    -9.1405943015E-03    -9.7577794404E-01     3.0858425873E-01
    4.6780000000E+01     5.0866022760E-01     2.7851767734E+00    -7.1572102205E-03    -9.7239984421E-01     3.0858425873E-01
    4.6790000000E+01     5.0859854022E-01     2.7754696399E+00    -5.1815286715E-03    -9.6902787524E-01     3.0858425873E-01
    4.6800000000E+01     5.0855657217E-01     2.7657961952E+00    -3.2133035622E-03    -9.6566209486E-01     3.0858425873E-01
    4.6810000000E+01     5.0853425010E-01     2.7561563772E+00    -1.2522914648E-03    -9.6230255923E-01     3.0858425873E-01
    4.6820000000E+01     5.0853150310E-01     2.7465501231E+00     7.0174844252E-04    -9.5894932298E-01     3.0858425873E-01
    4.6830000000E+01     5.0854826263E-01     2.7369773696E+00     2.6490544333E-03    -9.5560243921E-01     3.0858425873E-01
    4.6840000000E+01     5.0858446253E-01     2.7274380529E+00     4.5898622902E-03    -9.5226195955E-01     3.0858425873E-01
    4.6850000000E+01     5.0864003899E-01     2.7179321089E+00     6.5244053603E-03    -9.4892793416E-01     3.0858425873E-01
    4.6860000000E+01     5.0871493052E-01     2.7084594726E+00     8.4529146107E-03    -9.4560041179E-01     3.0858425873E-01
    4.6870000000E+01     5.0880907793E-01     2.6990200788E+00     1.0375618682E-02    -9.4227943975E-01     3.0858425873E-01
    4.6880000000E+01     5.0892242430E-01     2.6896138618E+00     1.2292743942E-02    -9.3896506402E-01     3.0858425873E-01
    4.6890000000E+01     5.0905491496E-01     2.6802407554E+00     1.4204514537E-02    -9.3565732917E-01     3.0858425873E-01
    4.6900000000E+01     5.0920649748E-01     2.6709006929E+00     1.6111152444E-02    -9.3235627847E-01     3.0858425873E-01
    4.6910000000E+01     5.0937712163E-01     2.6615936074E+00     1.8012877523E-02    -9.2906195388E-01     3.0858425873E-01
    4.6920000000E+01     5.0956673938E-01     2.6523194313E+00     1.9909907560E-02    -9.2577439607E-01     3.0858425873E-01
    4.6930000000E+01     5.0977530485E-01     2.6430780968E+00     2.1802458325E-02    -9.2249364446E-01     3.0858425873E-01
    4.6940000000E+01     5.1000277433E-01     2.6338695356E+00     2.3690743615E-02    -9.1921973720E-01     3.0858425873E-01
    4.6950000000E+01     5.1024910622E-01     2.6246936791E+00     2.5574975299E-02    -9.1595271125E-01     3.0858425873E-01
    4.6960000000E+01     5.1051426102E-01     2.6155504583E+00     2.7455363370E-02    -9.1269260238E-01     3.0858425873E-01
    4.6970000000E+01     5.1079820136E-01     2.6064398039E+00     2.9332115988E-02    -9.0943944517E-01     3.0858425873E-01
    4.6980000000E+01     5.1110089191E-01     2.5973616461E+00     3.1205439525E-02    -9.0619327305E-01     3.0858425873E-01
    4.6990000000E+01     5.1142229941E-01     2.5883159150E+00     3.3075538608E-02    -9.0295411832E-01     3.0858425873E-01
    4.7000000000E+01     5.1176239261E-01     2.5793025403E+00     3.4942616166E-02    -8.9972201217E-01     3.0858425873E-01
    4.7010000000E+01     5.1212114233E-01     2.5703214512E+00     3.6806873470E-02    -8.9649698470E-01     3.0858425873E-01
    4.7020000000E+01     5.1249852135E-01     2.5613725769E+00     3.8668510177E-02    -8.9327906492E-01     3.0858425873E-01
    4.7030000000E+01     5.1289450446E-01     2.5524558461E+00     4.0527724370E-02    -8.9006828080E-01     3.0858425873E-01
    4.7040000000E+01     5.1330906842E-01     2.5435711874E+00     4.2384712601E-02    -8.8686465929E-01     3.0858425873E-01
    4.7050000000E+01     5.1374219194E-01     2.5347185289E+00     4.4239669929E-02    -8.8366822628E-01     3.0858425873E-01
    4.7060000000E+01     5.1419385569E-01     2.5258977988E+00     4.6092789961E-02    -8.8047900670E-01     3.0858425873E-01
    4.7070000000E+01     5.1466404226E-01     2.5171089247E+00     4.7944264890E-02    -8.7729702448E-01     3.0858425873E-01
    4.7080000000E+01     5.1515273614E-01     2.5083518341E+00     4.9794285536E-02    -8.7412230259E-01     3.0858425873E-01
    4.7090000000E+01     5.1565992375E-01     2.4996264544E+00     5.1643041381E-02    -8.7095486306E-01     3.0858425873E-01
    4.7100000000E+01     5.1618559338E-01     2.4909327125E+00     5.3490720608E-02    -8.6779472698E-01     3.0858425873E-01
    4.7110000000E+01     5.1672973520E-01     2.4822705354E+00     5.5337510137E-02    -8.6464191452E-01     3.0858425873E-01
    4.7120000000E+01     5.1729234124E-01     2.4736398497E+00     5.7183595661E-02    -8.6149644497E-01     3.0858425873E-01
    4.7130000000E+01     5.1787340538E-01     2.4650405820E+00     5.9029161683E-02    -8.5835833673E-01     3.0858425873E-01
    4.7140000000E+01     5.1847292335E-01     2.4564726584E+00     6.0874391551E-02    -8.5522760733E-01     3.0858425873E-01
    4.7150000000E+01     5.1909089270E-01     2.4479360052E+00     6.2719467490E-02    -8.5210427345E-01     3.0858425873E-01
    4.7160000000E+01     5.1972731279E-01     2.4394305482E+00     6.4564570640E-02    -8.4898835094E-01     3.0858425873E-01
    4.7170000000E+01     5.2038218480E-01     2.4309562134E+00     6.6409881087E-02    -8.4587985481E-01     3.0858425873E-01
    4.7180000000E+01     5.2105551170E-01     2.4225129263E+00     6.8255577897E-02    -8.4277879929E-01     3.0858425873E-01
    4.7190000000E+01     5.2174729824E-01     2.4141006126E+00     7.0101839149E-02    -8.3968519780E-01     3.0858425873E-01
    4.7200000000E+01     5.2245755095E-01     2.4057191975E+00     7.1948841967E-02    -8.3659906298E-01     3.0858425873E-01
    4.7210000000E+01     5.2318627814E-01     2.3973686064E+00     7.3796762553E-02    -8.3352040670E-01     3.0858425873E-01
    4.7220000000E+01     5.2393348985E-01     2.3890487644E+00     7.5645776215E-02    -8.3044924010E-01     3.0858425873E-01
    4.7230000000E+01     5.2469919789E-01     2.3807595966E+00     7.7496057401E-02    -8.2738557356E-01     3.0858425873E-01
    4.7240000000E+01     5.2548341580E-01     2.3725010279E+00     7.9347779730E-02    -8.2432941674E-01     3.0858425873E-01
    4.7250000000E+01     5.2628615886E-01     2.3642729832E+00     8.1201116020E-02    -8.2128077859E-01     3.0858425873E-01
    4.7260000000E+01     5.2710744407E-01     2.3560753872E+00     8.3056238319E-02    -8.1823966735E-01     3.0858425873E-01
    4.7270000000E+01     5.2794729015E-01     2.3479081647E+00     8.4913317932E-02    -8.1520609058E-01     3.0858425873E-01
    4.7280000000E+01     5.2880571753E-01     2.3397712403E+00     8.6772525454E-02    -8.1218005515E-01     3.0858425873E-01
    4.7290000000E+01     5.2968274832E-01     2.3316645385E+00     8.8634030796E-02    -8.0916156729E-01     3.0858425873E-01
    4.7300000000E+01     5.3057840637E-01     2.3235879838E+00     9.0498003214E-02    -8.0615063255E-01     3.0858425873E-01
    4.7310000000E+01     5.3149271717E-01     2.3155415006E+00     9.2364611335E-02    -8.0314725586E-01     3.0858425873E-01
    4.7320000000E+01     5.3242570794E-01     2.3075250134E+00     9.4234023188E-02    -8.0015144149E-01     3.0858425873E-01
    4.7330000000E+01     5.3337740754E-01     2.2995384466E+00     9.6106406227E-02    -7.9716319311E-01     3.0858425873E-01
    4.7340000000E+01     5.3434784652E-01     2.2915817243E+00     9.7981927363E-02    -7.9418251378E-01     3.0858425873E-01
    4.7350000000E+01     5.3533705710E-01     2.2836547710E+00     9.9860752984E-02    -7.9120940596E-01     3.0858425873E-01
    4.7360000000E+01     5.3634507315E-01     2.2757575110E+00     1.0174304899E-01    -7.8824387152E-01     3.0858425873E-01
    4.7370000000E+01     5.3737193020E-01     2.2678898684E+00     1.0362898080E-01    -7.8528591174E-01     3.0858425873E-01
    4.7380000000E+01     5.3841766544E-01     2.2600517675E+00     1.0551871341E-01    -7.8233552735E-01     3.0858425873E-01
    4.7390000000E+01     5.3948231769E-01     2.2522431326E+00     1.0741241139E-01    -7.7939271851E-01     3.0858425873E-01
    4.7400000000E+01     5.4056592743E-01     2.2444638879E+00     1.0931023892E-01    -7.7645748483E-01     3.0858425873E-01
    4.7410000000E+01     5.4166853678E-01     2.2367139576E+00     1.1121235981E-01    -7.7352982539E-01     3.0858425873E-01
    4.7420000000E+01     5.4279018948E-01     2.2289932661E+00     1.1311893752E-01    -7.7060973872E-01     3.0858425873E-01
    4.7430000000E+01     5.4393093093E-01     2.2213017376E+00     1.1503013522E-01    -7.6769722285E-01     3.0858425873E-01
    4.7440000000E+01     5.4509080813E-01     2.2136392964E+00     1.1694611574E-01    -7.6479227527E-01     3.0858425873E-01
    4.7450000000E+01     5.4626986973E-01     2.2060058669E+00     1.1886704169E-01    -7.6189489300E-01     3.0858425873E-01
    4.7460000000E+01     5.4746816599E-01     2.1984013734E+00     1.2079307539E-01    -7.5900507255E-01     3.0858425873E-01
    4.7470000000E+01     5.4868574880E-01     2.1908257402E+00     1.2272437897E-01    -7.5612280992E-01     3.0858425873E-01
    4.7480000000E+01     5.4992267167E-01     2.1832788920E+00     1.2466111432E-01    -7.5324810067E-01     3.0858425873E-01
    4.7490000000E+01     5.5117898973E-01     2.1757607531E+00     1.2660344319E-01    -7.5038093985E-01     3.0858425873E-01
    4.7500000000E+01     5.5245475972E-01     2.1682712480E+00     1.2855152715E-01    -7.4752132208E-01     3.0858425873E-01
    4.7510000000E+01     5.5375004000E-01     2.1608103015E+00     1.3050552764E-01    -7.4466924151E-01     3.0858425873E-01
    4.7520000000E+01     5.5506489053E-01     2.1533778381E+00     1.3246560599E-01    -7.4182469185E-01     3.0858425873E-01
    4.7530000000E+01     5.5639937291E-01     2.1459737826E+00     1.3443192344E-01    -7.3898766634E-01     3.0858425873E-01
    4.7540000000E+01     5.5775355034E-01     2.1385980597E+00     1.3640464115E-01    -7.3615815784E-01     3.0858425873E-01
    4.7550000000E+01     5.5912748761E-01     2.1312505944E+00     1.3838392024E-01    -7.3333615873E-01     3.0858425873E-01
    4.7560000000E+01     5.6052125115E-01     2.1239313116E+00     1.4036992182E-01    -7.3052166101E-01     3.0858425873E-01
    4.7570000000E+01     5.6193490899E-01     2.1166401362E+00     1.4236280697E-01    -7.2771465625E-01     3.0858425873E-01
    4.7580000000E+01     5.6336853077E-01     2.1093769935E+00     1.4436273678E-01    -7.2491513563E-01     3.0858425873E-01
    4.7590000000E+01     5.6482218774E-01     2.1021418086E+00     1.4636987241E-01    -7.2212308990E-01     3.0858425873E-01
    4.7600000000E+01     5.6629595277E-01     2.0949345068E+00     1.4838437504E-01    -7.1933850947E-01     3.0858425873E-01
    4.7610000000E+01     5.6778990034E-01     2.0877550135E+00     1.5040640595E-01    -7.1656138431E-01     3.0858425873E-01
    4.7620000000E+01     5.6930410653E-01     2.0806032543E+00     1.5243612649E-01    -7.1379170405E-01     3.0858425873E-01
    4.7630000000E+01     5.7083864904E-01     2.0734791547E+00     1.5447369816E-01    -7.1102945792E-01     3.0858425873E-01
    4.7640000000E+01     5.7239360720E-01     2.0663826404E+00     1.5651928256E-01    -7.0827463482E-01     3.0858425873E-01
    4.7650000000E+01     5.7396906194E-01     2.0593136373E+00     1.5857304148E-01    -7.0552722325E-01     3.0858425873E-01
    4.7660000000E+01     5.7556509582E-01     2.0522720713E+00     1.6063513686E-01    -7.0278721137E-01     3.0858425873E-01
    4.7670000000E+01     5.7718179300E-01     2.0452578684E+00     1.6270573084E-01    -7.0005458700E-01     3.0858425873E-01
    4.7680000000E+01     5.7881923930E-01     2.0382709549E+00     1.6478498578E-01    -6.9732933761E-01     3.0858425873E-01
    4.7690000000E+01     5.8047752213E-01     2.0313112571E+00     1.6687306426E-01    -6.9461145033E-01     3.0858425873E-01
    4.7700000000E+01     5.8215673054E-01     2.0243787014E+00     1.6897012911E-01    -6.9190091195E-01     3.0858425873E-01
    4.7710000000E+01     5.8385695521E-01     2.0174732144E+00     1.7107634345E-01    -6.8919770896E-01     3.0858425873E-01
    4.7720000000E+01     5.8557828845E-01     2.0105947229E+00     1.7319187067E-01    -6.8650182748E-01     3.0858425873E-01
    4.7730000000E+01     5.8732082421E-01     2.0037431535E+00     1.7531687446E-01    -6.8381325337E-01     3.0858425873E-01
    4.7740000000E+01     5.8908465808E-01     1.9969184335E+00     1.7745151885E-01    -6.8113197213E-01     3.0858425873E-01
    4.7750000000E+01     5.9086988727E-01     1.9901204898E+00     1.7959596821E-01    -6.7845796898E-01     3.0858425873E-01
    4.7760000000E+01     5.9267661067E-01     1.9833492499E+00     1.8175038726E-01    -6.7579122883E-01     3.0858425873E-01
    4.7770000000E+01     5.9450492880E-01     1.9766046411E+00     1.8391494111E-01    -6.7313173629E-01     3.0858425873E-01
    4.7780000000E+01     5.9635494383E-01     1.9698865911E+00     1.8608979527E-01    -6.7047947569E-01     3.0858425873E-01
    4.7790000000E+01     5.9822675959E-01     1.9631950275E+00     1.8827511565E-01    -6.6783443103E-01     3.0858425873E-01
    4.7800000000E+01     6.0012048159E-01     1.9565298784E+00     1.9047106859E-01    -6.6519658609E-01     3.0858425873E-01
    4.7810000000E+01     6.0203621696E-01     1.9498910719E+00     1.9267782090E-01    -6.6256592430E-01     3.0858425873E-01
    4.7820000000E+01     6.0397407456E-01     1.9432785361E+00     1.9489553984E-01    -6.5994242888E-01     3.0858425873E-01
    4.7830000000E+01     6.0593416488E-01     1.9366921995E+00     1.9712439316E-01    -6.5732608273E-01     3.0858425873E-01
    4.7840000000E+01     6.0791660010E-01     1.9301319906E+00     1.9936454911E-01    -6.5471686850E-01     3.0858425873E-01
    4.7850000000E+01     6.0992149410E-01     1.9235978384E+00     2.0161617646E-01    -6.5211476859E-01     3.0858425873E-01
    4.7860000000E+01     6.1194896243E-01     1.9170896716E+00     2.0387944450E-01    -6.4951976510E-01     3.0858425873E-01
    4.7870000000E+01     6.1399912235E-01     1.9106074195E+00     2.0615452310E-01    -6.4693183992E-01     3.0858425873E-01
    4.7880000000E+01     6.1607209283E-01     1.9041510113E+00     2.0844158268E-01    -6.4435097465E-01     3.0858425873E-01
    4.7890000000E+01     6.1816799451E-01     1.8977203765E+00     2.1074079425E-01    -6.4177715067E-01     3.0858425873E-01
    4.7900000000E+01     6.2028694979E-01     1.8913154449E+00     2.1305232942E-01    -6.3921034910E-01     3.0858425873E-01
    4.7910000000E+01     6.2242908276E-01     1.8849361462E+00     2.1537636042E-01    -6.3665055082E-01     3.0858425873E-01
    4.7920000000E+01     6.2459451923E-01     1.8785824106E+00     2.1771306013E-01    -6.3409773647E-01     3.0858425873E-01
    4.7930000000E+01     6.2678338677E-01     1.8722541682E+00     2.2006260206E-01    -6.3155188645E-01     3.0858425873E-01
    4.7940000000E+01     6.2899581466E-01     1.8659513497E+00     2.2242516040E-01    -6.2901298094E-01     3.0858425873E-01
    4.7950000000E+01     6.3123193394E-01     1.8596738855E+00     2.2480091003E-01    -6.2648099989E-01     3.0858425873E-01
    4.7960000000E+01     6.3349187741E-01     1.8534217067E+00     2.2719002652E-01    -6.2395592301E-01     3.0858425873E-01
    4.7970000000E+01     6.3577577962E-01     1.8471947441E+00     2.2959268616E-01    -6.2143772980E-01     3.0858425873E-01
    4.7980000000E+01     6.3808377687E-01     1.8409929292E+00     2.3200906598E-01    -6.1892639953E-01     3.0858425873E-01
    4.7990000000E+01     6.4041600726E-01     1.8348161933E+00     2.3443934375E-01    -6.1642191127E-01     3.0858425873E-01
    4.8000000000E+01     6.4277261067E-01     1.8286644682E+00     2.3688369802E-01    -6.1392424387E-01     3.0858425873E-01
    4.8010000000E+01     6.4515372874E-01     1.8225376858E+00     2.3934230811E-01    -6.1143337594E-01     3.0858425873E-01
    4.8020000000E+01     6.4755950495E-01     1.8164357781E+00     2.4181535414E-01    -6.0894928592E-01     3.0858425873E-01
    4.8030000000E+01     6.4999008455E-01     1.8103586776E+00     2.4430301705E-01    -6.0647195203E-01     3.0858425873E-01
    4.8040000000E+01     6.5244561462E-01     1.8043063166E+00     2.4680547859E-01    -6.0400135228E-01     3.0858425873E-01
    4.8050000000E+01     6.5492624406E-01     1.7982786281E+00     2.4932292139E-01    -6.0153746448E-01     3.0858425873E-01
    4.8060000000E+01     6.5743212360E-01     1.7922755450E+00     2.5185552890E-01    -5.9908026625E-01     3.0858425873E-01
    4.8070000000E+01     6.5996340580E-01     1.7862970006E+00     2.5440348547E-01    -5.9662973501E-01     3.0858425873E-01
    4.8080000000E+01     6.6252024509E-01     1.7803429282E+00     2.5696697634E-01    -5.9418584797E-01     3.0858425873E-01
    4.8090000000E+01     6.6510279773E-01     1.7744132616E+00     2.5954618767E-01    -5.9174858216E-01     3.0858425873E-01
    4.8100000000E+01     6.6771122186E-01     1.7685079346E+00     2.6214130651E-01    -5.8931791444E-01     3.0858425873E-01
    4.8110000000E+01     6.7034567751E-01     1.7626268814E+00     2.6475252087E-01    -5.8689382144E-01     3.0858425873E-01
    4.8120000000E+01     6.7300632656E-01     1.7567700363E+00     2.6738001972E-01    -5.8447627964E-01     3.0858425873E-01
    4.8130000000E+01     6.7569333282E-01     1.7509373340E+00     2.7002399299E-01    -5.8206526532E-01     3.0858425873E-01
    4.8140000000E+01     6.7840686197E-01     1.7451287093E+00     2.7268463160E-01    -5.7966075458E-01     3.0858425873E-01
    4.8150000000E+01     6.8114708164E-01     1.7393440973E+00     2.7536212746E-01    -5.7726272334E-01     3.0858425873E-01
    4.8160000000E+01     6.8391416136E-01     1.7335834333E+00     2.7805667351E-01    -5.7487114734E-01     3.0858425873E-01
    4.8170000000E+01     6.8670827259E-01     1.7278466529E+00     2.8076846372E-01    -5.7248600214E-01     3.0858425873E-01
    4.8180000000E+01     6.8952958876E-01     1.7221336919E+00     2.8349769308E-01    -5.7010726313E-01     3.0858425873E-01
    4.8190000000E+01     6.9237828524E-01     1.7164444864E+00     2.8624455768E-01    -5.6773490554E-01     3.0858425873E-01
    4.8200000000E+01     6.9525453936E-01     1.7107789726E+00     2.8900925467E-01    -5.6536890440E-01     3.0858425873E-01
    4.8210000000E+01     6.9815853043E-01     1.7051370872E+00     2.9179198228E-01    -5.6300923458E-01     3.0858425873E-01
    4.8220000000E+01     7.0109043977E-01     1.6995187669E+00     2.9459293987E-01    -5.6065587080E-01     3.0858425873E-01
    4.8230000000E+01     7.0405045066E-01     1.6939239488E+00     2.9741232790E-01    -5.5830878758E-01     3.0858425873E-01
    4.8240000000E+01     7.0703874843E-01     1.6883525703E+00     3.0025034798E-01    -5.5596795930E-01     3.0858425873E-01
    4.8250000000E+01     7.1005552041E-01     1.6828045689E+00     3.0310720288E-01    -5.5363336017E-01     3.0858425873E-01
    4.8260000000E+01     7.1310095595E-01     1.6772798824E+00     3.0598309652E-01    -5.5130496422E-01     3.0858425873E-01
    4.8270000000E+01     7.1617524648E-01     1.6717784490E+00     3.0887823401E-01    -5.4898274533E-01     3.0858425873E-01
    4.8280000000E+01     7.1927858547E-01     1.6663002070E+00     3.1179282166E-01    -5.4666667722E-01     3.0858425873E-01
    4.8290000000E+01     7.2241116844E-01     1.6608450951E+00     3.1472706700E-01    -5.4435673345E-01     3.0858425873E-01
    4.8300000000E+01     7.2557319303E-01     1.6554130520E+00     3.1768117875E-01    -5.4205288742E-01     3.0858425873E-01
    4.8310000000E+01     7.2876485894E-01     1.6500040171E+00     3.2065536693E-01    -5.3975511236E-01     3.0858425873E-01
    4.8320000000E+01     7.3198636799E-01     1.6446179296E+00     3.2364984277E-01    -5.3746338135E-01     3.0858425873E-01
    4.8330000000E+01     7.3523792413E-01     1.6392547294E+00     3.2666481880E-01    -5.3517766732E-01     3.0858425873E-01
    4.8340000000E+01     7.3851973341E-01     1.6339143563E+00     3.2970050881E-01    -5.3289794304E-01     3.0858425873E-01
    4.8350000000E+01     7.4183200407E-01     1.6285967507E+00     3.3275712793E-01    -5.3062418113E-01     3.0858425873E-01
    4.8360000000E+01     7.4517494646E-01     1.6233018529E+00     3.3583489257E-01    -5.2835635403E-01     3.0858425873E-01
    4.8370000000E+01     7.4854877313E-01     1.6180296039E+00     3.3893402049E-01    -5.2609443407E-01     3.0858425873E-01
    4.8380000000E+01     7.5195369881E-01     1.6127799446E+00     3.4205473079E-01    -5.2383839338E-01     3.0858425873E-01
    4.8390000000E+01     7.5538994042E-01     1.6075528165E+00     3.4519724395E-01    -5.2158820398E-01     3.0858425873E-01
    4.8400000000E+01     7.5885771710E-01     1.6023481612E+00     3.4836178178E-01    -5.1934383770E-01     3.0858425873E-01
    4.8410000000E+01     7.6235725022E-01     1.5971659204E+00     3.5154856754E-01    -5.1710526625E-01     3.0858425873E-01
    4.8420000000E+01     7.6588876336E-01     1.5920060366E+00     3.5475782584E-01    -5.1487246118E-01     3.0858425873E-01
    4.8430000000E+01     7.6945248239E-01     1.5868684521E+00     3.5798978275E-01    -5.1264539387E-01     3.0858425873E-01
    4.8440000000E+01     7.7304863544E-01     1.5817531097E+00     3.6124466576E-01    -5.1042403557E-01     3.0858425873E-01
    4.8450000000E+01     7.7667745289E-01     1.5766599525E+00     3.6452270380E-01    -5.0820835739E-01     3.0858425873E-01
    4.8460000000E+01     7.8033916746E-01     1.5715889237E+00     3.6782412728E-01    -5.0599833025E-01     3.0858425873E-01
    4.8470000000E+01     7.8403401416E-01     1.5665399671E+00     3.7114916808E-01    -5.0379392497E-01     3.0858425873E-01
    4.8480000000E+01     7.8776223033E-01     1.5615130266E+00     3.7449805956E-01    -5.0159511218E-01     3.0858425873E-01
    4.8490000000E+01     7.9152405564E-01     1.5565080463E+00     3.7787103662E-01    -4.9940186238E-01     3.0858425873E-01
    4.8500000000E+01     7.9531973213E-01     1.5515249709E+00     3.8126833565E-01    -4.9721414593E-01     3.0858425873E-01
    4.8510000000E+01     7.9914950422E-01     1.5465637451E+00     3.8469019460E-01    -4.9503193301E-01     3.0858425873E-01
    4.8520000000E+01     8.0301361869E-01     1.5416243140E+00     3.8813685295E-01    -4.9285519369E-01     3.0858425873E-01
    4.8530000000E+01     8.0691232475E-01     1.5367066230E+00     3.9160855176E-01    -4.9068389785E-01     3.0858425873E-01
    4.8540000000E+01     8.1084587400E-01     1.5318106180E+00     3.9510553367E-01    -4.8851801526E-01     3.0858425873E-01
    4.8550000000E+01     8.1481452051E-01     1.5269362448E+00     3.9862804290E-01    -4.8635751550E-01     3.0858425873E-01
    4.8560000000E+01     8.1881852077E-01     1.5220834498E+00     4.0217632530E-01    -4.8420236804E-01     3.0858425873E-01
    4.8570000000E+01     8.2285813375E-01     1.5172521797E+00     4.0575062832E-01    -4.8205254218E-01     3.0858425873E-01
    4.8580000000E+01     8.2693362090E-01     1.5124423813E+00     4.0935120107E-01    -4.7990800706E-01     3.0858425873E-01
    4.8590000000E+01     8.3104524617E-01     1.5076540020E+00     4.1297829429E-01    -4.7776873168E-01     3.0858425873E-01
    4.8600000000E+01     8.3519327603E-01     1.5028869893E+00     4.1663216040E-01    -4.7563468490E-01     3.0858425873E-01
    4.8610000000E+01     8.3937797947E-01     1.4981412910E+00     4.2031305350E-01    -4.7350583542E-01     3.0858425873E-01
    4.8620000000E+01     8.4359962804E-01     1.4934168554E+00     4.2402122937E-01    -4.7138215177E-01     3.0858425873E-01
    4.8630000000E+01     8.4785849586E-01     1.4887136308E+00     4.2775694552E-01    -4.6926360236E-01     3.0858425873E-01
    4.8640000000E+01     8.5215485962E-01     1.4840315663E+00     4.3152046116E-01    -4.6715015541E-01     3.0858425873E-01
    4.8650000000E+01     8.5648899862E-01     1.4793706108E+00     4.3531203726E-01    -4.6504177903E-01     3.0858425873E-01
    4.8660000000E+01     8.6086119477E-01     1.4747307139E+00     4.3913193651E-01    -4.6293844113E-01     3.0858425873E-01
    4.8670000000E+01     8.6527173264E-01     1.4701118253E+00     4.4298042339E-01    -4.6084010950E-01     3.0858425873E-01
    4.8680000000E+01     8.6972089942E-01     1.4655138952E+00     4.4685776416E-01    -4.5874675176E-01     3.0858425873E-01
    4.8690000000E+01     8.7420898499E-01     1.4609368738E+00     4.5076422685E-01    -4.5665833537E-01     3.0858425873E-01
    4.8700000000E+01     8.7873628193E-01     1.4563807121E+00     4.5470008132E-01    -4.5457482763E-01     3.0858425873E-01
    4.8710000000E+01     8.8330308550E-01     1.4518453610E+00     4.5866559923E-01    -4.5249619570E-01     3.0858425873E-01
    4.8720000000E+01     8.8790969370E-01     1.4473307720E+00     4.6266105408E-01    -4.5042240656E-01     3.0858425873E-01
    4.8730000000E+01     8.9255640729E-01     1.4428368969E+00     4.6668672123E-01    -4.4835342704E-01     3.0858425873E-01
    4.8740000000E+01     8.9724352976E-01     1.4383636876E+00     4.7074287789E-01    -4.4628922381E-01     3.0858425873E-01
    4.8750000000E+01     9.0197136741E-01     1.4339110966E+00     4.7482980314E-01    -4.4422976338E-01     3.0858425873E-01
    4.8760000000E+01     9.0674022932E-01     1.4294790766E+00     4.7894777796E-01    -4.4217501207E-01     3.0858425873E-01
    4.8770000000E+01     9.1155042741E-01     1.4250675807E+00     4.8309708523E-01    -4.4012493607E-01     3.0858425873E-01
    4.8780000000E+01     9.1640227642E-01     1.4206765624E+00     4.8727800972E-01    -4.3807950138E-01     3.0858425873E-01
    4.8790000000E+01     9.2129609395E-01     1.4163059754E+00     4.9149083817E-01    -4.3603867385E-01     3.0858425873E-01
    4.8800000000E+01     9.2623220049E-01     1.4119557737E+00     4.9573585924E-01    -4.3400241915E-01     3.0858425873E-01
    4.8810000000E+01     9.3121091941E-01     1.4076259118E+00     5.0001336353E-01    -4.3197070278E-01     3.0858425873E-01
    4.8820000000E+01     9.3623257701E-01     1.4033163446E+00     5.0432364364E-01    -4.2994349008E-01     3.0858425873E-01
    4.8830000000E+01     9.4129750252E-01     1.3990270271E+00     5.0866699413E-01    -4.2792074620E-01     3.0858425873E-01
    4.8840000000E+01     9.4640602812E-01     1.3947579149E+00     5.1304371155E-01    -4.2590243612E-01     3.0858425873E-01
    4.8850000000E+01     9.5155848897E-01     1.3905089638E+00     5.1745409448E-01    -4.2388852466E-01     3.0858425873E-01
    4.8860000000E+01     9.5675522323E-01     1.3862801299E+00     5.2189844350E-01    -4.2187897644E-01     3.0858425873E-01
    4.8870000000E+01     9.6199657207E-01     1.3820713698E+00     5.2637706123E-01    -4.1987375591E-01     3.0858425873E-01
    4.8880000000E+01     9.6728287969E-01     1.3778826405E+00     5.3089025233E-01    -4.1787282735E-01     3.0858425873E-01
    4.8890000000E+01     9.7261449338E-01     1.3737138991E+00     5.3543832352E-01    -4.1587615483E-01     3.0858425873E-01
    4.8900000000E+01     9.7799176346E-01     1.3695651033E+00     5.4002158359E-01    -4.1388370226E-01     3.0858425873E-01
    4.8910000000E+01     9.8341504338E-01     1.3654362111E+00     5.4464034342E-01    -4.1189543336E-01     3.0858425873E-01
    4.8920000000E+01     9.8888468970E-01     1.3613271808E+00     5.4929491597E-01    -4.0991131164E-01     3.0858425873E-01
    4.8930000000E+01     9.9440106213E-01     1.3572379711E+00     5.5398561631E-01    -4.0793130045E-01     3.0858425873E-01
    4.8940000000E+01     9.9996452351E-01     1.3531685412E+00     5.5871276165E-01    -4.0595536293E-01     3.0858425873E-01
    4.8950000000E+01     1.0055754399E+00     1.3491188504E+00     5.6347667129E-01    -4.0398346202E-01     3.0858425873E-01
    4.8960000000E+01     1.0112341806E+00     1.3450888586E+00     5.6827766672E-01    -4.0201556048E-01     3.0858425873E-01
    4.8970000000E+01     1.0169411179E+00     1.3410785260E+00     5.7311607154E-01    -4.0005162086E-01     3.0858425873E-01
    4.8980000000E+01     1.0226966278E+00     1.3370878131E+00     5.7799221154E-01    -3.9809160550E-01     3.0858425873E-01
    4.8990000000E+01     1.0285010890E+00     1.3331166810E+00     5.8290641468E-01    -3.9613547656E-01     3.0858425873E-01
    4.9000000000E+01     1.0343548840E+00     1.3291650908E+00     5.8785901111E-01    -3.9418319598E-01     3.0858425873E-01
    4.9010000000E+01     1.0402583984E+00     1.3252330043E+00     5.9285033318E-01    -3.9223472548E-01     3.0858425873E-01
    4.9020000000E+01     1.0462120209E+00     1.3213203837E+00     5.9788071544E-01    -3.9029002659E-01     3.0858425873E-01
    4.9030000000E+01     1.0522161440E+00     1.3174271914E+00     6.0295049467E-01    -3.8834906062E-01     3.0858425873E-01
    4.9040000000E+01     1.0582711633E+00     1.3135533902E+00     6.0806000989E-01    -3.8641178865E-01     3.0858425873E-01
    4.9050000000E+01     1.0643774778E+00     1.3096989434E+00     6.1320960234E-01    -3.8447817156E-01     3.0858425873E-01
    4.9060000000E+01     1.0705354900E+00     1.3058638147E+00     6.1839961553E-01    -3.8254817000E-01     3.0858425873E-01
    4.9070000000E+01     1.0767456060E+00     1.3020479681E+00     6.2363039521E-01    -3.8062174439E-01     3.0858425873E-01
    4.9080000000E+01     1.0830082350E+00     1.2982513680E+00     6.2890228943E-01    -3.7869885494E-01     3.0858425873E-01
    4.9090000000E+01     1.0893237900E+00     1.2944739793E+00     6.3421564850E-01    -3.7677946161E-01     3.0858425873E-01
    4.9100000000E+01     1.0956926873E+00     1.2907157673E+00     6.3957082503E-01    -3.7486352414E-01     3.0858425873E-01
    4.9110000000E+01     1.1021153471E+00     1.2869766975E+00     6.4496817393E-01    -3.7295100203E-01     3.0858425873E-01
    4.9120000000E+01     1.1085921926E+00     1.2832567360E+00     6.5040805241E-01    -3.7104185453E-01     3.0858425873E-01
    4.9130000000E+01     1.1151236511E+00     1.2795558493E+00     6.5589082002E-01    -3.6913604067E-01     3.0858425873E-01
    4.9140000000E+01     1.1217101532E+00     1.2758740042E+00     6.6141683862E-01    -3.6723351921E-01     3.0858425873E-01
    4.9150000000E+01     1.1283521332E+00     1.2722111680E+00     6.6698647240E-01    -3.6533424868E-01     3.0858425873E-01
    4.9160000000E+01     1.1350500292E+00     1.2685673085E+00     6.7260008790E-01    -3.6343818735E-01     3.0858425873E-01
    4.9170000000E+01     1.1418042828E+00     1.2649423937E+00     6.7825805402E-01    -3.6154529323E-01     3.0858425873E-01
    4.9180000000E+01     1.1486153394E+00     1.2613363922E+00     6.8396074202E-01    -3.5965552407E-01     3.0858425873E-01
    4.9190000000E+01     1.1554836480E+00     1.2577492730E+00     6.8970852550E-01    -3.5776883737E-01     3.0858425873E-01
    4.9200000000E+01     1.1624096614E+00     1.2541810054E+00     6.9550178046E-01    -3.5588519036E-01     3.0858425873E-01
    4.9210000000E+01     1.1693938364E+00     1.2506315592E+00     7.0134088528E-01    -3.5400453998E-01     3.0858425873E-01
    4.9220000000E+01     1.1764366333E+00     1.2471009047E+00     7.0722622071E-01    -3.5212684292E-01     3.0858425873E-01
    4.9230000000E+01     1.1835385162E+00     1.2435890126E+00     7.1315816992E-01    -3.5025205557E-01     3.0858425873E-01
    4.9240000000E+01     1.1906999533E+00     1.2400958540E+00     7.1913711844E-01    -3.4838013407E-01     3.0858425873E-01
    4.9250000000E+01     1.1979214165E+00     1.2366214005E+00     7.2516345425E-01    -3.4651103423E-01     3.0858425873E-01
    4.9260000000E+01     1.2052033817E+00     1.2331656241E+00     7.3123756770E-01    -3.4464471161E-01     3.0858425873E-01
    4.9270000000E+01     1.2125463285E+00     1.2297284972E+00     7.3735985159E-01    -3.4278112145E-01     3.0858425873E-01
    4.9280000000E+01     1.2199507406E+00     1.2263099927E+00     7.4353070112E-01    -3.4092021871E-01     3.0858425873E-01
    4.9290000000E+01     1.2274171057E+00     1.2229100840E+00     7.4975051392E-01    -3.3906195802E-01     3.0858425873E-01
    4.9300000000E+01     1.2349459154E+00     1.2195287449E+00     7.5601969005E-01    -3.3720629374E-01     3.0858425873E-01
    4.9310000000E+01     1.2425376654E+00     1.2161659496E+00     7.6233863200E-01    -3.3535317988E-01     3.0858425873E-01
    4.9320000000E+01     1.2501928553E+00     1.2128216730E+00     7.6870774470E-01    -3.3350257016E-01     3.0858425873E-01
    4.9330000000E+01     1.2579119889E+00     1.2094958900E+00     7.7512743552E-01    -3.3165441796E-01     3.0858425873E-01
    4.9340000000E+01     1.2656955739E+00     1.2061885766E+00     7.8159811426E-01    -3.2980867636E-01     3.0858425873E-01
    4.9350000000E+01     1.2735441225E+00     1.2028997086E+00     7.8812019318E-01    -3.2796529807E-01     3.0858425873E-01
    4.9360000000E+01     1.2814581505E+00     1.1996292629E+00     7.9469408697E-01    -3.2612423550E-01     3.0858425873E-01
    4.9370000000E+01     1.2894381783E+00     1.1963772164E+00     8.0132021277E-01    -3.2428544070E-01     3.0858425873E-01
    4.9380000000E+01     1.2974847303E+00     1.1931435467E+00     8.0799899018E-01    -3.2244886538E-01     3.0858425873E-01
    4.9390000000E+01     1.3055983350E+00     1.1899282318E+00     8.1473084123E-01    -3.2061446090E-01     3.0858425873E-01
    4.9400000000E+01     1.3137795254E+00     1.1867312504E+00     8.2151619040E-01    -3.1878217826E-01     3.0858425873E-01
    4.9410000000E+01     1.3220288386E+00     1.1835525814E+00     8.2835546464E-01    -3.1695196809E-01     3.0858425873E-01
    4.9420000000E+01     1.3303468159E+00     1.1803922043E+00     8.3524909331E-01    -3.1512378066E-01     3.0858425873E-01
    4.9430000000E+01     1.3387340031E+00     1.1772500992E+00     8.4219750824E-01    -3.1329756588E-01     3.0858425873E-01
    4.9440000000E+01     1.3471909501E+00     1.1741262466E+00     8.4920114369E-01    -3.1147327325E-01     3.0858425873E-01
    4.9450000000E+01     1.3557182115E+00     1.1710206275E+00     8.5626043636E-01    -3.0965085192E-01     3.0858425873E-01
    4.9460000000E+01     1.3643163459E+00     1.1679332234E+00     8.6337582540E-01    -3.0783025062E-01     3.0858425873E-01
    4.9470000000E+01     1.3729859164E+00     1.1648640166E+00     8.7054775237E-01    -3.0601141769E-01     3.0858425873E-01
    4.9480000000E+01     1.3817274908E+00     1.1618129894E+00     8.7777666128E-01    -3.0419430108E-01     3.0858425873E-01
    4.9490000000E+01     1.3905416411E+00     1.1587801250E+00     8.8506299854E-01    -3.0237884833E-01     3.0858425873E-01
    4.9500000000E+01     1.3994289437E+00     1.1557654070E+00     8.9240721300E-01    -3.0056500654E-01     3.0858425873E-01
    4.9510000000E+01     1.4083899798E+00     1.1527688197E+00     8.9980975591E-01    -2.9875272240E-01     3.0858425873E-01
    4.9520000000E+01     1.4174253348E+00     1.1497903476E+00     9.0727108093E-01    -2.9694194219E-01     3.0858425873E-01
    4.9530000000E+01     1.4265355989E+00     1.1468299760E+00     9.1479164411E-01    -2.9513261174E-01     3.0858425874E-01
    4.9540000000E+01     1.4357213667E+00     1.1438876907E+00     9.2237190390E-01    -2.9332467642E-01     3.0858425874E-01
    4.9550000000E+01     1.4449832375E+00     1.1409634780E+00     9.3001232111E-01    -2.9151808117E-01     3.0858425874E-01
    4.9560000000E+01     1.4543218152E+00     1.1380573248E+00     9.3771335894E-01    -2.8971277048E-01     3.0858425874E-01
    4.9570000000E+01     1.4637377083E+00     1.1351692185E+00     9.4547548295E-01    -2.8790868836E-01     3.0858425874E-01
    4.9580000000E+01     1.4732315300E+00     1.1322991471E+00     9.5329916103E-01    -2.8610577835E-01     3.0858425874E-01
    4.9590000000E+01     1.4828038982E+00     1.1294470992E+00     9.6118486344E-01    -2.8430398353E-01     3.0858425874E-01
    4.9600000000E+01     1.4924554356E+00     1.1266130639E+00     9.6913306273E-01    -2.8250324646E-01     3.0858425874E-01
    4.9610000000E+01     1.5021867694E+00     1.1237970309E+00     9.7714423379E-01    -2.8070350924E-01     3.0858425874E-01
    4.9620000000E+01     1.5119985318E+00     1.1209989906E+00     9.8521885379E-01    -2.7890471345E-01     3.0858425874E-01
    4.9630000000E+01     1.5218913596E+00     1.1182189337E+00     9.9335740218E-01    -2.7710680016E-01     3.0858425874E-01
    4.9640000000E+01     1.5318658945E+00     1.1154568518E+00     1.0015603607E+00    -2.7530970992E-01     3.0858425874E-01
    4.9650000000E+01     1.5419227831E+00     1.1127127370E+00     1.0098282133E+00    -2.7351338278E-01     3.0858425874E-01
    4.9660000000E+01     1.5520626767E+00     1.1099865818E+00     1.0181614462E+00    -2.7171775821E-01     3.0858425874E-01
    4.9670000000E+01     1.5622862316E+00     1.1072783797E+00     1.0265605479E+00    -2.6992277516E-01     3.0858425874E-01
    4.9680000000E+01     1.5725941089E+00     1.1045881244E+00     1.0350260089E+00    -2.6812837205E-01     3.0858425874E-01
    4.9690000000E+01     1.5829869746E+00     1.1019158105E+00     1.0435583220E+00    -2.6633448669E-01     3.0858425874E-01
    4.9700000000E+01     1.5934654998E+00     1.0992614332E+00     1.0521579822E+00    -2.6454105636E-01     3.0858425874E-01
    4.9710000000E+01     1.6040303604E+00     1.0966249881E+00     1.0608254865E+00    -2.6274801775E-01     3.0858425874E-01
    4.9720000000E+01     1.6146822373E+00     1.0940064717E+00     1.0695613341E+00    -2.6095530694E-01     3.0858425874E-01
    4.9730000000E+01     1.6254218165E+00     1.0914058811E+00     1.0783660263E+00    -2.5916285945E-01     3.0858425874E-01
    4.9740000000E+01     1.6362497890E+00     1.0888232139E+00     1.0872400663E+00    -2.5737061015E-01     3.0858425874E-01
    4.9750000000E+01     1.6471668507E+00     1.0862584684E+00     1.0961839596E+00    -2.5557849332E-01     3.0858425874E-01
    4.9760000000E+01     1.6581737027E+00     1.0837116438E+00     1.1051982134E+00    -2.5378644260E-01     3.0858425874E-01
    4.9770000000E+01     1.6692710512E+00     1.0811827396E+00     1.1142833370E+00    -2.5199439101E-01     3.0858425874E-01
    4.9780000000E+01     1.6804596074E+00     1.0786717562E+00     1.1234398418E+00    -2.5020227088E-01     3.0858425874E-01
    4.9790000000E+01     1.6917400877E+00     1.0761786946E+00     1.1326682408E+00    -2.4841001392E-01     3.0858425874E-01
    4.9800000000E+01     1.7031132136E+00     1.0737035566E+00     1.1419690491E+00    -2.4661755116E-01     3.0858425874E-01
    4.9810000000E+01     1.7145797118E+00     1.0712463445E+00     1.1513427835E+00    -2.4482481294E-01     3.0858425874E-01
    4.9820000000E+01     1.7261403141E+00     1.0688070615E+00     1.1607899628E+00    -2.4303172891E-01     3.0858425874E-01
    4.9830000000E+01     1.7377957576E+00     1.0663857113E+00     1.1703111073E+00    -2.4123822802E-01     3.0858425874E-01
    4.9840000000E+01     1.7495467845E+00     1.0639822986E+00     1.1799067393E+00    -2.3944423850E-01     3.0858425874E-01
    4.9850000000E+01     1.7613941424E+00     1.0615968284E+00     1.1895773826E+00    -2.3764968785E-01     3.0858425874E-01
    4.9860000000E+01     1.7733385840E+00     1.0592293069E+00     1.1993235627E+00    -2.3585450284E-01     3.0858425874E-01
    4.9870000000E+01     1.7853808672E+00     1.0568797407E+00     1.2091458067E+00    -2.3405860949E-01     3.0858425874E-01
    4.9880000000E+01     1.7975217554E+00     1.0545481373E+00     1.2190446434E+00    -2.3226193304E-01     3.0858425874E-01
    4.9890000000E+01     1.8097620171E+00     1.0522345049E+00     1.2290206028E+00    -2.3046439796E-01     3.0858425874E-01
    4.9900000000E+01     1.8221024263E+00     1.0499388525E+00     1.2390742167E+00    -2.2866592794E-01     3.0858425874E-01
    4.9910000000E+01     1.8345437621E+00     1.0476611897E+00     1.2492060181E+00    -2.2686644585E-01     3.0858425874E-01
    4.9920000000E+01     1.8470868091E+00     1.0454015272E+00     1.2594165415E+00    -2.2506587377E-01     3.0858425874E-01
    4.9930000000E+01     1.8597323571E+00     1.0431598762E+00     1.2697063227E+00    -2.2326413293E-01     3.0858425874E-01
    4.9940000000E+01     1.8724812015E+00     1.0409362487E+00     1.2800758986E+00    -2.2146114372E-01     3.0858425874E-01
    4.9950000000E+01     1.8853341429E+00     1.0387306577E+00     1.2905258075E+00    -2.1965682566E-01     3.0858425874E-01
    4.9960000000E+01     1.8982919872E+00     1.0365431169E+00     1.3010565887E+00    -2.1785109744E-01     3.0858425874E-01
    4.9970000000E+01     1.9113555460E+00     1.0343736407E+00     1.3116687827E+00    -2.1604387681E-01     3.0858425874E-01
    4.9980000000E+01     1.9245256361E+00     1.0322222446E+00     1.3223629309E+00    -2.1423508066E-01     3.0858425874E-01
    4.9990000000E+01     1.9378030796E+00     1.0300889447E+00     1.3331395759E+00    -2.1242462494E-01     3.0858425874E-01
    5.0000000000E+01     1.9511887044E+00     1.0279737579E+00     1.3439992609E+00    -2.1061242468E-01     3.0858425874E-01
