    0.0000000000E+00     1.0000000000E-01     0.0000000000E+00     2.0000000000E+00     1.0000000000E-01
    5.0000000000E-03     9.9999999167E-02    -6.6629878089E-07     1.9996000133E+00     9.9999998334E-02
    1.0000000000E-02     9.9999986679E-02    -5.3270358591E-06     1.9984002133E+00     9.9999973372E-02
    1.5000000000E-02     9.9999932599E-02    -1.7965740460E-05     1.9964010799E+00     9.9999865360E-02
    2.0000000000E-02     9.9999787110E-02    -4.2550802010E-05     1.9936034126E+00     9.9999575125E-02
    2.5000000000E-02     9.9999480596E-02    -8.3031922055E-05     1.9900083306E+00     9.9998964642E-02
    3.0000000000E-02     9.9998923749E-02    -1.4333658452E-04     1.9856172717E+00     9.9997857782E-02
    3.5000000000E-02     9.9998007685E-02    -2.2736654665E-04     1.9804319924E+00     9.9996041258E-02
    4.0000000000E-02     9.9996604084E-02    -3.3899435307E-04     1.9744545668E+00     9.9993265742E-02
    4.5000000000E-02     9.9994565342E-02    -4.8205987511E-04     1.9676873856E+00     9.9989247171E-02
    5.0000000000E-02     9.9991724746E-02    -6.6036687797E-04     1.9601331557E+00     9.9983668219E-02
    5.5000000000E-02     9.9987896660E-02    -8.7767961774E-04     1.9517948987E+00     9.9976179946E-02
    6.0000000000E-02     9.9982876734E-02    -1.1377194707E-03     1.9426759497E+00     9.9966403602E-02
    6.5000000000E-02     9.9976442123E-02    -1.4441615974E-03     1.9327799563E+00     9.9953932598E-02
    7.0000000000E-02     9.9968351733E-02    -1.8006316427E-03     1.9221108766E+00     9.9938334619E-02
    7.5000000000E-02     9.9958346467E-02    -2.2107024759E-03     1.9106729783E+00     9.9919153887E-02
    8.0000000000E-02     9.9946149506E-02    -2.6778909707E-03     1.8984708362E+00     9.9895913561E-02
    8.5000000000E-02     9.9931466592E-02    -3.2056548296E-03     1.8855093311E+00     9.9868118264E-02
    9.0000000000E-02     9.9913986333E-02    -3.7973894524E-03     1.8717936474E+00     9.9835256734E-02
    9.5000000000E-02     9.9893380523E-02    -4.4564248534E-03     1.8573292712E+00     9.9796804584E-02
    1.0000000000E-01     9.9869304474E-02    -5.1860226271E-03     1.8421219880E+00     9.9752227176E-02
    1.0500000000E-01     9.9841397368E-02    -5.9893729658E-03     1.8261778806E+00     9.9700982579E-02
    1.1000000000E-01     9.9809282622E-02    -6.8695917308E-03     1.8095033264E+00     9.9642524621E-02
    1.1500000000E-01     9.9772568265E-02    -7.8297175786E-03     1.7921049951E+00     9.9576306020E-02
    1.2000000000E-01     9.9730847329E-02    -8.8727091451E-03     1.7739898456E+00     9.9501781573E-02
    1.2500000000E-01     9.9683698262E-02    -1.0001442288E-02     1.7551651238E+00     9.9418411416E-02
    1.3000000000E-01     9.9630685344E-02    -1.1218707392E-02     1.7356383594E+00     9.9325664319E-02
    1.3500000000E-01     9.9571359122E-02    -1.2527206733E-02     1.7154173627E+00     9.9223021028E-02
    1.4000000000E-01     9.9505256857E-02    -1.3929551914E-02     1.6945102220E+00     9.9109977631E-02
    1.4500000000E-01     9.9431902986E-02    -1.5428261359E-02     1.6729252998E+00     9.8986048938E-02
    1.5000000000E-01     9.9350809589E-02    -1.7025757880E-02     1.6506712298E+00     9.8850771875E-02
    1.5500000000E-01     9.9261476877E-02    -1.8724366313E-02     1.6277569133E+00     9.8703708865E-02
    1.6000000000E-01     9.9163393688E-02    -2.0526311224E-02     1.6041915158E+00     9.8544451203E-02
    1.6500000000E-01     9.9056037990E-02    -2.2433714689E-02     1.5799844630E+00     9.8372622400E-02
    1.7000000000E-01     9.8938877404E-02    -2.4448594145E-02     1.5551454375E+00     9.8187881497E-02
    1.7500000000E-01     9.8811369726E-02    -2.6572860322E-02     1.5296843746E+00     9.7989926325E-02
    1.8000000000E-01     9.8672963475E-02    -2.8808315248E-02     1.5036114583E+00     9.7778496722E-02
    1.8500000000E-01     9.8523098429E-02    -3.1156650334E-02     1.4769371175E+00     9.7553377671E-02
    1.9000000000E-01     9.8361206195E-02    -3.3619444536E-02     1.4496720215E+00     9.7314402366E-02
    1.9500000000E-01     9.8186710766E-02    -3.6198162604E-02     1.4218270760E+00     9.7061455198E-02
    2.0000000000E-01     9.7999029102E-02    -3.8894153405E-02     1.3934134187E+00     9.6794474634E-02
    2.0500000000E-01     9.7797571713E-02    -4.1708648336E-02     1.3644424146E+00     9.6513456002E-02
    2.1000000000E-01     9.7581743246E-02    -4.4642759819E-02     1.3349256517E+00     9.6218454151E-02
    2.1500000000E-01     9.7350943088E-02    -4.7697479879E-02     1.3048749363E+00     9.5909585994E-02
    2.2000000000E-01     9.7104565970E-02    -5.0873678814E-02     1.2743022884E+00     9.5587032920E-02
    2.2500000000E-01     9.6842002577E-02    -5.4172103943E-02     1.2432199365E+00     9.5251043054E-02
    2.3000000000E-01     9.6562640169E-02    -5.7593378454E-02     1.2116403133E+00     9.4901933384E-02
    2.3500000000E-01     9.6265863201E-02    -6.1138000333E-02     1.1795760501E+00     9.4540091720E-02
    2.4000000000E-01     9.5951053954E-02    -6.4806341380E-02     1.1470399721E+00     9.4165978490E-02
    2.4500000000E-01     9.5617593168E-02    -6.8598646327E-02     1.1140450935E+00     9.3780128371E-02
    2.5000000000E-01     9.5264860677E-02    -7.2515032036E-02     1.0806046117E+00     9.3383151733E-02
    2.5500000000E-01     9.4892236053E-02    -7.6555486793E-02     1.0467319025E+00     9.2975735910E-02
    2.6000000000E-01     9.4499099249E-02    -8.0719869694E-02     1.0124405145E+00     9.2558646270E-02
    2.6500000000E-01     9.4084831247E-02    -8.5007910123E-02     9.7774416372E-01     9.2132727099E-02
    2.7000000000E-01     9.3648814707E-02    -8.9419207327E-02     9.4265672835E-01     9.1698902279E-02
    2.7500000000E-01     9.3190434618E-02    -9.3953230075E-02     9.0719224285E-01     9.1258175764E-02
    2.8000000000E-01     9.2709078954E-02    -9.8609316422E-02     8.7136489255E-01     9.0811631847E-02
    2.8500000000E-01     9.2204139323E-02    -1.0338667356E-01     8.3518900792E-01     9.0360435218E-02
    2.9000000000E-01     9.1675011627E-02    -1.0828437776E-01     7.9867905881E-01     8.9905830801E-02
    2.9500000000E-01     9.1121096712E-02    -1.1330137442E-01     7.6184964873E-01     8.9449143383E-02
    3.0000000000E-01     9.0541801025E-02    -1.1843647820E-01     7.2471550895E-01     8.8991777013E-02
    3.0500000000E-01     8.9936537265E-02    -1.2368837325E-01     6.8729149263E-01     8.8535214191E-02
    3.1000000000E-01     8.9304725037E-02    -1.2905561354E-01     6.4959256888E-01     8.8081014833E-02
    3.1500000000E-01     8.8645791501E-02    -1.3453662324E-01     6.1163381676E-01     8.7630815006E-02
    3.2000000000E-01     8.7959172019E-02    -1.4012969731E-01     5.7343041926E-01     8.7186325456E-02
    3.2500000000E-01     8.7244310798E-02    -1.4583300202E-01     5.3499765725E-01     8.6749329906E-02
    3.3000000000E-01     8.6500661538E-02    -1.5164457572E-01     4.9635090330E-01     8.6321683138E-02
    3.3500000000E-01     8.5727688062E-02    -1.5756232958E-01     4.5750561562E-01     8.5905308856E-02
    3.4000000000E-01     8.4924864955E-02    -1.6358404851E-01     4.1847733178E-01     8.5502197340E-02
    3.4500000000E-01     8.4091678191E-02    -1.6970739212E-01     3.7928166260E-01     8.5114402880E-02
    3.5000000000E-01     8.3227625756E-02    -1.7592989579E-01     3.3993428580E-01     8.4744041006E-02
    3.5500000000E-01     8.2332218267E-02    -1.8224897185E-01     3.0045093982E-01     8.4393285519E-02
    3.6000000000E-01     8.1404979588E-02    -1.8866191079E-01     2.6084741748E-01     8.4064365309E-02
    3.6500000000E-01     8.0445447427E-02    -1.9516588266E-01     2.2113955964E-01     8.3759560994E-02
    3.7000000000E-01     7.9453173944E-02    -2.0175793843E-01     1.8134324893E-01     8.3481201356E-02
    3.7500000000E-01     7.8427726336E-02    -2.0843501156E-01     1.4147440334E-01     8.3231659606E-02
    3.8000000000E-01     7.7368687426E-02    -2.1519391961E-01     1.0154896987E-01     8.3013349459E-02
    3.8500000000E-01     7.6275656233E-02    -2.2203136588E-01     6.1582918165E-02     8.2828721056E-02
    3.9000000000E-01     7.5148248542E-02    -2.2894394124E-01     2.1592234117E-02     8.2680256706E-02
    3.9500000000E-01     7.3986097462E-02    -2.3592812597E-01    -1.8407086538E-02     8.2570466489E-02
    4.0000000000E-01     7.2788853972E-02    -2.4298029170E-01    -5.8399044603E-02     8.2501883703E-02
    4.0500000000E-01     7.1556187459E-02    -2.5009670346E-01    -9.8367643828E-02     8.2477060178E-02
    4.1000000000E-01     7.0287786251E-02    -2.5727352176E-01    -1.3829689731E-01     8.2498561459E-02
    4.1500000000E-01     6.8983358125E-02    -2.6450680480E-01    -1.7817083387E-01     8.2568961876E-02
    4.2000000000E-01     6.7642630823E-02    -2.7179251075E-01    -2.1797350448E-01     8.2690839496E-02
    4.2500000000E-01     6.6265352538E-02    -2.7912650005E-01    -2.5768898859E-01     8.2866770983E-02
    4.3000000000E-01     6.4851292401E-02    -2.8650453787E-01    -2.9730140054E-01     8.3099326370E-02
    4.3500000000E-01     6.3400240950E-02    -2.9392229660E-01    -3.3679489590E-01     8.3391063745E-02
    4.4000000000E-01     6.1912010589E-02    -3.0137535842E-01    -3.7615367779E-01     8.3744523882E-02
    4.4500000000E-01     6.0386436030E-02    -3.0885921790E-01    -4.1536200322E-01     8.4162224806E-02
    4.5000000000E-01     5.8823374725E-02    -3.1636928479E-01    -4.5440418939E-01     8.4646656320E-02
    4.5500000000E-01     5.7222707284E-02    -3.2390088672E-01    -4.9326461994E-01     8.5200274499E-02
    4.6000000000E-01     5.5584337880E-02    -3.3144927209E-01    -5.3192775122E-01     8.5825496158E-02
    4.6500000000E-01     5.3908194632E-02    -3.3900961295E-01    -5.7037811849E-01     8.6524693322E-02
    4.7000000000E-01     5.2194229988E-02    -3.4657700803E-01    -6.0860034212E-01     8.7300187687E-02
    4.7500000000E-01     5.0442421077E-02    -3.5414648569E-01    -6.4657913373E-01     8.8154245104E-02
    4.8000000000E-01     4.8652770054E-02    -3.6171300710E-01    -6.8429930230E-01     8.9089070093E-02
    4.8500000000E-01     4.6825304434E-02    -3.6927146933E-01    -7.2174576028E-01     9.0106800385E-02
    4.9000000000E-01     4.4960077396E-02    -3.7681670860E-01    -7.5890352958E-01     9.1209501536E-02
    4.9500000000E-01     4.3057168086E-02    -3.8434350351E-01    -7.9575774758E-01     9.2399161581E-02
    5.0000000000E-01     4.1116681892E-02    -3.9184657838E-01    -8.3229367309E-01     9.3677685792E-02
    5.0500000000E-01     3.9138750711E-02    -3.9932060660E-01    -8.6849669224E-01     9.5046891499E-02
    5.1000000000E-01     3.7123533192E-02    -4.0676021404E-01    -9.0435232428E-01     9.6508503031E-02
    5.1500000000E-01     3.5071214968E-02    -4.1415998254E-01    -9.3984622746E-01     9.8064146764E-02
    5.2000000000E-01     3.2982008862E-02    -4.2151445338E-01    -9.7496420467E-01     9.9715346288E-02
    5.2500000000E-01     3.0856155089E-02    -4.2881813080E-01    -1.0096922092E+00     1.0146351772E-01
    5.3000000000E-01     2.8693921425E-02    -4.3606548568E-01    -1.0440163503E+00     1.0330996517E-01
    5.3500000000E-01     2.6495603369E-02    -4.4325095904E-01    -1.0779228988E+00     1.0525587632E-01
    5.4000000000E-01     2.4261524280E-02    -4.5036896579E-01    -1.1113982925E+00     1.0730231828E-01
    5.4500000000E-01     2.1992035503E-02    -4.5741389838E-01    -1.1444291417E+00     1.0945023347E-01
    5.5000000000E-01     1.9687516466E-02    -4.6438013052E-01    -1.1770022345E+00     1.1170043585E-01
    5.5500000000E-01     1.7348374769E-02    -4.7126202093E-01    -1.2091045421E+00     1.1405360726E-01
    5.6000000000E-01     1.4975046249E-02    -4.7805391714E-01    -1.2407232240E+00     1.1651029395E-01
    5.6500000000E-01     1.2567995025E-02    -4.8475015925E-01    -1.2718456332E+00     1.1907090343E-01
    5.7000000000E-01     1.0127713523E-02    -4.9134508378E-01    -1.3024593211E+00     1.2173570149E-01
    5.7500000000E-01     7.6547224923E-03    -4.9783302749E-01    -1.3325520426E+00     1.2450480939E-01
    5.8000000000E-01     5.1495709862E-03    -5.0420833127E-01    -1.3621117610E+00     1.2737820147E-01
    5.8500000000E-01     2.6128363365E-03    -5.1046534396E-01    -1.3911266529E+00     1.3035570283E-01
    5.9000000000E-01     4.5124102691E-05    -5.1659842628E-01    -1.4195851127E+00     1.3343698738E-01
    5.9500000000E-01    -2.5529319972E-03    -5.2260195469E-01    -1.4474757574E+00     1.3662157614E-01
    6.0000000000E-01    -5.1806701749E-03    -5.2847032533E-01    -1.4747874311E+00     1.3990883581E-01
    6.0500000000E-01    -7.8374006801E-03    -5.3419795786E-01    -1.5015092095E+00     1.4329797759E-01
    6.1000000000E-01    -1.0522405928E-02    -5.3977929946E-01    -1.5276304042E+00     1.4678805633E-01
    6.1500000000E-01    -1.3234940646E-02    -5.4520882864E-01    -1.5531405671E+00     1.5037796995E-01
    6.2000000000E-01    -1.5974232042E-02    -5.5048105922E-01    -1.5780294945E+00     1.5406645917E-01
    6.2500000000E-01    -1.8739479987E-02    -5.5559054418E-01    -1.6022872311E+00     1.5785210749E-01
    6.3000000000E-01    -2.1529857225E-02    -5.6053187960E-01    -1.6259040742E+00     1.6173334155E-01
    6.3500000000E-01    -2.4344509596E-02    -5.6529970851E-01    -1.6488705774E+00     1.6570843170E-01
    6.4000000000E-01    -2.7182556279E-02    -5.6988872476E-01    -1.6711775543E+00     1.6977549296E-01
    6.4500000000E-01    -3.0043090060E-02    -5.7429367691E-01    -1.6928160824E+00     1.7393248627E-01
    6.5000000000E-01    -3.2925177609E-02    -5.7850937203E-01    -1.7137775067E+00     1.7817721997E-01
    6.5500000000E-01    -3.5827859789E-02    -5.8253067954E-01    -1.7340534429E+00     1.8250735168E-01
    6.6000000000E-01    -3.8750151973E-02    -5.8635253504E-01    -1.7536357808E+00     1.8692039045E-01
    6.6500000000E-01    -4.1691044384E-02    -5.8996994401E-01    -1.7725166878E+00     1.9141369924E-01
    6.7000000000E-01    -4.4649502455E-02    -5.9337798564E-01    -1.7906886117E+00     1.9598449762E-01
    6.7500000000E-01    -4.7624467209E-02    -5.9657181649E-01    -1.8081442840E+00     2.0062986488E-01
    6.8000000000E-01    -5.0614855651E-02    -5.9954667420E-01    -1.8248767228E+00     2.0534674340E-01
    6.8500000000E-01    -5.3619561186E-02    -6.0229788117E-01    -1.8408792352E+00     2.1013194225E-01
    6.9000000000E-01    -5.6637454049E-02    -6.0482084813E-01    -1.8561454204E+00     2.1498214118E-01
    6.9500000000E-01    -5.9667381757E-02    -6.0711107775E-01    -1.8706691722E+00     2.1989389482E-01
    7.0000000000E-01    -6.2708169579E-02    -6.0916416817E-01    -1.8844446813E+00     2.2486363721E-01
    7.0500000000E-01    -6.5758621020E-02    -6.1097581653E-01    -1.8974664377E+00     2.2988768658E-01
    7.1000000000E-01    -6.8817518325E-02    -6.1254182235E-01    -1.9097292328E+00     2.3496225035E-01
    7.1500000000E-01    -7.1883622999E-02    -6.1385809101E-01    -1.9212281616E+00     2.4008343050E-01
    7.2000000000E-01    -7.4955676348E-02    -6.1492063706E-01    -1.9319586248E+00     2.4524722911E-01
    7.2500000000E-01    -7.8032400027E-02    -6.1572558754E-01    -1.9419163303E+00     2.5044955412E-01
    7.3000000000E-01    -8.1112496618E-02    -6.1626918522E-01    -1.9510972952E+00     2.5568622540E-01
    7.3500000000E-01    -8.4194650210E-02    -6.1654779181E-01    -1.9594978471E+00     2.6095298104E-01
    7.4000000000E-01    -8.7277527006E-02    -6.1655789108E-01    -1.9671146261E+00     2.6624548373E-01
    7.4500000000E-01    -9.0359775939E-02    -6.1629609192E-01    -1.9739445854E+00     2.7155932754E-01
    7.5000000000E-01    -9.3440029305E-02    -6.1575913140E-01    -1.9799849932E+00     2.7689004472E-01
    7.5500000000E-01    -9.6516903412E-02    -6.1494387768E-01    -1.9852334334E+00     2.8223311279E-01
    7.6000000000E-01    -9.9588999244E-02    -6.1384733289E-01    -1.9896878067E+00     2.8758396176E-01
    7.6500000000E-01    -1.0265490314E-01    -6.1246663598E-01    -1.9933463314E+00     2.9293798147E-01
    7.7000000000E-01    -1.0571318746E-01    -6.1079906541E-01    -1.9962075442E+00     2.9829052919E-01
    7.7500000000E-01    -1.0876241135E-01    -6.0884204189E-01    -1.9982703005E+00     3.0363693721E-01
    7.8000000000E-01    -1.1180112138E-01    -6.0659313090E-01    -1.9995337754E+00     3.0897252065E-01
    7.8500000000E-01    -1.1482785235E-01    -6.0405004528E-01    -1.9999974635E+00     3.1429258535E-01
    7.9000000000E-01    -1.1784112796E-01    -6.0121064765E-01    -1.9996611792E+00     3.1959243582E-01
    7.9500000000E-01    -1.2083946164E-01    -5.9807295276E-01    -1.9985250571E+00     3.2486738331E-01
    8.0000000000E-01    -1.2382135725E-01    -5.9463512981E-01    -1.9965895516E+00     3.3011275392E-01
    8.0500000000E-01    -1.2678530991E-01    -5.9089550460E-01    -1.9938554369E+00     3.3532389678E-01
    8.1000000000E-01    -1.2972980675E-01    -5.8685256173E-01    -1.9903238066E+00     3.4049619220E-01
    8.1500000000E-01    -1.3265332772E-01    -5.8250494656E-01    -1.9859960734E+00     3.4562505994E-01
    8.2000000000E-01    -1.3555434642E-01    -5.7785146719E-01    -1.9808739682E+00     3.5070596740E-01
    8.2500000000E-01    -1.3843133089E-01    -5.7289109631E-01    -1.9749595398E+00     3.5573443782E-01
    8.3000000000E-01    -1.4128274444E-01    -5.6762297298E-01    -1.9682551540E+00     3.6070605849E-01
    8.3500000000E-01    -1.4410704652E-01    -5.6204640431E-01    -1.9607634923E+00     3.6561648886E-01
    8.4000000000E-01    -1.4690269351E-01    -5.5616086702E-01    -1.9524875513E+00     3.7046146862E-01
    8.4500000000E-01    -1.4966813963E-01    -5.4996600897E-01    -1.9434306414E+00     3.7523682572E-01
    8.5000000000E-01    -1.5240183775E-01    -5.4346165053E-01    -1.9335963852E+00     3.7993848429E-01
    8.5500000000E-01    -1.5510224027E-01    -5.3664778588E-01    -1.9229887161E+00     3.8456247242E-01
    8.6000000000E-01    -1.5776780002E-01    -5.2952458423E-01    -1.9116118772E+00     3.8910492989E-01
    8.6500000000E-01    -1.6039697111E-01    -5.2209239093E-01    -1.8994704191E+00     3.9356211573E-01
    8.7000000000E-01    -1.6298820979E-01    -5.1435172846E-01    -1.8865691981E+00     3.9793041561E-01
    8.7500000000E-01    -1.6553997542E-01    -5.0630329736E-01    -1.8729133746E+00     4.0220634908E-01
    8.8000000000E-01    -1.6805073126E-01    -4.9794797700E-01    -1.8585084107E+00     4.0638657668E-01
    8.8500000000E-01    -1.7051894545E-01    -4.8928682633E-01    -1.8433600682E+00     4.1046790679E-01
    8.9000000000E-01    -1.7294309185E-01    -4.8032108446E-01    -1.8274744063E+00     4.1444730228E-01
    8.9500000000E-01    -1.7532165099E-01    -4.7105217115E-01    -1.8108577790E+00     4.1832188702E-01
    9.0000000000E-01    -1.7765311092E-01    -4.6148168724E-01    -1.7935168327E+00     4.2208895204E-01
    9.0500000000E-01    -1.7993596819E-01    -4.5161141491E-01    -1.7754585036E+00     4.2574596152E-01
    9.1000000000E-01    -1.8216872868E-01    -4.4144331788E-01    -1.7566900147E+00     4.2929055853E-01
    9.1500000000E-01    -1.8434990855E-01    -4.3097954150E-01    -1.7372188733E+00     4.3272057041E-01
    9.2000000000E-01    -1.8647803515E-01    -4.2022241270E-01    -1.7170528675E+00     4.3603401400E-01
    9.2500000000E-01    -1.8855164791E-01    -4.0917443991E-01    -1.6962000634E+00     4.3922910045E-01
    9.3000000000E-01    -1.9056929927E-01    -3.9783831278E-01    -1.6746688019E+00     4.4230423980E-01
    9.3500000000E-01    -1.9252955555E-01    -3.8621690185E-01    -1.6524676953E+00     4.4525804523E-01
    9.4000000000E-01    -1.9443099788E-01    -3.7431325810E-01    -1.6296056236E+00     4.4808933695E-01
    9.4500000000E-01    -1.9627222310E-01    -3.6213061242E-01    -1.6060917313E+00     4.5079714584E-01
    9.5000000000E-01    -1.9805184466E-01    -3.4967237491E-01    -1.5819354238E+00     4.5338071663E-01
    9.5500000000E-01    -1.9976849349E-01    -3.3694213414E-01    -1.5571463632E+00     4.5583951080E-01
    9.6000000000E-01    -2.0142081892E-01    -3.2394365627E-01    -1.5317344649E+00     4.5817320916E-01
    9.6500000000E-01    -2.0300748954E-01    -3.1068088403E-01    -1.5057098931E+00     4.6038171396E-01
    9.7000000000E-01    -2.0452719411E-01    -2.9715793572E-01    -1.4790830575E+00     4.6246515070E-01
    9.7500000000E-01    -2.0597864241E-01    -2.8337910390E-01    -1.4518646084E+00     4.6442386955E-01
    9.8000000000E-01    -2.0736056610E-01    -2.6934885421E-01    -1.4240654328E+00     4.6625844638E-01
    9.8500000000E-01    -2.0867171963E-01    -2.5507182387E-01    -1.3956966500E+00     4.6796968340E-01
    9.9000000000E-01    -2.0991088103E-01    -2.4055282020E-01    -1.3667696072E+00     4.6955860942E-01
    9.9500000000E-01    -2.1107685282E-01    -2.2579681905E-01    -1.3372958747E+00     4.7102647970E-01
    1.0000000000E+00    -2.1216846278E-01    -2.1080896300E-01    -1.3072872417E+00     4.7237477543E-01
    1.0050000000E+00    -2.1318456485E-01    -1.9559455962E-01    -1.2767557113E+00     4.7360520278E-01
    1.0100000000E+00    -2.1412403990E-01    -1.8015907948E-01    -1.2457134956E+00     4.7471969159E-01
    1.0150000000E+00    -2.1498579655E-01    -1.6450815417E-01    -1.2141730111E+00     4.7572039359E-01
    1.0200000000E+00    -2.1576877200E-01    -1.4864757416E-01    -1.1821468736E+00     4.7660968035E-01
    1.0250000000E+00    -2.1647193277E-01    -1.3258328654E-01    -1.1496478931E+00     4.7739014069E-01
    1.0300000000E+00    -2.1709427550E-01    -1.1632139276E-01    -1.1166890687E+00     4.7806457777E-01
    1.0350000000E+00    -2.1763482776E-01    -9.9868146148E-02    -1.0832835837E+00     4.7863600583E-01
    1.0400000000E+00    -2.1809264870E-01    -8.3229949415E-02    -1.0494447996E+00     4.7910764641E-01
    1.0450000000E+00    -2.1846682990E-01    -6.6413352035E-02    -1.0151862516E+00     4.7948292433E-01
    1.0500000000E+00    -2.1875649603E-01    -4.9425047528E-02    -9.8052164268E-01     4.7976546320E-01
    1.0550000000E+00    -2.1896080557E-01    -3.2271870655E-02    -9.4546483815E-01     4.7995908059E-01
    1.0600000000E+00    -2.1907895155E-01    -1.4960794523E-02    -9.1002986029E-01     4.8006778283E-01
    1.0650000000E+00    -2.1911016219E-01     2.5010724093E-03    -8.7423088261E-01     4.8009575942E-01
    1.0700000000E+00    -2.1905370157E-01     2.0106489408E-02    -8.3808222424E-01     4.8004737716E-01
    1.0750000000E+00    -2.1890887031E-01     3.7848086633E-02    -8.0159834416E-01     4.7992717385E-01
    1.0800000000E+00    -2.1867500621E-01     5.5718368393E-02    -7.6479383543E-01     4.7973985172E-01
    1.0850000000E+00    -2.1835148484E-01     7.3709716486E-02    -7.2768341935E-01     4.7949027048E-01
    1.0900000000E+00    -2.1793772016E-01     9.1814393623E-02    -6.9028193962E-01     4.7918344011E-01
    1.0950000000E+00    -2.1743316510E-01     1.1002454693E-01    -6.5260435631E-01     4.7882451332E-01
    1.1000000000E+00    -2.1683731216E-01     1.2833221155E-01    -6.1466573996E-01     4.7841877771E-01
    1.1050000000E+00    -2.1614969391E-01     1.4672931429E-01    -5.7648126551E-01     4.7797164762E-01
    1.1100000000E+00    -2.1536988357E-01     1.6520767736E-01    -5.3806620623E-01     4.7748865584E-01
    1.1150000000E+00    -2.1449749549E-01     1.8375902223E-01    -4.9943592766E-01     4.7697544486E-01
    1.1200000000E+00    -2.1353218567E-01     2.0237497346E-01    -4.6060588136E-01     4.7643775810E-01
    1.1250000000E+00    -2.1247365219E-01     2.2104706271E-01    -4.2159159886E-01     4.7588143071E-01
    1.1300000000E+00    -2.1132163573E-01     2.3976673276E-01    -3.8240868534E-01     4.7531238035E-01
    1.1350000000E+00    -2.1007591996E-01     2.5852534160E-01    -3.4307281344E-01     4.7473659759E-01
    1.1400000000E+00    -2.0873633195E-01     2.7731416661E-01    -3.0359971700E-01     4.7416013626E-01
    1.1450000000E+00    -2.0730274259E-01     2.9612440876E-01    -2.6400518471E-01     4.7358910360E-01
    1.1500000000E+00    -2.0577506695E-01     3.1494719694E-01    -2.2430505387E-01     4.7302965021E-01
    1.1550000000E+00    -2.0415326461E-01     3.3377359227E-01    -1.8451520400E-01     4.7248795995E-01
    1.1600000000E+00    -2.0243734001E-01     3.5259459252E-01    -1.4465155051E-01     4.7197023966E-01
    1.1650000000E+00    -2.0062734277E-01     3.7140113658E-01    -1.0473003832E-01     4.7148270881E-01
    1.1700000000E+00    -1.9872336793E-01     3.9018410896E-01    -6.4766635519E-02     4.7103158907E-01
    1.1750000000E+00    -1.9672555624E-01     4.0893434435E-01    -2.4777326926E-02     4.7062309379E-01
    1.1800000000E+00    -1.9463409440E-01     4.2764263225E-01     1.5221892268E-02     4.7026341749E-01
    1.1850000000E+00    -1.9244921525E-01     4.4629972157E-01     5.5215022908E-02     4.6995872525E-01
    1.1900000000E+00    -1.9017119800E-01     4.6489632542E-01     9.5186068276E-02     4.6971514217E-01
    1.1950000000E+00    -1.8780036834E-01     4.8342312576E-01     1.3511904048E-01     4.6953874275E-01
    1.2000000000E+00    -1.8533709865E-01     5.0187077822E-01     1.7499796688E-01     4.6943554039E-01
    1.2050000000E+00    -1.8278180808E-01     5.2022991690E-01     2.1480689642E-01     4.6941147688E-01
    1.2100000000E+00    -1.8013496265E-01     5.3849115924E-01     2.5452990607E-01     4.6947241197E-01
    1.2150000000E+00    -1.7739707531E-01     5.5664511085E-01     2.9415110714E-01     4.6962411301E-01
    1.2200000000E+00    -1.7456870603E-01     5.7468237044E-01     3.3365465170E-01     4.6987224470E-01
    1.2250000000E+00    -1.7165046177E-01     5.9259353477E-01     3.7302473885E-01     4.7022235899E-01
    1.2300000000E+00    -1.6864299652E-01     6.1036920354E-01     4.1224562107E-01     4.7067988506E-01
    1.2350000000E+00    -1.6554701122E-01     6.2799998445E-01     4.5130161054E-01     4.7125011948E-01
    1.2400000000E+00    -1.6236325379E-01     6.4547649808E-01     4.9017708538E-01     4.7193821661E-01
    1.2450000000E+00    -1.5909251897E-01     6.6278938301E-01     5.2885649593E-01     4.7274917902E-01
    1.2500000000E+00    -1.5573564825E-01     6.7992930074E-01     5.6732437093E-01     4.7368784836E-01
    1.2550000000E+00    -1.5229352976E-01     6.9688694077E-01     6.0556532374E-01     4.7475889619E-01
    1.2600000000E+00    -1.4876709811E-01     7.1365302562E-01     6.4356405850E-01     4.7596681528E-01
    1.2650000000E+00    -1.4515733418E-01     7.3021831585E-01     6.8130537622E-01     4.7731591105E-01
    1.2700000000E+00    -1.4146526495E-01     7.4657361513E-01     7.1877418087E-01     4.7881029327E-01
    1.2750000000E+00    -1.3769196327E-01     7.6270977525E-01     7.5595548543E-01     4.8045386812E-01
    1.2800000000E+00    -1.3383854760E-01     7.7861770116E-01     7.9283441787E-01     4.8225033051E-01
    1.2850000000E+00    -1.2990618172E-01     7.9428835600E-01     8.2939622712E-01     4.8420315674E-01
    1.2900000000E+00    -1.2589607446E-01     8.0971276611E-01     8.6562628894E-01     4.8631559745E-01
    1.2950000000E+00    -1.2180947933E-01     8.2488202605E-01     9.0151011178E-01     4.8859067099E-01
    1.3000000000E+00    -1.1764769419E-01     8.3978730356E-01     9.3703334260E-01     4.9103115708E-01
    1.3050000000E+00    -1.1341206087E-01     8.5441984455E-01     9.7218177258E-01     4.9363959088E-01
    1.3100000000E+00    -1.0910396477E-01     8.6877097805E-01     1.0069413428E+00     4.9641825744E-01
    1.3150000000E+00    -1.0472483442E-01     8.8283212116E-01     1.0412981499E+00     4.9936918652E-01
    1.3200000000E+00    -1.0027614104E-01     8.9659478390E-01     1.0752384517E+00     5.0249414788E-01
    1.3250000000E+00    -9.5759398055E-02     9.1005057411E-01     1.1087486724E+00     5.0579464688E-01
    1.3300000000E+00    -9.1176160590E-02     9.2319120233E-01     1.1418154084E+00     5.0927192062E-01
    1.3350000000E+00    -8.6528024958E-02     9.3600848652E-01     1.1744254334E+00     5.1292693445E-01
    1.3400000000E+00    -8.1816628101E-02     9.4849435693E-01     1.2065657040E+00     5.1676037890E-01
    1.3450000000E+00    -7.7043647020E-02     9.6064086075E-01     1.2382233644E+00     5.2077266713E-01
    1.3500000000E+00    -7.2210798177E-02     9.7244016686E-01     1.2693857519E+00     5.2496393280E-01
    1.3550000000E+00    -6.7319836877E-02     9.8388457045E-01     1.3000404020E+00     5.2933402835E-01
    1.3600000000E+00    -6.2372556623E-02     9.9496649759E-01     1.3301750534E+00     5.3388252386E-01
    1.3650000000E+00    -5.7370788449E-02     1.0056785098E+00     1.3597776524E+00     5.3860870624E-01
    1.3700000000E+00    -5.2316400237E-02     1.0160133087E+00     1.3888363585E+00     5.4351157904E-01
    1.3750000000E+00    -4.7211295999E-02     1.0259637400E+00     1.4173395486E+00     5.4858986260E-01
    1.3800000000E+00    -4.2057415149E-02     1.0355227985E+00     1.4452758217E+00     5.5384199479E-01
    1.3850000000E+00    -3.6856731747E-02     1.0446836319E+00     1.4726340038E+00     5.5926613213E-01
    1.3900000000E+00    -3.1611253722E-02     1.0534395454E+00     1.4994031520E+00     5.6486015148E-01
    1.3950000000E+00    -2.6323022075E-02     1.0617840055E+00     1.5255725588E+00     5.7062165212E-01
    1.4000000000E+00    -2.0994110061E-02     1.0697106448E+00     1.5511317570E+00     5.7654795837E-01
    1.4050000000E+00    -1.5626622352E-02     1.0772132653E+00     1.5760705232E+00     5.8263612268E-01
    1.4100000000E+00    -1.0222694175E-02     1.0842858427E+00     1.6003788821E+00     5.8888292913E-01
    1.4150000000E+00    -4.7844904350E-03     1.0909225307E+00     1.6240471109E+00     5.9528489746E-01
    1.4200000000E+00     6.8579517978E-04     1.0971176641E+00     1.6470657425E+00     6.0183828755E-01
    1.4250000000E+00     6.1859411196E-03     1.1028657630E+00     1.6694255697E+00     6.0853910432E-01
    1.4300000000E+00     1.1713698906E-02     1.1081615367E+00     1.6911176489E+00     6.1538310311E-01
    1.4350000000E+00     1.7266794084E-02     1.1129998866E+00     1.7121333037E+00     6.2236579552E-01
    1.4400000000E+00     2.2842927198E-02     1.1173759102E+00     1.7324641279E+00     6.2948245560E-01
    1.4450000000E+00     2.8439774774E-02     1.1212849047E+00     1.7521019896E+00     6.3672812660E-01
    1.4500000000E+00     3.4054990331E-02     1.1247223696E+00     1.7710390339E+00     6.4409762798E-01
    1.4550000000E+00     3.9686205399E-02     1.1276840107E+00     1.7892676861E+00     6.5158556295E-01
    1.4600000000E+00     4.5331030558E-02     1.1301657428E+00     1.8067806552E+00     6.5918632636E-01
    1.4650000000E+00     5.0987056492E-02     1.1321636928E+00     1.8235709361E+00     6.6689411295E-01
    1.4700000000E+00     5.6651855055E-02     1.1336742029E+00     1.8396318129E+00     6.7470292597E-01
    1.4750000000E+00     6.2322980356E-02     1.1346938331E+00     1.8549568615E+00     6.8260658622E-01
    1.4800000000E+00     6.7997969855E-02     1.1352193641E+00     1.8695399521E+00     6.9059874135E-01
    1.4850000000E+00     7.3674345472E-02     1.1352478000E+00     1.8833752516E+00     6.9867287556E-01
    1.4900000000E+00     7.9349614714E-02     1.1347763709E+00     1.8964572262E+00     7.0682231953E-01
    1.4950000000E+00     8.5021271803E-02     1.1338025350E+00     1.9087806432E+00     7.1504026073E-01
    1.5000000000E+00     9.0686798834E-02     1.1323239812E+00     1.9203405733E+00     7.2331975399E-01
    1.5050000000E+00     9.6343666922E-02     1.1303386313E+00     1.9311323928E+00     7.3165373229E-01
    1.5100000000E+00     1.0198933738E-01     1.1278446422E+00     1.9411517851E+00     7.4003501783E-01
    1.5150000000E+00     1.0762126290E-01     1.1248404074E+00     1.9503947426E+00     7.4845633336E-01
    1.5200000000E+00     1.1323688873E-01     1.1213245596E+00     1.9588575682E+00     7.5691031366E-01
    1.5250000000E+00     1.1883365390E-01     1.1172959718E+00     1.9665368769E+00     7.6538951727E-01
    1.5300000000E+00     1.2440899238E-01     1.1127537594E+00     1.9734295970E+00     7.7388643833E-01
    1.5350000000E+00     1.2996033435E-01     1.1076972814E+00     1.9795329717E+00     7.8239351867E-01
    1.5400000000E+00     1.3548510739E-01     1.1021261422E+00     1.9848445595E+00     7.9090315991E-01
    1.5450000000E+00     1.4098073772E-01     1.0960401925E+00     1.9893622359E+00     7.9940773581E-01
    1.5500000000E+00     1.4644465142E-01     1.0894395305E+00     1.9930841940E+00     8.0789960458E-01
    1.5550000000E+00     1.5187427571E-01     1.0823245032E+00     1.9960089450E+00     8.1637112139E-01
    1.5600000000E+00     1.5726704014E-01     1.0746957074E+00     1.9981353191E+00     8.2481465085E-01
    1.5650000000E+00     1.6262037788E-01     1.0665539898E+00     1.9994624656E+00     8.3322257955E-01
    1.5700000000E+00     1.6793172696E-01     1.0579004484E+00     1.9999898538E+00     8.4158732861E-01
    1.5750000000E+00     1.7319853154E-01     1.0487364330E+00     1.9997172728E+00     8.4990136624E-01
    1.5800000000E+00     1.7841824314E-01     1.0390635451E+00     1.9986448315E+00     8.5815722023E-01
    1.5850000000E+00     1.8358832193E-01     1.0288836386E+00     1.9967729589E+00     8.6634749041E-01
    1.5900000000E+00     1.8870623797E-01     1.0181988200E+00     1.9941024037E+00     8.7446486106E-01
    1.5950000000E+00     1.9376947250E-01     1.0070114483E+00     1.9906342342E+00     8.8250211322E-01
    1.6000000000E+00     1.9877551918E-01     9.9532413468E-01     1.9863698375E+00     8.9045213680E-01
    1.6050000000E+00     2.0372188535E-01     9.8313974288E-01     1.9813109194E+00     8.9830794273E-01
    1.6100000000E+00     2.0860609331E-01     9.7046138833E-01     1.9754595033E+00     9.0606267477E-01
    1.6150000000E+00     2.1342568154E-01     9.5729243791E-01     1.9688179298E+00     9.1370962126E-01
    1.6200000000E+00     2.1817820602E-01     9.4363650927E-01     1.9613888553E+00     9.2124222664E-01
    1.6250000000E+00     2.2286124142E-01     9.2949747014E-01     1.9531752515E+00     9.2865410276E-01
    1.6300000000E+00     2.2747238237E-01     9.1487943745E-01     1.9441804035E+00     9.3593903994E-01
    1.6350000000E+00     2.3200924471E-01     8.9978677634E-01     1.9344079094E+00     9.4309101777E-01
    1.6400000000E+00     2.3646946674E-01     8.8422409906E-01     1.9238616779E+00     9.5010421568E-01
    1.6450000000E+00     2.4085071041E-01     8.6819626367E-01     1.9125459273E+00     9.5697302317E-01
    1.6500000000E+00     2.4515066259E-01     8.5170837273E-01     1.9004651839E+00     9.6369204975E-01
    1.6550000000E+00     2.4936703625E-01     8.3476577177E-01     1.8876242798E+00     9.7025613456E-01
    1.6600000000E+00     2.5349757173E-01     8.1737404762E-01     1.8740283511E+00     9.7666035561E-01
    1.6650000000E+00     2.5754003787E-01     7.9953902672E-01     1.8596828360E+00     9.8290003870E-01
    1.6700000000E+00     2.6149223325E-01     7.8126677319E-01     1.8445934726E+00     9.8897076594E-01
    1.6750000000E+00     2.6535198735E-01     7.6256358681E-01     1.8287662965E+00     9.9486838388E-01
    1.6800000000E+00     2.6911716176E-01     7.4343600091E-01     1.8122076382E+00     1.0005890112E+00
    1.6850000000E+00     2.7278565127E-01     7.2389078012E-01     1.7949241209E+00     1.0061290462E+00
    1.6900000000E+00     2.7635538513E-01     7.0393491792E-01     1.7769226580E+00     1.0114851732E+00
    1.6950000000E+00     2.7982432806E-01     6.8357563420E-01     1.7582104497E+00     1.0166543696E+00
    1.7000000000E+00     2.8319048148E-01     6.6282037260E-01     1.7387949807E+00     1.0216339112E+00
    1.7050000000E+00     2.8645188457E-01     6.4167679776E-01     1.7186840169E+00     1.0264213781E+00
    1.7100000000E+00     2.8960661538E-01     6.2015279242E-01     1.6978856023E+00     1.0310146597E+00
    1.7150000000E+00     2.9265279191E-01     5.9825645449E-01     1.6764080562E+00     1.0354119588E+00
    1.7200000000E+00     2.9558857319E-01     5.7599609389E-01     1.6542599692E+00     1.0396117961E+00
    1.7250000000E+00     2.9841216032E-01     5.5338022932E-01     1.6314502003E+00     1.0436130134E+00
    1.7300000000E+00     3.0112179749E-01     5.3041758498E-01     1.6079878730E+00     1.0474147765E+00
    1.7350000000E+00     3.0371577305E-01     5.0711708704E-01     1.5838823720E+00     1.0510165780E+00
    1.7400000000E+00     3.0619242046E-01     4.8348786010E-01     1.5591433392E+00     1.0544182389E+00
    1.7450000000E+00     3.0855011928E-01     4.5953922355E-01     1.5337806699E+00     1.0576199101E+00
    1.7500000000E+00     3.1078729617E-01     4.3528068772E-01     1.5078045087E+00     1.0606220732E+00
    1.7550000000E+00     3.1290242580E-01     4.1072195002E-01     1.4812252458E+00     1.0634255408E+00
    1.7600000000E+00     3.1489403178E-01     3.8587289094E-01     1.4540535126E+00     1.0660314565E+00
    1.7650000000E+00     3.1676068759E-01     3.6074356991E-01     1.4263001774E+00     1.0684412936E+00
    1.7700000000E+00     3.1850101742E-01     3.3534422113E-01     1.3979763411E+00     1.0706568543E+00
    1.7750000000E+00     3.2011369707E-01     3.0968524925E-01     1.3690933329E+00     1.0726802674E+00
    1.7800000000E+00     3.2159745480E-01     2.8377722495E-01     1.3396627056E+00     1.0745139861E+00
    1.7850000000E+00     3.2295107211E-01     2.5763088044E-01     1.3096962311E+00     1.0761607850E+00
    1.7900000000E+00     3.2417338454E-01     2.3125710484E-01     1.2792058956E+00     1.0776237567E+00
    1.7950000000E+00     3.2526328249E-01     2.0466693954E-01     1.2482038948E+00     1.0789063074E+00
    1.8000000000E+00     3.2621971192E-01     1.7787157336E-01     1.2167026291E+00     1.0800121527E+00
    1.8050000000E+00     3.2704167509E-01     1.5088233768E-01     1.1847146985E+00     1.0809453124E+00
    1.8100000000E+00     3.2772823128E-01     1.2371070154E-01     1.1522528979E+00     1.0817101046E+00
    1.8150000000E+00     3.2827849743E-01     9.6368266505E-02     1.1193302114E+00     1.0823111401E+00
    1.8200000000E+00     3.2869164882E-01     6.8866761624E-02     1.0859598078E+00     1.0827533154E+00
    1.8250000000E+00     3.2896691967E-01     4.1218038171E-02     1.0521550348E+00     1.0830418057E+00
    1.8300000000E+00     3.2910360377E-01     1.3434064381E-02     1.0179294137E+00     1.0831820572E+00
    1.8350000000E+00     3.2910105502E-01    -1.4473079907E-02     9.8329663450E-01     1.0831797792E+00
    1.8400000000E+00     3.2895868799E-01    -4.2491208683E-02     9.4827054974E-01     1.0830409354E+00
    1.8450000000E+00     3.2867597843E-01    -7.0608035263E-02     9.1286516939E-01     1.0827717353E+00
    1.8500000000E+00     3.2825246377E-01    -9.8811177856E-02     8.7709465515E-01     1.0823786241E+00
    1.8550000000E+00     3.2768774357E-01    -1.2708816519E-01     8.4097331474E-01     1.0818682737E+00
    1.8600000000E+00     3.2698147996E-01    -1.5542644223E-01     8.0451559622E-01     1.0812475718E+00
    1.8650000000E+00     3.2613339805E-01    -1.8381337588E-01     7.6773608218E-01     1.0805236118E+00
    1.8700000000E+00     3.2514328628E-01    -2.1223626084E-01     7.3064948395E-01     1.0797036813E+00
    1.8750000000E+00     3.2401099680E-01    -2.4068232544E-01     6.9327063567E-01     1.0787952514E+00
    1.8800000000E+00     3.2273644578E-01    -2.6913873757E-01     6.5561448838E-01     1.0778059643E+00
    1.8850000000E+00     3.2131961366E-01    -2.9759261062E-01     6.1769610403E-01     1.0767436222E+00
    1.8900000000E+00     3.1976054546E-01    -3.2603100952E-01     5.7953064948E-01     1.0756161739E+00
    1.8950000000E+00     3.1805935098E-01    -3.5444095676E-01     5.4113339039E-01     1.0744317034E+00
    1.9000000000E+00     3.1621620500E-01    -3.8280943847E-01     5.0251968516E-01     1.0731984161E+00
    1.9050000000E+00     3.1423134745E-01    -4.1112341059E-01     4.6370497876E-01     1.0719246266E+00
    1.9100000000E+00     3.1210508353E-01    -4.3936980498E-01     4.2470479655E-01     1.0706187444E+00
    1.9150000000E+00     3.0983778384E-01    -4.6753553563E-01     3.8553473809E-01     1.0692892615E+00
    1.9200000000E+00     3.0742988444E-01    -4.9560750490E-01     3.4621047087E-01     1.0679447380E+00
    1.9250000000E+00     3.0488188690E-01    -5.2357260971E-01     3.0674772408E-01     1.0665937884E+00
    1.9300000000E+00     3.0219435830E-01    -5.5141774785E-01     2.6716228228E-01     1.0652450682E+00
    1.9350000000E+00     2.9936793120E-01    -5.7912982424E-01     2.2746997914E-01     1.0639072590E+00
    1.9400000000E+00     2.9640330364E-01    -6.0669575721E-01     1.8768669104E-01     1.0625890550E+00
    1.9450000000E+00     2.9330123898E-01    -6.3410248486E-01     1.4782833076E-01     1.0612991485E+00
    1.9500000000E+00     2.9006256587E-01    -6.6133697134E-01     1.0791084113E-01     1.0600462160E+00
    1.9550000000E+00     2.8668817802E-01    -6.8838621317E-01     6.7950188591E-02     1.0588389034E+00
    1.9600000000E+00     2.8317903409E-01    -7.1523724560E-01     2.7962356886E-02     1.0576858123E+00
    1.9650000000E+00     2.7953615746E-01    -7.4187714890E-01    -1.2036659388E-02     1.0565954853E+00
    1.9700000000E+00     2.7576063595E-01    -7.6829305473E-01    -5.2030861159E-02     1.0555763924E+00
    1.9750000000E+00     2.7185362160E-01    -7.9447215240E-01    -9.2004251279E-02     1.0546369163E+00
    1.9800000000E+00     2.6781633036E-01    -8.2040169525E-01    -1.3194084093E-01     1.0537853389E+00
    1.9850000000E+00     2.6365004172E-01    -8.4606900688E-01    -1.7182465599E-01     1.0530298272E+00
    1.9900000000E+00     2.5935609836E-01    -8.7146148748E-01    -2.1163974349E-01     1.0523784197E+00
    1.9950000000E+00     2.5493590578E-01    -8.9656662005E-01    -2.5137017791E-01     1.0518390126E+00
    2.0000000000E+00     2.5039093181E-01    -9.2137197667E-01    -2.9100006762E-01     1.0514193470E+00
    2.0050000000E+00     2.4572270621E-01    -9.4586522471E-01    -3.3051356117E-01     1.0511269951E+00
    2.0100000000E+00     2.4093282015E-01    -9.7003413301E-01    -3.6989485371E-01     1.0509693478E+00
    2.0150000000E+00     2.3602292567E-01    -9.9386657803E-01    -4.0912819324E-01     1.0509536019E+00
    2.0200000000E+00     2.3099473518E-01    -1.0173505500E+00    -4.4819788694E-01     1.0510867476E+00
    2.0250000000E+00     2.2585002080E-01    -1.0404741589E+00    -4.8708830747E-01     1.0513755566E+00
    2.0300000000E+00     2.2059061382E-01    -1.0632256407E+00    -5.2578389917E-01     1.0518265706E+00
    2.0350000000E+00     2.1521840402E-01    -1.0855933632E+00    -5.6426918432E-01     1.0524460894E+00
    2.0400000000E+00     2.0973533897E-01    -1.1075658319E+00    -6.0252876932E-01     1.0532401602E+00
    2.0450000000E+00     2.0414342340E-01    -1.1291316963E+00    -6.4054735084E-01     1.0542145669E+00
    2.0500000000E+00     1.9844471838E-01    -1.1502797551E+00    -6.7830972197E-01     1.0553748200E+00
    2.0550000000E+00     1.9264134062E-01    -1.1709989626E+00    -7.1580077825E-01     1.0567261464E+00
    2.0600000000E+00     1.8673546167E-01    -1.1912784343E+00    -7.5300552376E-01     1.0582734804E+00
    2.0650000000E+00     1.8072930707E-01    -1.2111074521E+00    -7.8990907710E-01     1.0600214546E+00
    2.0700000000E+00     1.7462515551E-01    -1.2304754707E+00    -8.2649667735E-01     1.0619743914E+00
    2.0750000000E+00     1.6842533800E-01    -1.2493721224E+00    -8.6275368994E-01     1.0641362949E+00
    2.0800000000E+00     1.6213223690E-01    -1.2677872230E+00    -8.9866561256E-01     1.0665108438E+00
    2.0850000000E+00     1.5574828505E-01    -1.2857107771E+00    -9.3421808092E-01     1.0691013842E+00
    2.0900000000E+00     1.4927596474E-01    -1.3031329834E+00    -9.6939687450E-01     1.0719109228E+00
    2.0950000000E+00     1.4271780683E-01    -1.3200442399E+00    -1.0041879223E+00     1.0749421215E+00
    2.1000000000E+00     1.3607638962E-01    -1.3364351491E+00    -1.0385773082E+00     1.0781972920E+00
    2.1050000000E+00     1.2935433793E-01    -1.3522965231E+00    -1.0725512771E+00     1.0816783906E+00
    2.1100000000E+00     1.2255432194E-01    -1.3676193885E+00    -1.1060962398E+00     1.0853870141E+00
    2.1150000000E+00     1.1567905618E-01    -1.3823949914E+00    -1.1391987788E+00     1.0893243965E+00
    2.1200000000E+00     1.0873129838E-01    -1.3966148021E+00    -1.1718456534E+00     1.0934914052E+00
    2.1250000000E+00     1.0171384835E-01    -1.4102705201E+00    -1.2040238054E+00     1.0978885393E+00
    2.1300000000E+00     9.4629546821E-02    -1.4233540781E+00    -1.2357203639E+00     1.1025159271E+00
    2.1350000000E+00     8.7481274259E-02    -1.4358576472E+00    -1.2669226507E+00     1.1073733249E+00
    2.1400000000E+00     8.0271949679E-02    -1.4477736408E+00    -1.2976181854E+00     1.1124601166E+00
    2.1450000000E+00     7.3004529414E-02    -1.4590947194E+00    -1.3277946901E+00     1.1177753132E+00
    2.1500000000E+00     6.5682005864E-02    -1.4698137941E+00    -1.3574400946E+00     1.1233175536E+00
    2.1550000000E+00     5.8307406242E-02    -1.4799240313E+00    -1.3865425412E+00     1.1290851055E+00
    2.1600000000E+00     5.0883791278E-02    -1.4894188566E+00    -1.4150903893E+00     1.1350758674E+00
    2.1650000000E+00     4.3414253921E-02    -1.4982919584E+00    -1.4430722201E+00     1.1412873707E+00
    2.1700000000E+00     3.5901918015E-02    -1.5065372916E+00    -1.4704768412E+00     1.1477167827E+00
    2.1750000000E+00     2.8349936952E-02    -1.5141490818E+00    -1.4972932912E+00     1.1543609101E+00
    2.1800000000E+00     2.0761492312E-02    -1.5211218280E+00    -1.5235108438E+00     1.1612162034E+00
    2.1850000000E+00     1.3139792493E-02    -1.5274503067E+00    -1.5491190125E+00     1.1682787611E+00
    2.1900000000E+00     5.4880713058E-03    -1.5331295747E+00    -1.5741075541E+00     1.1755443357E+00
    2.1950000000E+00    -2.1904134280E-03    -1.5381549726E+00    -1.5984664738E+00     1.1830083389E+00
    2.2000000000E+00    -9.8923813052E-03    -1.5425221273E+00    -1.6221860281E+00     1.1906658487E+00
    2.2050000000E+00    -1.7614530780E-02    -1.5462269555E+00    -1.6452567297E+00     1.1985116159E+00
    2.2100000000E+00    -2.5353540620E-02    -1.5492656659E+00    -1.6676693505E+00     1.2065400719E+00
    2.2150000000E+00    -3.3106071372E-02    -1.5516347621E+00    -1.6894149258E+00     1.2147453372E+00
    2.2200000000E+00    -4.0868766842E-02    -1.5533310453E+00    -1.7104847577E+00     1.2231212291E+00
    2.2250000000E+00    -4.8638255593E-02    -1.5543516159E+00    -1.7308704185E+00     1.2316612720E+00
    2.2300000000E+00    -5.6411152441E-02    -1.5546938766E+00    -1.7505637542E+00     1.2403587062E+00
    2.2350000000E+00    -6.4184059975E-02    -1.5543555339E+00    -1.7695568877E+00     1.2492064984E+00
    2.2400000000E+00    -7.1953570083E-02    -1.5533346000E+00    -1.7878422221E+00     1.2581973523E+00
    2.2450000000E+00    -7.9716265479E-02    -1.5516293952E+00    -1.8054124434E+00     1.2673237198E+00
    2.2500000000E+00    -8.7468721253E-02    -1.5492385486E+00    -1.8222605238E+00     1.2765778123E+00
    2.2550000000E+00    -9.5207506418E-02    -1.5461610007E+00    -1.8383797243E+00     1.2859516128E+00
    2.2600000000E+00    -1.0292918547E-01    -1.5423960036E+00    -1.8537635974E+00     1.2954368881E+00
    2.2650000000E+00    -1.1063031994E-01    -1.5379431232E+00    -1.8684059898E+00     1.3050252019E+00
    2.2700000000E+00    -1.1830746998E-01    -1.5328022396E+00    -1.8823010447E+00     1.3147079274E+00
    2.2750000000E+00    -1.2595719594E-01    -1.5269735486E+00    -1.8954432043E+00     1.3244762611E+00
    2.2800000000E+00    -1.3357605993E-01    -1.5204575617E+00    -1.9078272118E+00     1.3343212363E+00
    2.2850000000E+00    -1.4116062740E-01    -1.5132551075E+00    -1.9194481140E+00     1.3442337375E+00
    2.2900000000E+00    -1.4870746876E-01    -1.5053673318E+00    -1.9303012624E+00     1.3542045145E+00
    2.2950000000E+00    -1.5621316091E-01    -1.4967956978E+00    -1.9403823162E+00     1.3642241970E+00
    2.3000000000E+00    -1.6367428889E-01    -1.4875419867E+00    -1.9496872428E+00     1.3742833095E+00
    2.3050000000E+00    -1.7108744744E-01    -1.4776082972E+00    -1.9582123206E+00     1.3843722866E+00
    2.3100000000E+00    -1.7844924255E-01    -1.4669970457E+00    -1.9659541395E+00     1.3944814877E+00
    2.3150000000E+00    -1.8575629313E-01    -1.4557109661E+00    -1.9729096030E+00     1.4046012127E+00
    2.3200000000E+00    -1.9300523254E-01    -1.4437531090E+00    -1.9790759289E+00     1.4147217177E+00
    2.3250000000E+00    -2.0019271016E-01    -1.4311268415E+00    -1.9844506509E+00     1.4248332302E+00
    2.3300000000E+00    -2.0731539303E-01    -1.4178358462E+00    -1.9890316191E+00     1.4349259653E+00
    2.3350000000E+00    -2.1436996736E-01    -1.4038841206E+00    -1.9928170011E+00     1.4449901411E+00
    2.3400000000E+00    -2.2135314016E-01    -1.3892759756E+00    -1.9958052829E+00     1.4550159947E+00
    2.3450000000E+00    -2.2826164075E-01    -1.3740160347E+00    -1.9979952692E+00     1.4649937982E+00
    2.3500000000E+00    -2.3509222236E-01    -1.3581092327E+00    -1.9993860841E+00     1.4749138741E+00
    2.3550000000E+00    -2.4184166367E-01    -1.3415608138E+00    -1.9999771711E+00     1.4847666114E+00
    2.3600000000E+00    -2.4850677035E-01    -1.3243763304E+00    -1.9997682940E+00     1.4945424814E+00
    2.3650000000E+00    -2.5508437659E-01    -1.3065616411E+00    -1.9987595362E+00     1.5042320529E+00
    2.3700000000E+00    -2.6157134665E-01    -1.2881229088E+00    -1.9969513012E+00     1.5138260080E+00
    2.3750000000E+00    -2.6796457634E-01    -1.2690665985E+00    -1.9943443124E+00     1.5233151574E+00
    2.3800000000E+00    -2.7426099457E-01    -1.2493994751E+00    -1.9909396124E+00     1.5326904557E+00
    2.3850000000E+00    -2.8045756480E-01    -1.2291286014E+00    -1.9867385631E+00     1.5419430160E+00
    2.3900000000E+00    -2.8655128656E-01    -1.2082613350E+00    -1.9817428449E+00     1.5510641251E+00
    2.3950000000E+00    -2.9253919688E-01    -1.1868053258E+00    -1.9759544560E+00     1.5600452578E+00
    2.4000000000E+00    -2.9841837177E-01    -1.1647685135E+00    -1.9693757116E+00     1.5688780911E+00
    2.4050000000E+00    -3.0418592768E-01    -1.1421591241E+00    -1.9620092432E+00     1.5775545184E+00
    2.4100000000E+00    -3.0983902286E-01    -1.1189856675E+00    -1.9538579973E+00     1.5860666629E+00
    2.4150000000E+00    -3.1537485885E-01    -1.0952569333E+00    -1.9449252342E+00     1.5944068910E+00
    2.4200000000E+00    -3.2079068181E-01    -1.0709819885E+00    -1.9352145269E+00     1.6025678252E+00
    2.4250000000E+00    -3.2608378392E-01    -1.0461701730E+00    -1.9247297597E+00     1.6105423567E+00
    2.4300000000E+00    -3.3125150474E-01    -1.0208310965E+00    -1.9134751262E+00     1.6183236577E+00
    2.4350000000E+00    -3.3629123254E-01    -9.9497463481E-01    -1.9014551281E+00     1.6259051928E+00
    2.4400000000E+00    -3.4120040564E-01    -9.6861092534E-01    -1.8886745734E+00     1.6332807304E+00
    2.4450000000E+00    -3.4597651367E-01    -9.4175036356E-01    -1.8751385740E+00     1.6404443538E+00
    2.4500000000E+00    -3.5061709890E-01    -9.1440359859E-01    -1.8608525442E+00     1.6473904710E+00
    2.4550000000E+00    -3.5511975745E-01    -8.8658152891E-01    -1.8458221982E+00     1.6541138250E+00
    2.4600000000E+00    -3.5948214056E-01    -8.5829529793E-01    -1.8300535479E+00     1.6606095030E+00
    2.4650000000E+00    -3.6370195577E-01    -8.2955628940E-01    -1.8135529006E+00     1.6668729450E+00
    2.4700000000E+00    -3.6777696816E-01    -8.0037612270E-01    -1.7963268563E+00     1.6728999520E+00
    2.4750000000E+00    -3.7170500146E-01    -7.7076664804E-01    -1.7783823053E+00     1.6786866939E+00
    2.4800000000E+00    -3.7548393923E-01    -7.4073994152E-01    -1.7597264250E+00     1.6842297166E+00
    2.4850000000E+00    -3.7911172595E-01    -7.1030830009E-01    -1.7403666776E+00     1.6895259481E+00
    2.4900000000E+00    -3.8258636816E-01    -6.7948423634E-01    -1.7203108067E+00     1.6945727048E+00
    2.4950000000E+00    -3.8590593546E-01    -6.4828047325E-01    -1.6995668345E+00     1.6993676962E+00
    2.5000000000E+00    -3.8906856158E-01    -6.1670993879E-01    -1.6781430582E+00     1.7039090304E+00
    2.5050000000E+00    -3.9207244542E-01    -5.8478576042E-01    -1.6560480470E+00     1.7081952174E+00
    2.5100000000E+00    -3.9491585196E-01    -5.5252125948E-01    -1.6332906387E+00     1.7122251724E+00
    2.5150000000E+00    -3.9759711330E-01    -5.1992994549E-01    -1.6098799359E+00     1.7159982192E+00
    2.5200000000E+00    -4.0011462953E-01    -4.8702551032E-01    -1.5858253026E+00     1.7195140915E+00
    2.5250000000E+00    -4.0246686963E-01    -4.5382182231E-01    -1.5611363603E+00     1.7227729347E+00
    2.5300000000E+00    -4.0465237237E-01    -4.2033292026E-01    -1.5358229843E+00     1.7257753066E+00
    2.5350000000E+00    -4.0666974713E-01    -3.8657300731E-01    -1.5098952996E+00     1.7285221773E+00
    2.5400000000E+00    -4.0851767468E-01    -3.5255644480E-01    -1.4833636769E+00     1.7310149286E+00
    2.5450000000E+00    -4.1019490800E-01    -3.1829774595E-01    -1.4562387285E+00     1.7332553530E+00
    2.5500000000E+00    -4.1170027300E-01    -2.8381156953E-01    -1.4285313041E+00     1.7352456513E+00
    2.5550000000E+00    -4.1303266921E-01    -2.4911271343E-01    -1.4002524861E+00     1.7369884304E+00
    2.5600000000E+00    -4.1419107053E-01    -2.1421610812E-01    -1.3714135858E+00     1.7384866996E+00
    2.5650000000E+00    -4.1517452580E-01    -1.7913681007E-01    -1.3420261384E+00     1.7397438671E+00
    2.5700000000E+00    -4.1598215943E-01    -1.4388999508E-01    -1.3121018984E+00     1.7407637350E+00
    2.5750000000E+00    -4.1661317202E-01    -1.0849095157E-01    -1.2816528352E+00     1.7415504943E+00
    2.5800000000E+00    -4.1706684088E-01    -7.2955073733E-02    -1.2506911279E+00     1.7421087190E+00
    2.5850000000E+00    -4.1734252052E-01    -3.7297854715E-02    -1.2192291608E+00     1.7424433593E+00
    2.5900000000E+00    -4.1743964316E-01    -1.5348796664E-03    -1.1872795184E+00     1.7425597347E+00
    2.5950000000E+00    -4.1735771916E-01     3.4318181231E-02    -1.1548549799E+00     1.7424635262E+00
    2.6000000000E+00    -4.1709633744E-01     7.0245579801E-02    -1.1219685149E+00     1.7421607678E+00
    2.6050000000E+00    -4.1665516583E-01     1.0623149696E-01    -1.0886332774E+00     1.7416578376E+00
    2.6100000000E+00    -4.1603395141E-01     1.4226004985E-01    -1.0548626011E+00     1.7409614482E+00
    2.6150000000E+00    -4.1523252083E-01     1.7831529901E-01    -1.0206699938E+00     1.7400786365E+00
    2.6200000000E+00    -4.1425078057E-01     2.1438125561E-01    -9.8606913215E-01     1.7390167534E+00
    2.6250000000E+00    -4.1308871715E-01     2.5044188868E-01    -9.5107385599E-01     1.7377834522E+00
    2.6300000000E+00    -4.1174639734E-01     2.8648113243E-01    -9.1569816297E-01     1.7363866768E+00
    2.6350000000E+00    -4.1022396830E-01     3.2248289355E-01    -8.7995620289E-01     1.7348346500E+00
    2.6400000000E+00    -4.0852165773E-01     3.5843105855E-01    -8.4386227207E-01     1.7331358602E+00
    2.6450000000E+00    -4.0663977392E-01     3.9430950117E-01    -8.0743080758E-01     1.7312990487E+00
    2.6500000000E+00    -4.0457870581E-01     4.3010208972E-01    -7.7067638154E-01     1.7293331958E+00
    2.6550000000E+00    -4.0233892300E-01     4.6579269453E-01    -7.3361369523E-01     1.7272475068E+00
    2.6600000000E+00    -3.9992097572E-01     5.0136519534E-01    -6.9625757321E-01     1.7250513977E+00
    2.6650000000E+00    -3.9732549474E-01     5.3680348876E-01    -6.5862295745E-01     1.7227544805E+00
    2.6700000000E+00    -3.9455319132E-01     5.7209149570E-01    -6.2072490129E-01     1.7203665475E+00
    2.6750000000E+00    -3.9160485701E-01     6.0721316880E-01    -5.8257856344E-01     1.7178975566E+00
    2.6800000000E+00    -3.8848136354E-01     6.4215249987E-01    -5.4419920194E-01     1.7153576147E+00
    2.6850000000E+00    -3.8518366253E-01     6.7689352734E-01    -5.0560216801E-01     1.7127569625E+00
    2.6900000000E+00    -3.8171278530E-01     7.1142034369E-01    -4.6680289996E-01     1.7101059573E+00
    2.6950000000E+00    -3.7806984254E-01     7.4571710285E-01    -4.2781691696E-01     1.7074150571E+00
    2.7000000000E+00    -3.7425602401E-01     7.7976802763E-01    -3.8865981291E-01     1.7046948035E+00
    2.7050000000E+00    -3.7027259817E-01     8.1355741707E-01    -3.4934725011E-01     1.7019558050E+00
    2.7100000000E+00    -3.6612091178E-01     8.4706965385E-01    -3.0989495308E-01     1.6992087197E+00
    2.7150000000E+00    -3.6180238945E-01     8.8028921158E-01    -2.7031870219E-01     1.6964642381E+00
    2.7200000000E+00    -3.5731853320E-01     9.1320066214E-01    -2.3063432742E-01     1.6937330663E+00
    2.7250000000E+00    -3.5267092190E-01     9.4578868296E-01    -1.9085770200E-01     1.6910259079E+00
    2.7300000000E+00    -3.4786121079E-01     9.7803806423E-01    -1.5100473605E-01     1.6883534472E+00
    2.7350000000E+00    -3.4289113083E-01     1.0099337162E+00    -1.1109137021E-01     1.6857263315E+00
    2.7400000000E+00    -3.3776248814E-01     1.0414606761E+00    -7.1133569303E-02     1.6831551538E+00
    2.7450000000E+00    -3.3247716329E-01     1.0726041155E+00    -3.1147315919E-02     1.6806504355E+00
    2.7500000000E+00    -3.2703711069E-01     1.1033493475E+00     8.8513959758E-03     1.6782226090E+00
    2.7550000000E+00    -3.2144435776E-01     1.1336818333E+00     4.8846567430E-02     1.6758820009E+00
    2.7600000000E+00    -3.1570100426E-01     1.1635871894E+00     8.8822200909E-02     1.6736388146E+00
    2.7650000000E+00    -3.0980922148E-01     1.1930511946E+00     1.2876230669E-01     1.6715031136E+00
    2.7700000000E+00    -3.0377125135E-01     1.2220597967E+00     1.6865090927E-01     1.6694848048E+00
    2.7750000000E+00    -2.9758940567E-01     1.2505991192E+00     2.0847205373E-01     1.6675936221E+00
    2.7800000000E+00    -2.9126606515E-01     1.2786554682E+00     2.4820981215E-01     1.6658391102E+00
    2.7850000000E+00    -2.8480367849E-01     1.3062153389E+00     2.8784828996E-01     1.6642306086E+00
    2.7900000000E+00    -2.7820476144E-01     1.3332654222E+00     3.2737163228E-01     1.6627772359E+00
    2.7950000000E+00    -2.7147189579E-01     1.3597926111E+00     3.6676403032E-01     1.6614878746E+00
    2.8000000000E+00    -2.6460772835E-01     1.3857840071E+00     4.0600972764E-01     1.6603711561E+00
    2.8050000000E+00    -2.5761496988E-01     1.4112269265E+00     4.4509302648E-01     1.6594354461E+00
    2.8100000000E+00    -2.5049639402E-01     1.4361089068E+00     4.8399829404E-01     1.6586888302E+00
    2.8150000000E+00    -2.4325483614E-01     1.4604177125E+00     5.2270996874E-01     1.6581391006E+00
    2.8200000000E+00    -2.3589319223E-01     1.4841413415E+00     5.6121256642E-01     1.6577937421E+00
    2.8250000000E+00    -2.2841441766E-01     1.5072680306E+00     5.9949068655E-01     1.6576599200E+00
    2.8300000000E+00    -2.2082152606E-01     1.5297862617E+00     6.3752901841E-01     1.6577444669E+00
    2.8350000000E+00    -2.1311758796E-01     1.5516847674E+00     6.7531234716E-01     1.6580538717E+00
    2.8400000000E+00    -2.0530572965E-01     1.5729525365E+00     7.1282555997E-01     1.6585942673E+00
    2.8450000000E+00    -1.9738913178E-01     1.5935788198E+00     7.5005365206E-01     1.6593714209E+00
    2.8500000000E+00    -1.8937102811E-01     1.6135531351E+00     7.8698173270E-01     1.6603907228E+00
    2.8550000000E+00    -1.8125470410E-01     1.6328652729E+00     8.2359503113E-01     1.6616571773E+00
    2.8600000000E+00    -1.7304349561E-01     1.6515053012E+00     8.5987890253E-01     1.6631753937E+00
    2.8650000000E+00    -1.6474078740E-01     1.6694635710E+00     8.9581883384E-01     1.6649495778E+00
    2.8700000000E+00    -1.5635001181E-01     1.6867307206E+00     9.3140044955E-01     1.6669835239E+00
    2.8750000000E+00    -1.4787464722E-01     1.7032976811E+00     9.6660951751E-01     1.6692806082E+00
    2.8800000000E+00    -1.3931821664E-01     1.7191556805E+00     1.0014319545E+00     1.6718437818E+00
    2.8850000000E+00    -1.3068428618E-01     1.7342962486E+00     1.0358538321E+00     1.6746755654E+00
    2.8900000000E+00    -1.2197646353E-01     1.7487112211E+00     1.0698613820E+00     1.6777780440E+00
    2.8950000000E+00    -1.1319839643E-01     1.7623927444E+00     1.1034410016E+00     1.6811528623E+00
    2.9000000000E+00    -1.0435377112E-01     1.7753332791E+00     1.1365792595E+00     1.6848012215E+00
    2.9050000000E+00    -9.5446310708E-02     1.7875256046E+00     1.1692629009E+00     1.6887238759E+00
    2.9100000000E+00    -8.6479773633E-02     1.7989628225E+00     1.2014788527E+00     1.6929211309E+00
    2.9150000000E+00    -7.7457951999E-02     1.8096383605E+00     1.2332142289E+00     1.6973928413E+00
    2.9200000000E+00    -6.8384669948E-02     1.8195459762E+00     1.2644563360E+00     1.7021384106E+00
    2.9250000000E+00    -5.9263782007E-02     1.8286797600E+00     1.2951926773E+00     1.7071567909E+00
    2.9300000000E+00    -5.0099171407E-02     1.8370341390E+00     1.3254109588E+00     1.7124464837E+00
    2.9350000000E+00    -4.0894748398E-02     1.8446038797E+00     1.3550990937E+00     1.7180055410E+00
    2.9400000000E+00    -3.1654448543E-02     1.8513840912E+00     1.3842452069E+00     1.7238315677E+00
    2.9450000000E+00    -2.2382230996E-02     1.8573702278E+00     1.4128376406E+00     1.7299217242E+00
    2.9500000000E+00    -1.3082076771E-02     1.8625580920E+00     1.4408649580E+00     1.7362727303E+00
    2.9550000000E+00    -3.7579869947E-03     1.8669438367E+00     1.4683159486E+00     1.7428808693E+00
    2.9600000000E+00     5.5860188537E-03     1.8705239678E+00     1.4951796325E+00     1.7497419932E+00
    2.9650000000E+00     1.4945904710E-02     1.8732953464E+00     1.5214452644E+00     1.7568515282E+00
    2.9700000000E+00     2.4317619708E-02     1.8752551906E+00     1.5471023385E+00     1.7642044813E+00
    2.9750000000E+00     3.3697099968E-02     1.8764010776E+00     1.5721405923E+00     1.7717954474E+00
    2.9800000000E+00     4.3080270398E-02     1.8767309452E+00     1.5965500108E+00     1.7796186173E+00
    2.9850000000E+00     5.2463046502E-02     1.8762430938E+00     1.6203208306E+00     1.7876677860E+00
    2.9900000000E+00     6.1841336191E-02     1.8749361873E+00     1.6434435437E+00     1.7959363618E+00
    2.9950000000E+00     7.1211041610E-02     1.8728092545E+00     1.6659089012E+00     1.8044173763E+00
    3.0000000000E+00     8.0568060963E-02     1.8698616904E+00     1.6877079175E+00     1.8131034950E+00
    3.0050000000E+00     8.9908290344E-02     1.8660932566E+00     1.7088318730E+00     1.8219870278E+00
    3.0100000000E+00     9.9227625575E-02     1.8615040825E+00     1.7292723186E+00     1.8310599413E+00
    3.0150000000E+00     1.0852196404E-01     1.8560946656E+00     1.7490210783E+00     1.8403138706E+00
    3.0200000000E+00     1.1778720655E-01     1.8498658720E+00     1.7680702529E+00     1.8497401324E+00
    3.0250000000E+00     1.2701925914E-01     1.8428189365E+00     1.7864122230E+00     1.8593297382E+00
    3.0300000000E+00     1.3621403496E-01     1.8349554627E+00     1.8040396520E+00     1.8690734083E+00
    3.0350000000E+00     1.4536745611E-01     1.8262774231E+00     1.8209454892E+00     1.8789615860E+00
    3.0400000000E+00     1.5447545543E-01     1.8167871584E+00     1.8371229725E+00     1.8889844528E+00
    3.0450000000E+00     1.6353397844E-01     1.8064873774E+00     1.8525656311E+00     1.8991319434E+00
    3.0500000000E+00     1.7253898509E-01     1.7953811561E+00     1.8672672881E+00     1.9093937616E+00
    3.0550000000E+00     1.8148645162E-01     1.7834719372E+00     1.8812220632E+00     1.9197593967E+00
    3.0600000000E+00     1.9037237243E-01     1.7707635290E+00     1.8944243744E+00     1.9302181396E+00
    3.0650000000E+00     1.9919276183E-01     1.7572601040E+00     1.9068689412E+00     1.9407591002E+00
    3.0700000000E+00     2.0794365595E-01     1.7429661980E+00     1.9185507859E+00     1.9513712242E+00
    3.0750000000E+00     2.1662111446E-01     1.7278867085E+00     1.9294652358E+00     1.9620433111E+00
    3.0800000000E+00     2.2522122244E-01     1.7120268931E+00     1.9396079253E+00     1.9727640316E+00
    3.0850000000E+00     2.3374009215E-01     1.6953923672E+00     1.9489747975E+00     1.9835219462E+00
    3.0900000000E+00     2.4217386483E-01     1.6779891030E+00     1.9575621058E+00     1.9943055230E+00
    3.0950000000E+00     2.5051871245E-01     1.6598234265E+00     1.9653664154E+00     2.0051031564E+00
    3.1000000000E+00     2.5877083949E-01     1.6409020154E+00     1.9723846046E+00     2.0159031858E+00
    3.1050000000E+00     2.6692648471E-01     1.6212318970E+00     1.9786138662E+00     2.0266939144E+00
    3.1100000000E+00     2.7498192285E-01     1.6008204452E+00     1.9840517087E+00     2.0374636278E+00
    3.1150000000E+00     2.8293346642E-01     1.5796753775E+00     1.9886959569E+00     2.0482006133E+00
    3.1200000000E+00     2.9077746732E-01     1.5578047528E+00     1.9925447533E+00     2.0588931789E+00
    3.1250000000E+00     2.9851031863E-01     1.5352169675E+00     1.9955965584E+00     2.0695296719E+00
    3.1300000000E+00     3.0612845623E-01     1.5119207527E+00     1.9978501514E+00     2.0800984983E+00
    3.1350000000E+00     3.1362836050E-01     1.4879251704E+00     1.9993046310E+00     2.0905881415E+00
    3.1400000000E+00     3.2100655793E-01     1.4632396104E+00     1.9999594154E+00     2.1009871811E+00
    3.1450000000E+00     3.2825962279E-01     1.4378737861E+00     1.9998142427E+00     2.1112843118E+00
    3.1500000000E+00     3.3538417870E-01     1.4118377306E+00     1.9988691710E+00     2.1214683620E+00
    3.1550000000E+00     3.4237690025E-01     1.3851417932E+00     1.9971245783E+00     2.1315283118E+00
    3.1600000000E+00     3.4923451455E-01     1.3577966344E+00     1.9945811623E+00     2.1414533117E+00
    3.1650000000E+00     3.5595380279E-01     1.3298132222E+00     1.9912399405E+00     2.1512327002E+00
    3.1700000000E+00     3.6253160176E-01     1.3012028274E+00     1.9871022493E+00     2.1608560217E+00
    3.1750000000E+00     3.6896480534E-01     1.2719770187E+00     1.9821697436E+00     2.1703130438E+00
    3.1800000000E+00     3.7525036599E-01     1.2421476583E+00     1.9764443965E+00     2.1795937742E+00
    3.1850000000E+00     3.8138529621E-01     1.2117268967E+00     1.9699284980E+00     2.1886884778E+00
    3.1900000000E+00     3.8736666997E-01     1.1807271679E+00     1.9626246543E+00     2.1975876926E+00
    3.1950000000E+00     3.9319162410E-01     1.1491611839E+00     1.9545357870E+00     2.2062822459E+00
    3.2000000000E+00     3.9885735966E-01     1.1170419296E+00     1.9456651314E+00     2.2147632698E+00
    3.2050000000E+00     4.0436114333E-01     1.0843826572E+00     1.9360162357E+00     2.2230222159E+00
    3.2100000000E+00     4.0970030869E-01     1.0511968806E+00     1.9255929593E+00     2.2310508702E+00
    3.2150000000E+00     4.1487225754E-01     1.0174983698E+00     1.9143994714E+00     2.2388413670E+00
    3.2200000000E+00     4.1987446117E-01     9.8330114494E-01     1.9024402492E+00     2.2463862022E+00
    3.2250000000E+00     4.2470446155E-01     9.4861947049E-01     1.8897200763E+00     2.2536782465E+00
    3.2300000000E+00     4.2935987259E-01     9.1346784892E-01     1.8762440406E+00     2.2607107574E+00
    3.2350000000E+00     4.3383838132E-01     8.7786101465E-01     1.8620175322E+00     2.2674773916E+00
    3.2400000000E+00     4.3813774896E-01     8.4181392773E-01     1.8470462417E+00     2.2739722151E+00
    3.2450000000E+00     4.4225581211E-01     8.0534176735E-01     1.8313361573E+00     2.2801897146E+00
    3.2500000000E+00     4.4619048380E-01     7.6845992538E-01     1.8148935629E+00     2.2861248068E+00
    3.2550000000E+00     4.4993975453E-01     7.3118399964E-01     1.7977250352E+00     2.2917728478E+00
    3.2600000000E+00     4.5350169330E-01     6.9352978722E-01     1.7798374415E+00     2.2971296411E+00
    3.2650000000E+00     4.5687444855E-01     6.5551327763E-01     1.7612379366E+00     2.3021914460E+00
    3.2700000000E+00     4.6005624918E-01     6.1715064580E-01     1.7419339599E+00     2.3069549839E+00
    3.2750000000E+00     4.6304540538E-01     5.7845824514E-01     1.7219332329E+00     2.3114174451E+00
    3.2800000000E+00     4.6584030954E-01     5.3945260032E-01     1.7012437556E+00     2.3155764939E+00
    3.2850000000E+00     4.6843943710E-01     5.0015040011E-01     1.6798738034E+00     2.3194302737E+00
    3.2900000000E+00     4.7084134734E-01     4.6056849010E-01     1.6578319241E+00     2.3229774107E+00
    3.2950000000E+00     4.7304468413E-01     4.2072386526E-01     1.6351269342E+00     2.3262170172E+00
    3.3000000000E+00     4.7504817668E-01     3.8063366256E-01     1.6117679153E+00     2.3291486942E+00
    3.3050000000E+00     4.7685064023E-01     3.4031515339E-01     1.5877642107E+00     2.3317725327E+00
    3.3100000000E+00     4.7845097669E-01     2.9978573598E-01     1.5631254216E+00     2.3340891147E+00
    3.3150000000E+00     4.7984817526E-01     2.5906292773E-01     1.5378614031E+00     2.3360995133E+00
    3.3200000000E+00     4.8104131302E-01     2.1816435751E-01     1.5119822606E+00     2.3378052917E+00
    3.3250000000E+00     4.8202955544E-01     1.7710775782E-01     1.4854983454E+00     2.3392085021E+00
    3.3300000000E+00     4.8281215692E-01     1.3591095698E-01     1.4584202506E+00     2.3403116828E+00
    3.3350000000E+00     4.8338846120E-01     9.4591871234E-02     1.4307588072E+00     2.3411178552E+00
    3.3400000000E+00     4.8375790181E-01     5.3168496775E-02     1.4025250793E+00     2.3416305202E+00
    3.3450000000E+00     4.8392000246E-01     1.1658901776E-02     1.3737303601E+00     2.3418536528E+00
    3.3500000000E+00     4.8387437734E-01    -2.9918781657E-02     1.3443861671E+00     2.3417916972E+00
    3.3550000000E+00     4.8362073147E-01    -7.1546365559E-02     1.3145042375E+00     2.3414495603E+00
    3.3600000000E+00     4.8315886091E-01    -1.1320561422E-01     1.2840965238E+00     2.3408326043E+00
    3.3650000000E+00     4.8248865301E-01    -1.5487825231E-01     1.2531751886E+00     2.3399466394E+00
    3.3700000000E+00     4.8161008658E-01    -1.9654597307E-01     1.2217526000E+00     2.3387979148E+00
    3.3750000000E+00     4.8052323203E-01    -2.3819044650E-01     1.1898413266E+00     2.3373931096E+00
    3.3800000000E+00     4.7922825144E-01    -2.7979332755E-01     1.1574541326E+00     2.3357393229E+00
    3.3850000000E+00     4.7772539867E-01    -3.2133626438E-01     1.1246039724E+00     2.3338440627E+00
    3.3900000000E+00     4.7601501930E-01    -3.6280090659E-01     1.0913039855E+00     2.3317152349E+00
    3.3950000000E+00     4.7409755067E-01    -4.0416891345E-01     1.0575674917E+00     2.3293611308E+00
    3.4000000000E+00     4.7197352177E-01    -4.4542196221E-01     1.0234079849E+00     2.3267904147E+00
    3.4050000000E+00     4.6964355314E-01    -4.8654175627E-01     9.8883912859E-01     2.3240121104E+00
    3.4100000000E+00     4.6710835674E-01    -5.2751003355E-01     9.5387474981E-01     2.3210355871E+00
    3.4150000000E+00     4.6436873571E-01    -5.6830857463E-01     9.1852883384E-01     2.3178705451E+00
    3.4200000000E+00     4.6142558418E-01    -6.0891921105E-01     8.8281551859E-01     2.3145270002E+00
    3.4250000000E+00     4.5827988697E-01    -6.4932383352E-01     8.4674908890E-01     2.3110152684E+00
    3.4300000000E+00     4.5493271929E-01    -6.8950440013E-01     8.1034397087E-01     2.3073459497E+00
    3.4350000000E+00     4.5138524636E-01    -7.2944294453E-01     7.7361472605E-01     2.3035299110E+00
    3.4400000000E+00     4.4763872304E-01    -7.6912158410E-01     7.3657604566E-01     2.2995782692E+00
    3.4450000000E+00     4.4369449336E-01    -8.0852252805E-01     6.9924274466E-01     2.2955023736E+00
    3.4500000000E+00     4.3955399009E-01    -8.4762808558E-01     6.6162975590E-01     2.2913137877E+00
    3.4550000000E+00     4.3521873414E-01    -8.8642067389E-01     6.2375212405E-01     2.2870242710E+00
    3.4600000000E+00     4.3069033410E-01    -9.2488282621E-01     5.8562499967E-01     2.2826457600E+00
    3.4650000000E+00     4.2597048554E-01    -9.6299719980E-01     5.4726363310E-01     2.2781903489E+00
    3.4700000000E+00     4.2106097044E-01    -1.0007465839E+00     5.0868336837E-01     2.2736702709E+00
    3.4750000000E+00     4.1596365649E-01    -1.0381139075E+00     4.6989963708E-01     2.2690978777E+00
    3.4800000000E+00     4.1068049636E-01    -1.0750822473E+00     4.3092795220E-01     2.2644856202E+00
    3.4850000000E+00     4.0521352696E-01    -1.1116348355E+00     3.9178390188E-01     2.2598460281E+00
    3.4900000000E+00     3.9956486863E-01    -1.1477550673E+00     3.5248314323E-01     2.2551916896E+00
    3.4950000000E+00     3.9373672431E-01    -1.1834265086E+00     3.1304139601E-01     2.2505352313E+00
    3.5000000000E+00     3.8773137865E-01    -1.2186329039E+00     2.7347443642E-01     2.2458892972E+00
    3.5050000000E+00     3.8155119716E-01    -1.2533581833E+00     2.3379809069E-01     2.2412665284E+00
    3.5100000000E+00     3.7519862517E-01    -1.2875864703E+00     1.9402822885E-01     2.2366795426E+00
    3.5150000000E+00     3.6867618694E-01    -1.3213020889E+00     1.5418075830E-01     2.2321409132E+00
    3.5200000000E+00     3.6198648455E-01    -1.3544895710E+00     1.1427161750E-01     2.2276631489E+00
    3.5250000000E+00     3.5513219691E-01    -1.3871336634E+00     7.4316769582E-02     2.2232586729E+00
    3.5300000000E+00     3.4811607865E-01    -1.4192193353E+00     3.4332195945E-02     2.2189398030E+00
    3.5350000000E+00     3.4094095897E-01    -1.4507317847E+00    -5.6661101119E-03     2.2147187305E+00
    3.5400000000E+00     3.3360974049E-01    -1.4816564456E+00    -4.5662149801E-02     2.2106075010E+00
    3.5450000000E+00     3.2612539807E-01    -1.5119789951E+00    -8.5639925238E-02     2.2066179935E+00
    3.5500000000E+00     3.1849097755E-01    -1.5416853594E+00    -1.2558344585E-01     2.2027619016E+00
    3.5550000000E+00     3.1070959452E-01    -1.5707617210E+00    -1.6547673475E-01     2.1990507134E+00
    3.5600000000E+00     3.0278443298E-01    -1.5991945247E+00    -2.0530383517E-01     2.1954956926E+00
    3.5650000000E+00     2.9471874406E-01    -1.6269704845E+00    -2.4504881679E-01     2.1921078597E+00
    3.5700000000E+00     2.8651584461E-01    -1.6540765892E+00    -2.8469578215E-01     2.1888979735E+00
    3.5750000000E+00     2.7817911585E-01    -1.6805001090E+00    -3.2422887300E-01     2.1858765131E+00
    3.5800000000E+00     2.6971200194E-01    -1.7062286015E+00    -3.6363227662E-01     2.1830536602E+00
    3.5850000000E+00     2.6111800851E-01    -1.7312499173E+00    -4.0289023217E-01     2.1804392818E+00
    3.5900000000E+00     2.5240070119E-01    -1.7555522060E+00    -4.4198703701E-01     2.1780429137E+00
    3.5950000000E+00     2.4356370412E-01    -1.7791239217E+00    -4.8090705292E-01     2.1758737441E+00
    3.6000000000E+00     2.3461069837E-01    -1.8019538285E+00    -5.1963471243E-01     2.1739405980E+00
    3.6050000000E+00     2.2554542043E-01    -1.8240310061E+00    -5.5815452497E-01     2.1722519223E+00
    3.6100000000E+00     2.1637166058E-01    -1.8453448545E+00    -5.9645108315E-01     2.1708157710E+00
    3.6150000000E+00     2.0709326128E-01    -1.8658850996E+00    -6.3450906885E-01     2.1696397912E+00
    3.6200000000E+00     1.9771411555E-01    -1.8856417981E+00    -6.7231325939E-01     2.1687312102E+00
    3.6250000000E+00     1.8823816527E-01    -1.9046053418E+00    -7.0984853358E-01     2.1680968226E+00
    3.6300000000E+00     1.7866939955E-01    -1.9227664629E+00    -7.4709987782E-01     2.1677429787E+00
    3.6350000000E+00     1.6901185294E-01    -1.9401162380E+00    -7.8405239207E-01     2.1676755728E+00
    3.6400000000E+00     1.5926960376E-01    -1.9566460928E+00    -8.2069129582E-01     2.1679000331E+00
    3.6450000000E+00     1.4944677230E-01    -1.9723478062E+00    -8.5700193400E-01     2.1684213118E+00
    3.6500000000E+00     1.3954751909E-01    -1.9872135140E+00    -8.9296978282E-01     2.1692438759E+00
    3.6550000000E+00     1.2957604307E-01    -2.0012357133E+00    -9.2858045564E-01     2.1703716995E+00
    3.6600000000E+00     1.1953657976E-01    -2.0144072661E+00    -9.6381970866E-01     2.1718082558E+00
    3.6650000000E+00     1.0943339949E-01    -2.0267214024E+00    -9.9867344665E-01     2.1735565107E+00
    3.6700000000E+00     9.9270805484E-02    -2.0381717244E+00    -1.0331277286E+00     2.1756189173E+00
    3.6750000000E+00     8.9053132031E-02    -2.0487522090E+00    -1.0671687732E+00     2.1779974103E+00
    3.6800000000E+00     7.8784742587E-02    -2.0584572114E+00    -1.1007829645E+00     2.1806934022E+00
    3.6850000000E+00     6.8470027885E-02    -2.0672814675E+00    -1.1339568573E+00     2.1837077801E+00
    3.6900000000E+00     5.8113404015E-02    -2.0752200971E+00    -1.1666771825E+00     2.1870409030E+00
    3.6950000000E+00     4.7719310506E-02    -2.0822686064E+00    -1.1989308524E+00     2.1906926005E+00
    3.7000000000E+00     3.7292208385E-02    -2.0884228899E+00    -1.2307049659E+00     2.1946621716E+00
    3.7050000000E+00     2.6836578232E-02    -2.0936792334E+00    -1.2619868139E+00     2.1989483854E+00
    3.7100000000E+00     1.6356918213E-02    -2.0980343153E+00    -1.2927638839E+00     2.2035494818E+00
    3.7150000000E+00     5.8577421180E-03    -2.1014852090E+00    -1.3230238656E+00     2.2084631733E+00
    3.7200000000E+00    -4.6564226212E-03    -2.1040293844E+00    -1.3527546554E+00     2.2136866480E+00
    3.7250000000E+00    -1.5181036916E-02    -2.1056647093E+00    -1.3819443614E+00     2.2192165728E+00
    3.7300000000E+00    -2.5711552016E-02    -2.1063894509E+00    -1.4105813081E+00     2.2250490985E+00
    3.7350000000E+00    -3.6243411507E-02    -2.1062022770E+00    -1.4386540411E+00     2.2311798645E+00
    3.7400000000E+00    -4.6772053316E-02    -2.1051022567E+00    -1.4661513316E+00     2.2376040053E+00
    3.7450000000E+00    -5.7292911723E-02    -2.1030888616E+00    -1.4930621811E+00     2.2443161572E+00
    3.7500000000E+00    -6.7801419372E-02    -2.1001619661E+00    -1.5193758257E+00     2.2513104666E+00
    3.7550000000E+00    -7.8293009288E-02    -2.0963218480E+00    -1.5450817402E+00     2.2585805983E+00
    3.7600000000E+00    -8.8763116891E-02    -2.0915691887E+00    -1.5701696426E+00     2.2661197448E+00
    3.7650000000E+00    -9.9207182022E-02    -2.0859050733E+00    -1.5946294981E+00     2.2739206372E+00
    3.7700000000E+00    -1.0962065095E-01    -2.0793309905E+00    -1.6184515231E+00     2.2819755553E+00
    3.7750000000E+00    -1.1999897841E-01    -2.0718488323E+00    -1.6416261890E+00     2.2902763402E+00
    3.7800000000E+00    -1.3033762958E-01    -2.0634608935E+00    -1.6641442263E+00     2.2988144064E+00
    3.7850000000E+00    -1.4063208215E-01    -2.0541698711E+00    -1.6859966281E+00     2.3075807550E+00
    3.7900000000E+00    -1.5087782826E-01    -2.0439788635E+00    -1.7071746538E+00     2.3165659879E+00
    3.7950000000E+00    -1.6107037658E-01    -2.0328913695E+00    -1.7276698324E+00     2.3257603222E+00
    3.8000000000E+00    -1.7120525425E-01    -2.0209112868E+00    -1.7474739660E+00     2.3351536055E+00
    3.8050000000E+00    -1.8127800890E-01    -2.0080429113E+00    -1.7665791334E+00     2.3447353319E+00
    3.8100000000E+00    -1.9128421064E-01    -1.9942909347E+00    -1.7849776927E+00     2.3544946585E+00
    3.8150000000E+00    -2.0121945400E-01    -1.9796604435E+00    -1.8026622847E+00     2.3644204224E+00
    3.8200000000E+00    -2.1107935996E-01    -1.9641569166E+00    -1.8196258358E+00     2.3745011585E+00
    3.8250000000E+00    -2.2085957784E-01    -1.9477862236E+00    -1.8358615608E+00     2.3847251177E+00
    3.8300000000E+00    -2.3055578729E-01    -1.9305546222E+00    -1.8513629657E+00     2.3950802853E+00
    3.8350000000E+00    -2.4016370023E-01    -1.9124687560E+00    -1.8661238501E+00     2.4055544004E+00
    3.8400000000E+00    -2.4967906273E-01    -1.8935356516E+00    -1.8801383099E+00     2.4161349756E+00
    3.8450000000E+00    -2.5909765697E-01    -1.8737627162E+00    -1.8934007393E+00     2.4268093168E+00
    3.8500000000E+00    -2.6841530310E-01    -1.8531577343E+00    -1.9059058338E+00     2.4375645435E+00
    3.8550000000E+00    -2.7762786112E-01    -1.8317288648E+00    -1.9176485913E+00     2.4483876097E+00
    3.8600000000E+00    -2.8673123276E-01    -1.8094846374E+00    -1.9286243149E+00     2.4592653250E+00
    3.8650000000E+00    -2.9572136334E-01    -1.7864339496E+00    -1.9388286146E+00     2.4701843756E+00
    3.8700000000E+00    -3.0459424354E-01    -1.7625860626E+00    -1.9482574086E+00     2.4811313460E+00
    3.8750000000E+00    -3.1334591129E-01    -1.7379505976E+00    -1.9569069256E+00     2.4920927411E+00
    3.8800000000E+00    -3.2197245347E-01    -1.7125375321E+00    -1.9647737060E+00     2.5030550073E+00
    3.8850000000E+00    -3.3047000777E-01    -1.6863571953E+00    -1.9718546031E+00     2.5140045555E+00
    3.8900000000E+00    -3.3883476438E-01    -1.6594202644E+00    -1.9781467846E+00     2.5249277825E+00
    3.8950000000E+00    -3.4706296774E-01    -1.6317377596E+00    -1.9836477338E+00     2.5358110938E+00
    3.9000000000E+00    -3.5515091824E-01    -1.6033210396E+00    -1.9883552504E+00     2.5466409252E+00
    3.9050000000E+00    -3.6309497389E-01    -1.5741817971E+00    -1.9922674513E+00     2.5574037658E+00
    3.9100000000E+00    -3.7089155200E-01    -1.5443320538E+00    -1.9953827719E+00     2.5680861796E+00
    3.9150000000E+00    -3.7853713079E-01    -1.5137841550E+00    -1.9976999659E+00     2.5786748278E+00
    3.9200000000E+00    -3.8602825102E-01    -1.4825507647E+00    -1.9992181066E+00     2.5891564908E+00
    3.9250000000E+00    -3.9336151754E-01    -1.4506448603E+00    -1.9999365867E+00     2.5995180902E+00
    3.9300000000E+00    -4.0053360087E-01    -1.4180797269E+00    -1.9998551188E+00     2.6097467101E+00
    3.9350000000E+00    -4.0754123870E-01    -1.3848689514E+00    -1.9989737356E+00     2.6198296187E+00
    3.9400000000E+00    -4.1438123741E-01    -1.3510264175E+00    -1.9972927895E+00     2.6297542895E+00
    3.9450000000E+00    -4.2105047352E-01    -1.3165662987E+00    -1.9948129529E+00     2.6395084220E+00
    3.9500000000E+00    -4.2754589515E-01    -1.2815030534E+00    -1.9915352177E+00     2.6490799625E+00
    3.9550000000E+00    -4.3386452337E-01    -1.2458514177E+00    -1.9874608951E+00     2.6584571238E+00
    3.9600000000E+00    -4.4000345365E-01    -1.2096263995E+00    -1.9825916145E+00     2.6676284054E+00
    3.9650000000E+00    -4.4595985715E-01    -1.1728432723E+00    -1.9769293237E+00     2.6765826126E+00
    3.9700000000E+00    -4.5173098205E-01    -1.1355175682E+00    -1.9704762876E+00     2.6853088753E+00
    3.9750000000E+00    -4.5731415481E-01    -1.0976650714E+00    -1.9632350872E+00     2.6937966664E+00
    3.9800000000E+00    -4.6270678146E-01    -1.0593018114E+00    -1.9552086190E+00     2.7020358199E+00
    3.9850000000E+00    -4.6790634873E-01    -1.0204440559E+00    -1.9464000934E+00     2.7100165475E+00
    3.9900000000E+00    -4.7291042532E-01    -9.8110830409E-01    -1.9368130337E+00     2.7177294560E+00
    3.9950000000E+00    -4.7771666296E-01    -9.4131127921E-01    -1.9264512746E+00     2.7251655629E+00
    4.0000000000E+00    -4.8232279753E-01    -9.0106992146E-01    -1.9153189606E+00     2.7323163119E+00
    4.0050000000E+00    -4.8672665017E-01    -8.6040138058E-01    -1.9034205447E+00     2.7391735878E+00
    4.0100000000E+00    -4.9092612826E-01    -8.1932300843E-01    -1.8907607859E+00     2.7457297302E+00
    4.0150000000E+00    -4.9491922643E-01    -7.7785235142E-01    -1.8773447480E+00     2.7519775472E+00
    4.0200000000E+00    -4.9870402750E-01    -7.3600714291E-01    -1.8631777972E+00     2.7579103277E+00
    4.0250000000E+00    -5.0227870344E-01    -6.9380529546E-01    -1.8482656001E+00     2.7635218533E+00
    4.0300000000E+00    -5.0564151618E-01    -6.5126489300E-01    -1.8326141215E+00     2.7688064092E+00
    4.0350000000E+00    -5.0879081850E-01    -6.0840418300E-01    -1.8162296216E+00     2.7737587949E+00
    4.0400000000E+00    -5.1172505481E-01    -5.6524156843E-01    -1.7991186541E+00     2.7783743326E+00
    4.0450000000E+00    -5.1444276191E-01    -5.2179559976E-01    -1.7812880632E+00     2.7826488768E+00
    4.0500000000E+00    -5.1694256969E-01    -4.7808496684E-01    -1.7627449807E+00     2.7865788213E+00
    4.0550000000E+00    -5.1922320183E-01    -4.3412849068E-01    -1.7434968238E+00     2.7901611064E+00
    4.0600000000E+00    -5.2128347642E-01    -3.8994511526E-01    -1.7235512914E+00     2.7933932243E+00
    4.0650000000E+00    -5.2312230657E-01    -3.4555389919E-01    -1.7029163614E+00     2.7962732249E+00
    4.0700000000E+00    -5.2473870094E-01    -3.0097400733E-01    -1.6816002876E+00     2.7987997192E+00
    4.0750000000E+00    -5.2613176427E-01    -2.5622470242E-01    -1.6596115961E+00     2.8009718829E+00
    4.0800000000E+00    -5.2730069785E-01    -2.1132533658E-01    -1.6369590821E+00     2.8027894585E+00
    4.0850000000E+00    -5.2824479992E-01    -1.6629534281E-01    -1.6136518063E+00     2.8042527570E+00
    4.0900000000E+00    -5.2896346607E-01    -1.2115422646E-01    -1.5896990913E+00     2.8053626577E+00
    4.0950000000E+00    -5.2945618959E-01    -7.5921556595E-02    -1.5651105179E+00     2.8061206083E+00
    4.1000000000E+00    -5.2972256175E-01    -3.0616957415E-02    -1.5398959211E+00     2.8065286233E+00
    4.1050000000E+00    -5.2976227207E-01     1.4739900410E-02    -1.5140653865E+00     2.8065892814E+00
    4.1100000000E+00    -5.2957510850E-01     6.0129308420E-02    -1.4876292459E+00     2.8063057223E+00
    4.1150000000E+00    -5.2916095763E-01     1.0553152906E-01    -1.4605980734E+00     2.8056816426E+00
    4.1200000000E+00    -5.2851980478E-01     1.5092680440E-01    -1.4329826812E+00     2.8047212906E+00
    4.1250000000E+00    -5.2765173411E-01     1.9629536487E-01    -1.4047941150E+00     2.8034294603E+00
    4.1300000000E+00    -5.2655692862E-01     2.4161743798E-01    -1.3760436499E+00     2.8018114839E+00
    4.1350000000E+00    -5.2523567016E-01     2.8687325712E-01    -1.3467427857E+00     2.7998732249E+00
    4.1400000000E+00    -5.2368833940E-01     3.3204307024E-01    -1.3169032423E+00     2.7976210685E+00
    4.1450000000E+00    -5.2191541569E-01     3.7710714864E-01    -1.2865369552E+00     2.7950619122E+00
    4.1500000000E+00    -5.1991747697E-01     4.2204579572E-01    -1.2556560705E+00     2.7922031555E+00
    4.1550000000E+00    -5.1769519956E-01     4.6683935571E-01    -1.2242729401E+00     2.7890526885E+00
    4.1600000000E+00    -5.1524935792E-01     5.1146822234E-01    -1.1924001168E+00     2.7856188796E+00
    4.1650000000E+00    -5.1258082442E-01     5.5591284762E-01    -1.1600503494E+00     2.7819105627E+00
    4.1700000000E+00    -5.0969056899E-01     6.0015375048E-01    -1.1272365773E+00     2.7779370233E+00
    4.1750000000E+00    -5.0657965881E-01     6.4417152543E-01    -1.0939719256E+00     2.7737079843E+00
    4.1800000000E+00    -5.0324925784E-01     6.8794685118E-01    -1.0602696997E+00     2.7692335902E+00
    4.1850000000E+00    -4.9970062644E-01     7.3146049925E-01    -1.0261433801E+00     2.7645243917E+00
    4.1900000000E+00    -4.9593512087E-01     7.7469334253E-01    -9.9160661679E-01     2.7595913286E+00
    4.1950000000E+00    -4.9195419274E-01     8.1762636379E-01    -9.5667322408E-01     2.7544457130E+00
    4.2000000000E+00    -4.8775938846E-01     8.6024066415E-01    -9.2135717482E-01     2.7490992104E+00
    4.2050000000E+00    -4.8335234861E-01     9.0251747151E-01    -8.8567259499E-01     2.7435638223E+00
    4.2100000000E+00    -4.7873480732E-01     9.4443814891E-01    -8.4963375792E-01     2.7378518660E+00
    4.2150000000E+00    -4.7390859152E-01     9.8598420288E-01    -8.1325507868E-01     2.7319759554E+00
    4.2200000000E+00    -4.6887562026E-01     1.0271372916E+00    -7.7655110825E-01     2.7259489807E+00
    4.2250000000E+00    -4.6363790388E-01     1.0678792334E+00    -7.3953652773E-01     2.7197840877E+00
    4.2300000000E+00    -4.5819754322E-01     1.1081920143E+00    -7.0222614246E-01     2.7134946564E+00
    4.2350000000E+00    -4.5255672876E-01     1.1480577966E+00    -6.6463487609E-01     2.7070942797E+00
    4.2400000000E+00    -4.4671773971E-01     1.1874589269E+00    -6.2677776464E-01     2.7005967412E+00
    4.2450000000E+00    -4.4068294305E-01     1.2263779433E+00    -5.8866995044E-01     2.6940159929E+00
    4.2500000000E+00    -4.3445479260E-01     1.2647975842E+00    -5.5032667610E-01     2.6873661326E+00
    4.2550000000E+00    -4.2803582796E-01     1.3027007952E+00    -5.1176327844E-01     2.6806613811E+00
    4.2600000000E+00    -4.2142867347E-01     1.3400707373E+00    -4.7299518228E-01     2.6739160586E+00
    4.2650000000E+00    -4.1463603710E-01     1.3768907941E+00    -4.3403789436E-01     2.6671445620E+00
    4.2700000000E+00    -4.0766070935E-01     1.4131445795E+00    -3.9490699707E-01     2.6603613408E+00
    4.2750000000E+00    -4.0050556205E-01     1.4488159450E+00    -3.5561814225E-01     2.6535808735E+00
    4.2800000000E+00    -3.9317354715E-01     1.4838889869E+00    -3.1618704491E-01     2.6468176444E+00
    4.2850000000E+00    -3.8566769551E-01     1.5183480534E+00    -2.7662947696E-01     2.6400861192E+00
    4.2900000000E+00    -3.7799111560E-01     1.5521777518E+00    -2.3696126092E-01     2.6334007214E+00
    4.2950000000E+00    -3.7014699219E-01     1.5853629555E+00    -1.9719826353E-01     2.6267758087E+00
    4.3000000000E+00    -3.6213858501E-01     1.6178888105E+00    -1.5735638946E-01     2.6202256491E+00
    4.3050000000E+00    -3.5396922734E-01     1.6497407424E+00    -1.1745157494E-01     2.6137643975E+00
    4.3100000000E+00    -3.4564232465E-01     1.6809044627E+00    -7.7499781353E-02     2.6074060722E+00
    4.3150000000E+00    -3.3716135310E-01     1.7113659756E+00    -3.7516988887E-02     2.6011645315E+00
    4.3200000000E+00    -3.2852985811E-01     1.7411115842E+00     2.4808098756E-03     2.5950534510E+00
    4.3250000000E+00    -3.1975145280E-01     1.7701278964E+00     4.2477616347E-02     2.5890863005E+00
    4.3300000000E+00    -3.1082981649E-01     1.7984018314E+00     8.2457432338E-02     2.5832763218E+00
    4.3350000000E+00    -3.0176869311E-01     1.8259206254E+00     1.2240426646E-01     2.5776365065E+00
    4.3400000000E+00    -2.9257188959E-01     1.8526718375E+00     1.6230214050E-01     2.5721795745E+00
    4.3450000000E+00    -2.8324327428E-01     1.8786433551E+00     2.0213509585E-01     2.5669179521E+00
    4.3500000000E+00    -2.7378677522E-01     1.9038233998E+00     2.4188719986E-01     2.5618637517E+00
    4.3550000000E+00    -2.6420637852E-01     1.9282005325E+00     2.8154255221E-01     2.5570287513E+00
    4.3600000000E+00    -2.5450612662E-01     1.9517636586E+00     3.2108529129E-01     2.5524243744E+00
    4.3650000000E+00    -2.4469011657E-01     1.9745020332E+00     3.6049960054E-01     2.5480616710E+00
    4.3700000000E+00    -2.3476249825E-01     1.9964052658E+00     3.9976971476E-01     2.5439512986E+00
    4.3750000000E+00    -2.2472747259E-01     2.0174633255E+00     4.3887992642E-01     2.5401035042E+00
    4.3800000000E+00    -2.1458928978E-01     2.0376665449E+00     4.7781459196E-01     2.5365281071E+00
    4.3850000000E+00    -2.0435224743E-01     2.0570056253E+00     5.1655813804E-01     2.5332344816E+00
    4.3900000000E+00    -1.9402068870E-01     2.0754716404E+00     5.5509506775E-01     2.5302315414E+00
    4.3950000000E+00    -1.8359900044E-01     2.0930560405E+00     5.9340996683E-01     2.5275277239E+00
    4.4000000000E+00    -1.7309161132E-01     2.1097506568E+00     6.3148750984E-01     2.5251309760E+00
    4.4050000000E+00    -1.6250298988E-01     2.1255477048E+00     6.6931246626E-01     2.5230487399E+00
    4.4100000000E+00    -1.5183764261E-01     2.1404397881E+00     7.0686970662E-01     2.5212879404E+00
    4.4150000000E+00    -1.4110011201E-01     2.1544199018E+00     7.4414420852E-01     2.5198549727E+00
    4.4200000000E+00    -1.3029497462E-01     2.1674814357E+00     7.8112106267E-01     2.5187556911E+00
    4.4250000000E+00    -1.1942683903E-01     2.1796181774E+00     8.1778547880E-01     2.5179953985E+00
    4.4300000000E+00    -1.0850034391E-01     2.1908243154E+00     8.5412279164E-01     2.5175788368E+00
    4.4350000000E+00    -9.7520155958E-02     2.2010944417E+00     8.9011846676E-01     2.5175101787E+00
    4.4400000000E+00    -8.6490967910E-02     2.2104235541E+00     9.2575810635E-01     2.5177930195E+00
    4.4450000000E+00    -7.5417496490E-02     2.2188070592E+00     9.6102745505E-01     2.5184303707E+00
    4.4500000000E+00    -6.4304480364E-02     2.2262407741E+00     9.9591240558E-01     2.5194246540E+00
    4.4550000000E+00    -5.3156678079E-02     2.2327209285E+00     1.0303990044E+00     2.5207776964E+00
    4.4600000000E+00    -4.1978866002E-02     2.2382441667E+00     1.0644734574E+00     2.5224907268E+00
    4.4650000000E+00    -3.0775836234E-02     2.2428075493E+00     1.0981221352E+00     2.5245643725E+00
    4.4700000000E+00    -1.9552394534E-02     2.2464085542E+00     1.1313315788E+00     2.5269986576E+00
    4.4750000000E+00    -8.3133582216E-03     2.2490450787E+00     1.1640885048E+00     2.5297930023E+00
    4.4800000000E+00     2.9364459182E-03     2.2507154398E+00     1.1963798110E+00     2.5329462226E+00
    4.4850000000E+00     1.4192183738E-02     2.2514183755E+00     1.2281925811E+00     2.5364565316E+00
    4.4900000000E+00     2.5449015835E-02     2.2511530456E+00     1.2595140907E+00     2.5403215415E+00
    4.4950000000E+00     3.6702099659E-02     2.2499190322E+00     1.2903318113E+00     2.5445382669E+00
    4.5000000000E+00     4.7946591629E-02     2.2477163397E+00     1.3206334165E+00     2.5491031284E+00
    4.5050000000E+00     5.9177649241E-02     2.2445453956E+00     1.3504067859E+00     2.5540119582E+00
    4.5100000000E+00     7.0390433187E-02     2.2404070500E+00     1.3796400106E+00     2.5592600057E+00
    4.5150000000E+00     8.1580109464E-02     2.2353025756E+00     1.4083213977E+00     2.5648419448E+00
    4.5200000000E+00     9.2741851490E-02     2.2292336671E+00     1.4364394750E+00     2.5707518815E+00
    4.5250000000E+00     1.0387084221E-01     2.2222024411E+00     1.4639829956E+00     2.5769833632E+00
    4.5300000000E+00     1.1496227621E-01     2.2142114347E+00     1.4909409426E+00     2.5835293883E+00
    4.5350000000E+00     1.2601136179E-01     2.2052636052E+00     1.5173025331E+00     2.5903824172E+00
    4.5400000000E+00     1.3701332312E-01     2.1953623283E+00     1.5430572228E+00     2.5975343834E+00
    4.5450000000E+00     1.4796340226E-01     2.1845113974E+00     1.5681947102E+00     2.6049767068E+00
    4.5500000000E+00     1.5885686129E-01     2.1727150217E+00     1.5927049406E+00     2.6127003065E+00
    4.5550000000E+00     1.6968898438E-01     2.1599778246E+00     1.6165781103E+00     2.6206956155E+00
    4.5600000000E+00     1.8045507983E-01     2.1463048418E+00     1.6398046702E+00     2.6289525954E+00
    4.5650000000E+00     1.9115048217E-01     2.1317015195E+00     1.6623753302E+00     2.6374607525E+00
    4.5700000000E+00     2.0177055416E-01     2.1161737118E+00     1.6842810622E+00     2.6462091546E+00
    4.5750000000E+00     2.1231068885E-01     2.0997276785E+00     1.7055131043E+00     2.6551864480E+00
    4.5800000000E+00     2.2276631162E-01     2.0823700823E+00     1.7260629638E+00     2.6643808758E+00
    4.5850000000E+00     2.3313288212E-01     2.0641079864E+00     1.7459224212E+00     2.6737802970E+00
    4.5900000000E+00     2.4340589636E-01     2.0449488510E+00     1.7650835328E+00     2.6833722054E+00
    4.5950000000E+00     2.5358088860E-01     2.0249005307E+00     1.7835386346E+00     2.6931437502E+00
    4.6000000000E+00     2.6365343337E-01     2.0039712709E+00     1.8012803448E+00     2.7030817566E+00
    4.6050000000E+00     2.7361914741E-01     1.9821697043E+00     1.8183015668E+00     2.7131727466E+00
    4.6100000000E+00     2.8347369155E-01     1.9595048474E+00     1.8345954924E+00     2.7234029616E+00
    4.6150000000E+00     2.9321277267E-01     1.9359860967E+00     1.8501556043E+00     2.7337583839E+00
    4.6200000000E+00     3.0283214559E-01     1.9116232244E+00     1.8649756786E+00     2.7442247600E+00
    4.6250000000E+00     3.1232761490E-01     1.8864263745E+00     1.8790497875E+00     2.7547876235E+00
    4.6300000000E+00     3.2169503684E-01     1.8604060585E+00     1.8923723015E+00     2.7654323186E+00
    4.6350000000E+00     3.3093032111E-01     1.8335731509E+00     1.9049378919E+00     2.7761440241E+00
    4.6400000000E+00     3.4002943270E-01     1.8059388842E+00     1.9167415325E+00     2.7869077778E+00
    4.6450000000E+00     3.4898839362E-01     1.7775148448E+00     1.9277785020E+00     2.7977085005E+00
    4.6500000000E+00     3.5780328470E-01     1.7483129671E+00     1.9380443859E+00     2.8085310209E+00
    4.6550000000E+00     3.6647024731E-01     1.7183455294E+00     1.9475350778E+00     2.8193601007E+00
    4.6600000000E+00     3.7498548504E-01     1.6876251477E+00     1.9562467817E+00     2.8301804594E+00
    4.6650000000E+00     3.8334526541E-01     1.6561647709E+00     1.9641760129E+00     2.8409767994E+00
    4.6700000000E+00     3.9154592151E-01     1.6239776751E+00     1.9713195999E+00     2.8517338310E+00
    4.6750000000E+00     3.9958385358E-01     1.5910774575E+00     1.9776746854E+00     2.8624362984E+00
    4.6800000000E+00     4.0745553069E-01     1.5574780312E+00     1.9832387273E+00     2.8730690037E+00
    4.6850000000E+00     4.1515749221E-01     1.5231936185E+00     1.9880095003E+00     2.8836168331E+00
    4.6900000000E+00     4.2268634940E-01     1.4882387453E+00     1.9919850959E+00     2.8940647812E+00
    4.6950000000E+00     4.3003878689E-01     1.4526282346E+00     1.9951639240E+00     2.9043979764E+00
    4.7000000000E+00     4.3721156417E-01     1.4163772001E+00     1.9975447132E+00     2.9146017049E+00
    4.7050000000E+00     4.4420151698E-01     1.3795010396E+00     1.9991265111E+00     2.9246614360E+00
    4.7100000000E+00     4.5100555877E-01     1.3420154286E+00     1.9999086851E+00     2.9345628457E+00
    4.7150000000E+00     4.5762068205E-01     1.3039363130E+00     1.9998909222E+00     2.9442918406E+00
    4.7200000000E+00     4.6404395971E-01     1.2652799029E+00     1.9990732297E+00     2.9538345818E+00
    4.7250000000E+00     4.7027254633E-01     1.2260626649E+00     1.9974559345E+00     2.9631775075E+00
    4.7300000000E+00     4.7630367947E-01     1.1863013155E+00     1.9950396836E+00     2.9723073564E+00
    4.7350000000E+00     4.8213468087E-01     1.1460128134E+00     1.9918254434E+00     2.9812111892E+00
    4.7400000000E+00     4.8776295765E-01     1.1052143524E+00     1.9878144995E+00     2.9898764109E+00
    4.7450000000E+00     4.9318600347E-01     1.0639233540E+00     1.9830084564E+00     2.9982907917E+00
    4.7500000000E+00     4.9840139966E-01     1.0221574594E+00     1.9774092364E+00     3.0064424878E+00
    4.7550000000E+00     5.0340681630E-01     9.7993452263E-01     1.9710190790E+00     3.0143200613E+00
    4.7600000000E+00     5.0820001322E-01     9.3727260185E-01     1.9638405402E+00     3.0219124995E+00
    4.7650000000E+00     5.1277884108E-01     8.9418995220E-01     1.9558764915E+00     3.0292092339E+00
    4.7700000000E+00     5.1714124225E-01     8.5070501757E-01     1.9471301182E+00     3.0362001578E+00
    4.7750000000E+00     5.2128525180E-01     8.0683642261E-01     1.9376049188E+00     3.0428756438E+00
    4.7800000000E+00     5.2520899835E-01     7.6260296465E-01     1.9273047033E+00     3.0492265603E+00
    4.7850000000E+00     5.2891070492E-01     7.1802360552E-01     1.9162335916E+00     3.0552442868E+00
    4.7900000000E+00     5.3238868974E-01     6.7311746326E-01     1.9043960120E+00     3.0609207293E+00
    4.7950000000E+00     5.3564136701E-01     6.2790380384E-01     1.8917966994E+00     3.0662483339E+00
    4.8000000000E+00     5.3866724758E-01     5.8240203274E-01     1.8784406934E+00     3.0712201000E+00
    4.8050000000E+00     5.4146493969E-01     5.3663168651E-01     1.8643333361E+00     3.0758295927E+00
    4.8100000000E+00     5.4403314957E-01     4.9061242423E-01     1.8494802704E+00     3.0800709537E+00
    4.8150000000E+00     5.4637068202E-01     4.4436401897E-01     1.8338874371E+00     3.0839389124E+00
    4.8200000000E+00     5.4847644098E-01     3.9790634916E-01     1.8175610734E+00     3.0874287944E+00
    4.8250000000E+00     5.5034943002E-01     3.5125938994E-01     1.8005077095E+00     3.0905365307E+00
    4.8300000000E+00     5.5198875282E-01     3.0444320440E-01     1.7827341665E+00     3.0932586648E+00
    4.8350000000E+00     5.5339361358E-01     2.5747793487E-01     1.7642475536E+00     3.0955923590E+00
    4.8400000000E+00     5.5456331738E-01     2.1038379413E-01     1.7450552652E+00     3.0975354002E+00
    4.8450000000E+00     5.5549727052E-01     1.6318105659E-01     1.7251649780E+00     3.0990862042E+00
    4.8500000000E+00     5.5619498083E-01     1.1589004942E-01     1.7045846477E+00     3.1002438187E+00
    4.8550000000E+00     5.5665605785E-01     6.8531143704E-02     1.6833225064E+00     3.1010079263E+00
    4.8600000000E+00     5.5688021311E-01     2.1124745525E-02     1.6613870585E+00     3.1013788450E+00
    4.8650000000E+00     5.5686726021E-01    -2.6308712919E-02     1.6387870779E+00     3.1013575291E+00
    4.8700000000E+00     5.5661711496E-01    -7.3748782252E-02     1.6155316043E+00     3.1009455681E+00
    4.8750000000E+00     5.5612979547E-01    -1.2117500484E-01     1.5916299396E+00     3.1001451849E+00
    4.8800000000E+00     5.5540542209E-01    -1.6856692375E-01     1.5670916442E+00     3.0989592328E+00
    4.8850000000E+00     5.5444421749E-01    -2.1590409164E-01     1.5419265330E+00     3.0973911914E+00
    4.8900000000E+00     5.5324650648E-01    -2.6316607974E-01     1.5161446718E+00     3.0954451621E+00
    4.8950000000E+00     5.5181271600E-01    -3.1033248674E-01     1.4897563729E+00     3.0931258615E+00
    4.9000000000E+00     5.5014337487E-01    -3.5738294771E-01     1.4627721913E+00     3.0904386148E+00
    4.9050000000E+00     5.4823911364E-01    -4.0429714303E-01     1.4352029203E+00     3.0873893472E+00
    4.9100000000E+00     5.4610066434E-01    -4.5105480723E-01     1.4070595873E+00     3.0839845754E+00
    4.9150000000E+00     5.4372886014E-01    -4.9763573784E-01     1.3783534493E+00     3.0802313973E+00
    4.9200000000E+00     5.4112463508E-01    -5.4401980427E-01     1.3490959882E+00     3.0761374806E+00
    4.9250000000E+00     5.3828902364E-01    -5.9018695656E-01     1.3192989067E+00     3.0717110515E+00
    4.9300000000E+00     5.3522316032E-01    -6.3611723418E-01     1.2889741233E+00     3.0669608813E+00
    4.9350000000E+00     5.3192827921E-01    -6.8179077469E-01     1.2581337674E+00     3.0618962724E+00
    4.9400000000E+00     5.2840571342E-01    -7.2718782253E-01     1.2267901748E+00     3.0565270443E+00
    4.9450000000E+00     5.2465689456E-01    -7.7228873755E-01     1.1949558824E+00     3.0508635172E+00
    4.9500000000E+00     5.2068335215E-01    -8.1707400365E-01     1.1626436236E+00     3.0449164957E+00
    4.9550000000E+00     5.1648671293E-01    -8.6152423731E-01     1.1298663229E+00     3.0386972521E+00
    4.9600000000E+00     5.1206870026E-01    -9.0562019607E-01     1.0966370907E+00     3.0322175076E+00
    4.9650000000E+00     5.0743113328E-01    -9.4934278691E-01     1.0629692183E+00     3.0254894137E+00
    4.9700000000E+00     5.0257592625E-01    -9.9267307462E-01     1.0288761724E+00     3.0185255330E+00
    4.9750000000E+00     4.9750508768E-01    -1.0355922901E+00     9.9437158974E-01     3.0113388184E+00
    4.9800000000E+00     4.9222071949E-01    -1.0780818385E+00     9.5946927170E-01     3.0039425923E+00
    4.9850000000E+00     4.8672501613E-01    -1.1201233075E+00     9.2418317874E-01     2.9963505253E+00
    4.9900000000E+00     4.8102026362E-01    -1.1616984751E+00     8.8852742483E-01     2.9885766137E+00
    4.9950000000E+00     4.7510883862E-01    -1.2027893180E+00     8.5251627180E-01     2.9806351570E+00
    5.0000000000E+00     4.6899320738E-01    -1.2433780188E+00     8.1616412363E-01     2.9725407345E+00
    5.0050000000E+00     4.6267592471E-01    -1.2834469748E+00     7.7948552069E-01     2.9643081815E+00
    5.0100000000E+00     4.5615963288E-01    -1.3229788045E+00     7.4249513393E-01     2.9559525653E+00
    5.0150000000E+00     4.4944706050E-01    -1.3619563564E+00     7.0520775902E-01     2.9474891602E+00
    5.0200000000E+00     4.4254102134E-01    -1.4003627154E+00     6.6763831041E-01     2.9389334230E+00
    5.0250000000E+00     4.3544441315E-01    -1.4381812111E+00     6.2980181538E-01     2.9303009675E+00
    5.0300000000E+00     4.2816021641E-01    -1.4753954246E+00     5.9171340801E-01     2.9216075386E+00
    5.0350000000E+00     4.2069149302E-01    -1.5119891956E+00     5.5338832318E-01     2.9128689868E+00
    5.0400000000E+00     4.1304138505E-01    -1.5479466299E+00     5.1484189039E-01     2.9041012422E+00
    5.0450000000E+00     4.0521311336E-01    -1.5832521061E+00     4.7608952771E-01     2.8953202881E+00
    5.0500000000E+00     3.9720997621E-01    -1.6178902821E+00     4.3714673557E-01     2.8865421344E+00
    5.0550000000E+00     3.8903534785E-01    -1.6518461026E+00     3.9802909056E-01     2.8777827920E+00
    5.0600000000E+00     3.8069267709E-01    -1.6851048048E+00     3.5875223923E-01     2.8690582456E+00
    5.0650000000E+00     3.7218548581E-01    -1.7176519257E+00     3.1933189178E-01     2.8603844275E+00
    5.0700000000E+00     3.6351736745E-01    -1.7494733077E+00     2.7978381583E-01     2.8517771915E+00
    5.0750000000E+00     3.5469198543E-01    -1.7805551051E+00     2.4012383009E-01     2.8432522864E+00
    5.0800000000E+00     3.4571307163E-01    -1.8108837903E+00     2.0036779801E-01     2.8348253300E+00
    5.0850000000E+00     3.3658442477E-01    -1.8404461595E+00     1.6053162149E-01     2.8265117829E+00
    5.0900000000E+00     3.2730990874E-01    -1.8692293384E+00     1.2063123446E-01     2.8183269234E+00
    5.0950000000E+00     3.1789345099E-01    -1.8972207882E+00     8.0682596543E-02     2.8102858214E+00
    5.1000000000E+00     3.0833904079E-01    -1.9244083107E+00     4.0701686664E-02     2.8024033138E+00
    5.1050000000E+00     2.9865072757E-01    -1.9507800537E+00     7.0449665344E-04     2.7946939796E+00
    5.1100000000E+00     2.8883261911E-01    -1.9763245163E+00    -3.9292975146E-02     2.7871721156E+00
    5.1150000000E+00     2.7888887983E-01    -2.0010305541E+00    -7.9274730280E-02     2.7798517122E+00
    5.1200000000E+00     2.6882372897E-01    -2.0248873835E+00    -1.1922477658E-01     2.7727464305E+00
    5.1250000000E+00     2.5864143876E-01    -2.0478845870E+00    -1.5912713456E-01     2.7658695792E+00
    5.1300000000E+00     2.4834633261E-01    -2.0700121173E+00    -1.9896584380E-01     2.7592340921E+00
    5.1350000000E+00     2.3794278322E-01    -2.0912603022E+00    -2.3872496936E-01     2.7528525066E+00
    5.1400000000E+00     2.2743521072E-01    -2.1116198482E+00    -2.7838860812E-01     2.7467369423E+00
    5.1450000000E+00     2.1682808072E-01    -2.1310818451E+00    -3.1794089514E-01     2.7408990811E+00
    5.1500000000E+00     2.0612590244E-01    -2.1496377696E+00    -3.5736601005E-01     2.7353501469E+00
    5.1550000000E+00     1.9533322676E-01    -2.1672794892E+00    -3.9664818332E-01     2.7301008868E+00
    5.1600000000E+00     1.8445464419E-01    -2.1839992654E+00    -4.3577170260E-01     2.7251615533E+00
    5.1650000000E+00     1.7349478297E-01    -2.1997897576E+00    -4.7472091901E-01     2.7205418861E+00
    5.1700000000E+00     1.6245830704E-01    -2.2146440260E+00    -5.1348025338E-01     2.7162510961E+00
    5.1750000000E+00     1.5134991404E-01    -2.2285555344E+00    -5.5203420250E-01     2.7122978497E+00
    5.1800000000E+00     1.4017433324E-01    -2.2415181536E+00    -5.9036734530E-01     2.7086902534E+00
    5.1850000000E+00     1.2893632358E-01    -2.2535261637E+00    -6.2846434903E-01     2.7054358406E+00
    5.1900000000E+00     1.1764067153E-01    -2.2645742567E+00    -6.6630997540E-01     2.7025415580E+00
    5.1950000000E+00     1.0629218909E-01    -2.2746575387E+00    -7.0388908666E-01     2.7000137538E+00
    5.2000000000E+00     9.4895711688E-02    -2.2837715323E+00    -7.4118665167E-01     2.6978581668E+00
    5.2050000000E+00     8.3456096080E-02    -2.2919121782E+00    -7.7818775191E-01     2.6960799161E+00
    5.2100000000E+00     7.1978218280E-02    -2.2990758374E+00    -8.1487758742E-01     2.6946834922E+00
    5.2150000000E+00     6.0466971443E-02    -2.3052592923E+00    -8.5124148276E-01     2.6936727488E+00
    5.2200000000E+00     4.8927263751E-02    -2.3104597485E+00    -8.8726489286E-01     2.6930508962E+00
    5.2250000000E+00     3.7364016302E-02    -2.3146748358E+00    -9.2293340883E-01     2.6928204949E+00
    5.2300000000E+00     2.5782160980E-02    -2.3179026092E+00    -9.5823276374E-01     2.6929834512E+00
    5.2350000000E+00     1.4186638328E-02    -2.3201415501E+00    -9.9314883833E-01     2.6935410132E+00
    5.2400000000E+00     2.5823954178E-03    -2.3213905663E+00    -1.0276676666E+00     2.6944937683E+00
    5.2450000000E+00    -9.0256162886E-03    -2.3216489932E+00    -1.0617754415E+00     2.6958416414E+00
    5.2500000000E+00    -2.0632443073E-02    -2.3209165937E+00    -1.0954585204E+00     2.6975838946E+00
    5.2550000000E+00    -3.2233131102E-02    -2.3191935583E+00    -1.1287034306E+00     2.6997191278E+00
    5.2600000000E+00    -4.3822728563E-02    -2.3164805049E+00    -1.1614968743E+00     2.7022452802E+00
    5.2650000000E+00    -5.5396287800E-02    -2.3127784790E+00    -1.1938257348E+00     2.7051596334E+00
    5.2700000000E+00    -6.6948867455E-02    -2.3080889526E+00    -1.2256770810E+00     2.7084588151E+00
    5.2750000000E+00    -7.8475534593E-02    -2.3024138243E+00    -1.2570381726E+00     2.7121388044E+00
    5.2800000000E+00    -8.9971366837E-02    -2.2957554176E+00    -1.2878964658E+00     2.7161949371E+00
    5.2850000000E+00    -1.0143145449E-01    -2.2881164806E+00    -1.3182396175E+00     2.7206219139E+00
    5.2900000000E+00    -1.1285090265E-01    -2.2795001844E+00    -1.3480554910E+00     2.7254138077E+00
    5.2950000000E+00    -1.2422483333E-01    -2.2699101220E+00    -1.3773321602E+00     2.7305640732E+00
    5.3000000000E+00    -1.3554838755E-01    -2.2593503065E+00    -1.4060579149E+00     2.7360655574E+00
    5.3050000000E+00    -1.4681672746E-01    -2.2478251692E+00    -1.4342212652E+00     2.7419105104E+00
    5.3100000000E+00    -1.5802503839E-01    -2.2353395583E+00    -1.4618109462E+00     2.7480905979E+00
    5.3150000000E+00    -1.6916853096E-01    -2.2218987358E+00    -1.4888159222E+00     2.7545969148E+00
    5.3200000000E+00    -1.8024244313E-01    -2.2075083763E+00    -1.5152253917E+00     2.7614199988E+00
    5.3250000000E+00    -1.9124204225E-01    -2.1921745637E+00    -1.5410287913E+00     2.7685498461E+00
    5.3300000000E+00    -2.0216262710E-01    -2.1759037888E+00    -1.5662157999E+00     2.7759759270E+00
    5.3350000000E+00    -2.1299952996E-01    -2.1587029466E+00    -1.5907763431E+00     2.7836872034E+00
    5.3400000000E+00    -2.2374811856E-01    -2.1405793331E+00    -1.6147005969E+00     2.7916721462E+00
    5.3450000000E+00    -2.3440379811E-01    -2.1215406423E+00    -1.6379789920E+00     2.7999187540E+00
    5.3500000000E+00    -2.4496201328E-01    -2.1015949625E+00    -1.6606022174E+00     2.8084145727E+00
    5.3550000000E+00    -2.5541825016E-01    -2.0807507733E+00    -1.6825612240E+00     2.8171467155E+00
    5.3600000000E+00    -2.6576803822E-01    -2.0590169415E+00    -1.7038472286E+00     2.8261018841E+00
    5.3650000000E+00    -2.7600695220E-01    -2.0364027173E+00    -1.7244517170E+00     2.8352663900E+00
    5.3700000000E+00    -2.8613061406E-01    -2.0129177302E+00    -1.7443664477E+00     2.8446261773E+00
    5.3750000000E+00    -2.9613469485E-01    -1.9885719852E+00    -1.7635834551E+00     2.8541668451E+00
    5.3800000000E+00    -3.0601491656E-01    -1.9633758579E+00    -1.7820950526E+00     2.8638736712E+00
    5.3850000000E+00    -3.1576705398E-01    -1.9373400904E+00    -1.7998938358E+00     2.8737316366E+00
    5.3900000000E+00    -3.2538693651E-01    -1.9104757863E+00    -1.8169726856E+00     2.8837254495E+00
    5.3950000000E+00    -3.3487044999E-01    -1.8827944061E+00    -1.8333247704E+00     2.8938395705E+00
    5.4000000000E+00    -3.4421353842E-01    -1.8543077620E+00    -1.8489435498E+00     2.9040582385E+00
    5.4050000000E+00    -3.5341220572E-01    -1.8250280132E+00    -1.8638227765E+00     2.9143654961E+00
    5.4100000000E+00    -3.6246251749E-01    -1.7949676599E+00    -1.8779564988E+00     2.9247452160E+00
    5.4150000000E+00    -3.7136060266E-01    -1.7641395384E+00    -1.8913390637E+00     2.9351811276E+00
    5.4200000000E+00    -3.8010265516E-01    -1.7325568154E+00    -1.9039651181E+00     2.9456568439E+00
    5.4250000000E+00    -3.8868493559E-01    -1.7002329821E+00    -1.9158296118E+00     2.9561558882E+00
    5.4300000000E+00    -3.9710377277E-01    -1.6671818485E+00    -1.9269277992E+00     2.9666617215E+00
    5.4350000000E+00    -4.0535556540E-01    -1.6334175374E+00    -1.9372552413E+00     2.9771577697E+00
    5.4400000000E+00    -4.1343678352E-01    -1.5989544781E+00    -1.9468078070E+00     2.9876274512E+00
    5.4450000000E+00    -4.2134397011E-01    -1.5638074003E+00    -1.9555816756E+00     2.9980542041E+00
    5.4500000000E+00    -4.2907374249E-01    -1.5279913276E+00    -1.9635733376E+00     3.0084215136E+00
    5.4550000000E+00    -4.3662279387E-01    -1.4915215710E+00    -1.9707795964E+00     3.0187129396E+00
    5.4600000000E+00    -4.4398789468E-01    -1.4544137221E+00    -1.9771975697E+00     3.0289121436E+00
    5.4650000000E+00    -4.5116589401E-01    -1.4166836465E+00    -1.9828246903E+00     3.0390029163E+00
    5.4700000000E+00    -4.5815372095E-01    -1.3783474771E+00    -1.9876587075E+00     3.0489692041E+00
    5.4750000000E+00    -4.6494838591E-01    -1.3394216066E+00    -1.9916976877E+00     3.0587951357E+00
    5.4800000000E+00    -4.7154698189E-01    -1.2999226806E+00    -1.9949400153E+00     3.0684650490E+00
    5.4850000000E+00    -4.7794668574E-01    -1.2598675905E+00    -1.9973843936E+00     3.0779635169E+00
    5.4900000000E+00    -4.8414475937E-01    -1.2192734661E+00    -1.9990298447E+00     3.0872753728E+00
    5.4950000000E+00    -4.9013855091E-01    -1.1781576680E+00    -1.9998757106E+00     3.0963857363E+00
    5.5000000000E+00    -4.9592549587E-01    -1.1365377804E+00    -1.9999216528E+00     3.1052800377E+00
    5.5050000000E+00    -5.0150311821E-01    -1.0944316029E+00    -1.9991676530E+00     3.1139440425E+00
    5.5100000000E+00    -5.0686903140E-01    -1.0518571436E+00    -1.9976140129E+00     3.1223638752E+00
    5.5150000000E+00    -5.1202093949E-01    -1.0088326104E+00    -1.9952613537E+00     3.1305260426E+00
    5.5200000000E+00    -5.1695663803E-01    -9.6537640370E-01    -1.9921106166E+00     3.1384174564E+00
    5.5250000000E+00    -5.2167401502E-01    -9.2150710834E-01    -1.9881630619E+00     3.1460254549E+00
    5.5300000000E+00    -5.2617105187E-01    -8.7724348533E-01    -1.9834202684E+00     3.1533378246E+00
    5.5350000000E+00    -5.3044582419E-01    -8.3260446385E-01    -1.9778841332E+00     3.1603428206E+00
    5.5400000000E+00    -5.3449650264E-01    -7.8760913306E-01    -1.9715568708E+00     3.1670291866E+00
    5.5450000000E+00    -5.3832135372E-01    -7.4227673376E-01    -1.9644410119E+00     3.1733861735E+00
    5.5500000000E+00    -5.4191874049E-01    -6.9662665015E-01    -1.9565394028E+00     3.1794035578E+00
    5.5550000000E+00    -5.4528712327E-01    -6.5067840132E-01    -1.9478552040E+00     3.1850716590E+00
    5.5600000000E+00    -5.4842506029E-01    -6.0445163291E-01    -1.9383918892E+00     3.1903813558E+00
    5.5650000000E+00    -5.5133120832E-01    -5.5796610851E-01    -1.9281532434E+00     3.1953241018E+00
    5.5700000000E+00    -5.5400432322E-01    -5.1124170118E-01    -1.9171433620E+00     3.1998919400E+00
    5.5750000000E+00    -5.5644326047E-01    -4.6429838480E-01    -1.9053666488E+00     3.2040775163E+00
    5.5800000000E+00    -5.5864697566E-01    -4.1715622544E-01    -1.8928278144E+00     3.2078740923E+00
    5.5850000000E+00    -5.6061452490E-01    -3.6983537270E-01    -1.8795318741E+00     3.2112755567E+00
    5.5900000000E+00    -5.6234506526E-01    -3.2235605098E-01    -1.8654841461E+00     3.2142764360E+00
    5.5950000000E+00    -5.6383785510E-01    -2.7473855074E-01    -1.8506902493E+00     3.2168719041E+00
    5.6000000000E+00    -5.6509225438E-01    -2.2700321971E-01    -1.8351561011E+00     3.2190577905E+00
    5.6050000000E+00    -5.6610772491E-01    -1.7917045415E-01    -1.8188879149E+00     3.2208305878E+00
    5.6100000000E+00    -5.6688383059E-01    -1.3126068998E-01    -1.8018921978E+00     3.2221874582E+00
    5.6150000000E+00    -5.6742023759E-01    -8.3294393981E-02    -1.7841757478E+00     3.2231262382E+00
    5.6200000000E+00    -5.6771671446E-01    -3.5292054960E-02    -1.7657456514E+00     3.2236454433E+00
    5.6250000000E+00    -5.6777313224E-01     1.2725825104E-02    -1.7466092802E+00     3.2237442702E+00
    5.6300000000E+00    -5.6758946448E-01     6.0738739906E-02    -1.7267742886E+00     3.2234225992E+00
    5.6350000000E+00    -5.6716578729E-01     1.0872618766E-01    -1.7062486103E+00     3.2226809946E+00
    5.6400000000E+00    -5.6650227921E-01     1.5666767994E-01    -1.6850404553E+00     3.2215207044E+00
    5.6450000000E+00    -5.6559922120E-01     2.0454275053E-01    -1.6631583066E+00     3.2199436586E+00
    5.6500000000E+00    -5.6445699647E-01     2.5233096423E-01    -1.6406109167E+00     3.2179524664E+00
    5.6550000000E+00    -5.6307609032E-01     3.0001192566E-01    -1.6174073044E+00     3.2155504126E+00
    5.6600000000E+00    -5.6145708989E-01     3.4756528807E-01    -1.5935567507E+00     3.2127414526E+00
    5.6650000000E+00    -5.5960068393E-01     3.9497076209E-01    -1.5690687955E+00     3.2095302060E+00
    5.6700000000E+00    -5.5750766247E-01     4.4220812446E-01    -1.5439532338E+00     3.2059219498E+00
    5.6750000000E+00    -5.5517891647E-01     4.8925722674E-01    -1.5182201113E+00     3.2019226099E+00
    5.6800000000E+00    -5.5261543743E-01     5.3609800400E-01    -1.4918797211E+00     3.1975387518E+00
    5.6850000000E+00    -5.4981831694E-01     5.8271048342E-01    -1.4649425988E+00     3.1927775702E+00
    5.6900000000E+00    -5.4678874623E-01     6.2907479288E-01    -1.4374195190E+00     3.1876468775E+00
    5.6950000000E+00    -5.4352801559E-01     6.7517116956E-01    -1.4093214906E+00     3.1821550914E+00
    5.7000000000E+00    -5.4003751385E-01     7.2097996833E-01    -1.3806597524E+00     3.1763112210E+00
    5.7050000000E+00    -5.3631872775E-01     7.6648167031E-01    -1.3514457687E+00     3.1701248529E+00
    5.7100000000E+00    -5.3237324131E-01     8.1165689115E-01    -1.3216912247E+00     3.1636061351E+00
    5.7150000000E+00    -5.2820273507E-01     8.5648638941E-01    -1.2914080218E+00     3.1567657610E+00
    5.7200000000E+00    -5.2380898546E-01     9.0095107479E-01    -1.2606082730E+00     3.1496149521E+00
    5.7250000000E+00    -5.1919386392E-01     9.4503201634E-01    -1.2293042976E+00     3.1421654393E+00
    5.7300000000E+00    -5.1435933617E-01     9.8871045057E-01    -1.1975086169E+00     3.1344294446E+00
    5.7350000000E+00    -5.0930746127E-01     1.0319677895E+00    -1.1652339488E+00     3.1264196604E+00
    5.7400000000E+00    -5.0404039081E-01     1.0747856285E+00    -1.1324932026E+00     3.1181492293E+00
    5.7450000000E+00    -4.9856036788E-01     1.1171457545E+00    -1.0992994742E+00     3.1096317226E+00
    5.7500000000E+00    -4.9286972617E-01     1.1590301535E+00    -1.0656660407E+00     3.1008811181E+00
    5.7550000000E+00    -4.8697088893E-01     1.2004210181E+00    -1.0316063549E+00     3.0919117770E+00
    5.7600000000E+00    -4.8086636790E-01     1.2413007557E+00    -9.9713404042E-01     3.0827384209E+00
    5.7650000000E+00    -4.7455876224E-01     1.2816519956E+00    -9.6226288559E-01     3.0733761071E+00
    5.7700000000E+00    -4.6805075738E-01     1.3214575964E+00    -9.2700683843E-01     3.0638402044E+00
    5.7750000000E+00    -4.6134512389E-01     1.3607006535E+00    -8.9138000089E-01     3.0541463675E+00
    5.7800000000E+00    -4.5444471623E-01     1.3993645062E+00    -8.5539662324E-01     3.0443105117E+00
    5.7850000000E+00    -4.4735247156E-01     1.4374327450E+00    -8.1907109834E-01     3.0343487863E+00
    5.7900000000E+00    -4.4007140843E-01     1.4748892183E+00    -7.8241795593E-01     3.0242775482E+00
    5.7950000000E+00    -4.3260462550E-01     1.5117180394E+00    -7.4545185676E-01     3.0141133354E+00
    5.8000000000E+00    -4.2495530019E-01     1.5479035935E+00    -7.0818758679E-01     3.0038728390E+00
    5.8050000000E+00    -4.1712668729E-01     1.5834305439E+00    -6.7064005123E-01     2.9935728762E+00
    5.8100000000E+00    -4.0912211756E-01     1.6182838390E+00    -6.3282426859E-01     2.9832303625E+00
    5.8150000000E+00    -4.0094499630E-01     1.6524487183E+00    -5.9475536468E-01     2.9728622839E+00
    5.8200000000E+00    -3.9259880189E-01     1.6859107189E+00    -5.5644856656E-01     2.9624856684E+00
    5.8250000000E+00    -3.8408708423E-01     1.7186556815E+00    -5.1791919643E-01     2.9521175584E+00
    5.8300000000E+00    -3.7541346327E-01     1.7506697566E+00    -4.7918266552E-01     2.9417749823E+00
    5.8350000000E+00    -3.6658162741E-01     1.7819394102E+00    -4.4025446794E-01     2.9314749263E+00
    5.8400000000E+00    -3.5759533194E-01     1.8124514295E+00    -4.0115017444E-01     2.9212343064E+00
    5.8450000000E+00    -3.4845839737E-01     1.8421929287E+00    -3.6188542622E-01     2.9110699403E+00
    5.8500000000E+00    -3.3917470783E-01     1.8711513543E+00    -3.2247592865E-01     2.9009985196E+00
    5.8550000000E+00    -3.2974820936E-01     1.8993144903E+00    -2.8293744501E-01     2.8910365823E+00
    5.8600000000E+00    -3.2018290825E-01     1.9266704636E+00    -2.4328579017E-01     2.8812004850E+00
    5.8650000000E+00    -3.1048286926E-01     1.9532077488E+00    -2.0353682425E-01     2.8715063760E+00
    5.8700000000E+00    -3.0065221392E-01     1.9789151731E+00    -1.6370644632E-01     2.8619701685E+00
    5.8750000000E+00    -2.9069511871E-01     2.0037819212E+00    -1.2381058799E-01     2.8526075143E+00
    5.8800000000E+00    -2.8061581331E-01     2.0277975395E+00    -8.3865207077E-02     2.8434337773E+00
    5.8850000000E+00    -2.7041857874E-01     2.0509519406E+00    -4.3886281200E-02     2.8344640086E+00
    5.8900000000E+00    -2.6010774552E-01     2.0732354078E+00    -3.8898013954E-03     2.8257129208E+00
    5.8950000000E+00    -2.4968769184E-01     2.0946385987E+00     3.6108234278E-02     2.8171948642E+00
    5.9000000000E+00    -2.3916284166E-01     2.1151525495E+00     7.6091827139E-02     2.8089238022E+00
    5.9050000000E+00    -2.2853766278E-01     2.1347686785E+00     1.1604498428E-01     2.8009132885E+00
    5.9100000000E+00    -2.1781666496E-01     2.1534787898E+00     1.5595172498E-01     2.7931764444E+00
    5.9150000000E+00    -2.0700439798E-01     2.1712750765E+00     1.9579608707E-01     2.7857259367E+00
    5.9200000000E+00    -1.9610544965E-01     2.1881501241E+00     2.3556213333E-01     2.7785739567E+00
    5.9250000000E+00    -1.8512444390E-01     2.2040969137E+00     2.7523395788E-01     2.7717321999E+00
    5.9300000000E+00    -1.7406603871E-01     2.2191088246E+00     3.1479569252E-01     2.7652118460E+00
    5.9350000000E+00    -1.6293492421E-01     2.2331796369E+00     3.5423151308E-01     2.7590235407E+00
    5.9400000000E+00    -1.5173582059E-01     2.2463035348E+00     3.9352564575E-01     2.7531773777E+00
    5.9450000000E+00    -1.4047347613E-01     2.2584751079E+00     4.3266237342E-01     2.7476828814E+00
    5.9500000000E+00    -1.2915266512E-01     2.2696893542E+00     4.7162604190E-01     2.7425489913E+00
    5.9550000000E+00    -1.1777818585E-01     2.2799416818E+00     5.1040106626E-01     2.7377840468E+00
    5.9600000000E+00    -1.0635485853E-01     2.2892279108E+00     5.4897193699E-01     2.7333957731E+00
    5.9650000000E+00    -9.4887523246E-02     2.2975442749E+00     5.8732322627E-01     2.7293912682E+00
    5.9700000000E+00    -8.3381037871E-02     2.3048874228E+00     6.2543959409E-01     2.7257769908E+00
    5.9750000000E+00    -7.1840275998E-02     2.3112544200E+00     6.6330579441E-01     2.7225587494E+00
    5.9800000000E+00    -6.0270124848E-02     2.3166427489E+00     7.0090668125E-01     2.7197416926E+00
    5.9850000000E+00    -4.8675483184E-02     2.3210503110E+00     7.3822721477E-01     2.7173302997E+00
    5.9900000000E+00    -3.7061259213E-02     2.3244754266E+00     7.7525246725E-01     2.7153283737E+00
    5.9950000000E+00    -2.5432368492E-02     2.3269168359E+00     8.1196762907E-01     2.7137390343E+00
    6.0000000000E+00    -1.3793731826E-02     2.3283736994E+00     8.4835801467E-01     2.7125647125E+00
    6.0050000000E+00    -2.1502731688E-03     2.3288455980E+00     8.8440906838E-01     2.7118071464E+00
    6.0100000000E+00     9.4930824843E-03     2.3283325329E+00     9.2010637025E-01     2.7114673780E+00
    6.0150000000E+00     2.1131411193E-02     2.3268349257E+00     9.5543564184E-01     2.7115457510E+00
    6.0200000000E+00     3.2759792177E-02     2.3243536179E+00     9.9038275191E-01     2.7120419103E+00
    6.0250000000E+00     4.4373309910E-02     2.3208898705E+00     1.0249337221E+00     2.7129548018E+00
    6.0300000000E+00     5.5967056220E-02     2.3164453633E+00     1.0590747324E+00     2.7142826744E+00
    6.0350000000E+00     6.7536132377E-02     2.3110221939E+00     1.0927921270E+00     2.7160230822E+00
    6.0400000000E+00     7.9075651184E-02     2.3046228769E+00     1.1260724193E+00     2.7181728885E+00
    6.0450000000E+00     9.0580739055E-02     2.2972503423E+00     1.1589022977E+00     2.7207282705E+00
    6.0500000000E+00     1.0204653809E-01     2.2889079344E+00     1.1912686305E+00     2.7236847255E+00
    6.0550000000E+00     1.1346820814E-01     2.2795994102E+00     1.2231584719E+00     2.7270370781E+00
    6.0600000000E+00     1.2484092888E-01     2.2693289375E+00     1.2545590661E+00     2.7307794885E+00
    6.0650000000E+00     1.3615990184E-01     2.2581010930E+00     1.2854578534E+00     2.7349054617E+00
    6.0700000000E+00     1.4742035244E-01     2.2459208601E+00     1.3158424748E+00     2.7394078581E+00
    6.0750000000E+00     1.5861753205E-01     2.2327936271E+00     1.3457007766E+00     2.7442789052E+00
    6.0800000000E+00     1.6974671997E-01     2.2187251839E+00     1.3750208162E+00     2.7495102101E+00
    6.0850000000E+00     1.8080322546E-01     2.2037217201E+00     1.4037908657E+00     2.7550927731E+00
    6.0900000000E+00     1.9178238972E-01     2.1877898218E+00     1.4319994176E+00     2.7610170023E+00
    6.0950000000E+00     2.0267958786E-01     2.1709364690E+00     1.4596351888E+00     2.7672727296E+00
    6.1000000000E+00     2.1349023088E-01     2.1531690319E+00     1.4866871254E+00     2.7738492268E+00
    6.1050000000E+00     2.2420976758E-01     2.1344952681E+00     1.5131444070E+00     2.7807352236E+00
    6.1100000000E+00     2.3483368653E-01     2.1149233189E+00     1.5389964510E+00     2.7879189256E+00
    6.1150000000E+00     2.4535751794E-01     2.0944617056E+00     1.5642329169E+00     2.7953880342E+00
    6.1200000000E+00     2.5577683558E-01     2.0731193260E+00     1.5888437105E+00     2.8031297661E+00
    6.1250000000E+00     2.6608725865E-01     2.0509054501E+00     1.6128189878E+00     2.8111308747E+00
    6.1300000000E+00     2.7628445360E-01     2.0278297162E+00     1.6361491591E+00     2.8193776719E+00
    6.1350000000E+00     2.8636413600E-01     2.0039021265E+00     1.6588248924E+00     2.8278560502E+00
    6.1400000000E+00     2.9632207232E-01     1.9791330429E+00     1.6808371180E+00     2.8365515063E+00
    6.1450000000E+00     3.0615408175E-01     1.9535331822E+00     1.7021770311E+00     2.8454491646E+00
    6.1500000000E+00     3.1585603791E-01     1.9271136112E+00     1.7228360961E+00     2.8545338021E+00
    6.1550000000E+00     3.2542387065E-01     1.8998857424E+00     1.7428060496E+00     2.8637898730E+00
    6.1600000000E+00     3.3485356771E-01     1.8718613285E+00     1.7620789039E+00     2.8732015347E+00
    6.1650000000E+00     3.4414117646E-01     1.8430524574E+00     1.7806469502E+00     2.8827526736E+00
    6.1700000000E+00     3.5328280550E-01     1.8134715467E+00     1.7985027614E+00     2.8924269321E+00
    6.1750000000E+00     3.6227462638E-01     1.7831313388E+00     1.8156391955E+00     2.9022077348E+00
    6.1800000000E+00     3.7111287512E-01     1.7520448945E+00     1.8320493981E+00     2.9120783169E+00
    6.1850000000E+00     3.7979385384E-01     1.7202255879E+00     1.8477268054E+00     2.9220217509E+00
    6.1900000000E+00     3.8831393232E-01     1.6876871006E+00     1.8626651467E+00     2.9320209752E+00
    6.1950000000E+00     3.9666954948E-01     1.6544434152E+00     1.8768584467E+00     2.9420588219E+00
    6.2000000000E+00     4.0485721490E-01     1.6205088096E+00     1.8903010283E+00     2.9521180455E+00
    6.2050000000E+00     4.1287351028E-01     1.5858978506E+00     1.9029875147E+00     2.9621813512E+00
    6.2100000000E+00     4.2071509086E-01     1.5506253877E+00     1.9149128315E+00     2.9722314233E+00
    6.2150000000E+00     4.2837868682E-01     1.5147065466E+00     1.9260722087E+00     2.9822509544E+00
    6.2200000000E+00     4.3586110465E-01     1.4781567225E+00     1.9364611827E+00     2.9922226735E+00
    6.2250000000E+00     4.4315922846E-01     1.4409915733E+00     1.9460755981E+00     3.0021293749E+00
    6.2300000000E+00     4.5027002133E-01     1.4032270133E+00     1.9549116091E+00     3.0119539465E+00
    6.2350000000E+00     4.5719052648E-01     1.3648792059E+00     1.9629656816E+00     3.0216793984E+00
    6.2400000000E+00     4.6391786861E-01     1.3259645564E+00     1.9702345939E+00     3.0312888906E+00
    6.2450000000E+00     4.7044925501E-01     1.2864997053E+00     1.9767154387E+00     3.0407657613E+00
    6.2500000000E+00     4.7678197675E-01     1.2465015211E+00     1.9824056237E+00     3.0500935546E+00
    6.2550000000E+00     4.8291340979E-01     1.2059870926E+00     1.9873028729E+00     3.0592560473E+00
    6.2600000000E+00     4.8884101607E-01     1.1649737218E+00     1.9914052274E+00     3.0682372763E+00
    6.2650000000E+00     4.9456234459E-01     1.1234789164E+00     1.9947110464E+00     3.0770215646E+00
    6.2700000000E+00     5.0007503233E-01     1.0815203821E+00     1.9972190075E+00     3.0855935480E+00
    6.2750000000E+00     5.0537680533E-01     1.0391160151E+00     1.9989281077E+00     3.0939382000E+00
    6.2800000000E+00     5.1046547953E-01     9.9628389422E-01     1.9998376633E+00     3.1020408569E+00
    6.2850000000E+00     5.1533896175E-01     9.5304227338E-01     1.9999473105E+00     3.1098872424E+00
    6.2900000000E+00     5.1999525045E-01     9.0940957342E-01     1.9992570054E+00     3.1174634910E+00
    6.2950000000E+00     5.2443243663E-01     8.6540437430E-01     1.9977670242E+00     3.1247561714E+00
    6.3000000000E+00     5.2864870456E-01     8.2104540712E-01     1.9954779628E+00     3.1317523086E+00
    6.3050000000E+00     5.3264233252E-01     7.7635154600E-01     1.9923907368E+00     3.1384394055E+00
    6.3100000000E+00     5.3641169353E-01     7.3134180003E-01     1.9885065811E+00     3.1448054637E+00
    6.3150000000E+00     5.3995525593E-01     6.8603530503E-01     1.9838270493E+00     3.1508390039E+00
    6.3200000000E+00     5.4327158407E-01     6.4045131538E-01     1.9783540131E+00     3.1565290843E+00
    6.3250000000E+00     5.4635933885E-01     5.9460919573E-01     1.9720896617E+00     3.1618653193E+00
    6.3300000000E+00     5.4921727824E-01     5.4852841269E-01     1.9650365007E+00     3.1668378970E+00
    6.3350000000E+00     5.5184425779E-01     5.0222852649E-01     1.9571973513E+00     3.1714375950E+00
    6.3400000000E+00     5.5423923107E-01     4.5572918259E-01     1.9485753491E+00     3.1756557965E+00
    6.3450000000E+00     5.5640125005E-01     4.0905010329E-01     1.9391739427E+00     3.1794845041E+00
    6.3500000000E+00     5.5832946552E-01     3.6221107924E-01     1.9289968926E+00     3.1829163536E+00
    6.3550000000E+00     5.6002312735E-01     3.1523196100E-01     1.9180482694E+00     3.1859446263E+00
    6.3600000000E+00     5.6148158481E-01     2.6813265054E-01     1.9063324525E+00     3.1885632599E+00
    6.3650000000E+00     5.6270428677E-01     2.2093309276E-01     1.8938541281E+00     3.1907668593E+00
    6.3700000000E+00     5.6369078195E-01     1.7365326694E-01     1.8806182872E+00     3.1925507051E+00
    6.3750000000E+00     5.6444071900E-01     1.2631317822E-01     1.8666302241E+00     3.1939107622E+00
    6.3800000000E+00     5.6495384667E-01     7.8932849065E-02     1.8518955338E+00     3.1948436860E+00
    6.3850000000E+00     5.6523001381E-01     3.1532310731E-02     1.8364201100E+00     3.1953468285E+00
    6.3900000000E+00     5.6526916948E-01    -1.5868405278E-02     1.8202101426E+00     3.1954182428E+00
    6.3950000000E+00     5.6507136284E-01    -6.3249275738E-02     1.8032721155E+00     3.1950566865E+00
    6.4000000000E+00     5.6463674315E-01    -1.1059029423E-01     1.7856128035E+00     3.1942616237E+00
    6.4050000000E+00     5.6396555963E-01    -1.5787147966E-01     1.7672392702E+00     3.1930332265E+00
    6.4100000000E+00     5.6305816133E-01    -2.0507288472E-01     1.7481588648E+00     3.1913723744E+00
    6.4150000000E+00     5.6191499693E-01    -2.5217460443E-01     1.7283792192E+00     3.1892806533E+00
    6.4200000000E+00     5.6053661453E-01    -2.9915678451E-01     1.7079082449E+00     3.1867603531E+00
    6.4250000000E+00     5.5892366133E-01    -3.4599962989E-01     1.6867541300E+00     3.1838144638E+00
    6.4300000000E+00     5.5707688335E-01    -3.9268341302E-01     1.6649253360E+00     3.1804466710E+00
    6.4350000000E+00     5.5499712507E-01    -4.3918848230E-01     1.6424305941E+00     3.1766613498E+00
    6.4400000000E+00     5.5268532901E-01    -4.8549527038E-01     1.6192789019E+00     3.1724635578E+00
    6.4450000000E+00     5.5014253531E-01    -5.3158430245E-01     1.5954795196E+00     3.1678590268E+00
    6.4500000000E+00     5.4736988122E-01    -5.7743620445E-01     1.5710419668E+00     3.1628541538E+00
    6.4550000000E+00     5.4436860061E-01    -6.2303171130E-01     1.5459760182E+00     3.1574559899E+00
    6.4600000000E+00     5.4114002337E-01    -6.6835167502E-01     1.5202916998E+00     3.1516722296E+00
    6.4650000000E+00     5.3768557482E-01    -7.1337707283E-01     1.4939992850E+00     3.1455111977E+00
    6.4700000000E+00     5.3400677509E-01    -7.5808901514E-01     1.4671092904E+00     3.1389818358E+00
    6.4750000000E+00     5.3010523837E-01    -8.0246875355E-01     1.4396324716E+00     3.1320936877E+00
    6.4800000000E+00     5.2598267225E-01    -8.4649768876E-01     1.4115798191E+00     3.1248568836E+00
    6.4850000000E+00     5.2164087692E-01    -8.9015737834E-01     1.3829625534E+00     3.1172821238E+00
    6.4900000000E+00     5.1708174437E-01    -9.3342954455E-01     1.3537921212E+00     3.1093806609E+00
    6.4950000000E+00     5.1230725755E-01    -9.7629608201E-01     1.3240801901E+00     3.1011642812E+00
    6.5000000000E+00     5.0731948950E-01    -1.0187390653E+00     1.2938386447E+00     3.0926452858E+00
    6.5050000000E+00     5.0212060241E-01    -1.0607407564E+00     1.2630795810E+00     3.0838364698E+00
    6.5100000000E+00     4.9671284669E-01    -1.1022836123E+00     1.2318153023E+00     3.0747511017E+00
    6.5150000000E+00     4.9109855995E-01    -1.1433502923E+00     1.2000583140E+00     3.0654029013E+00
    6.5200000000E+00     4.8528016598E-01    -1.1839236650E+00     1.1678213183E+00     3.0558060173E+00
    6.5250000000E+00     4.7926017370E-01    -1.2239868161E+00     1.1351172096E+00     3.0459750040E+00
    6.5300000000E+00     4.7304117605E-01    -1.2635230547E+00     1.1019590692E+00     3.0359247972E+00
    6.5350000000E+00     4.6662584882E-01    -1.3025159207E+00     1.0683601599E+00     3.0256706897E+00
    6.5400000000E+00     4.6001694954E-01    -1.3409491918E+00     1.0343339208E+00     3.0152283061E+00
    6.5450000000E+00     4.5321731623E-01    -1.3788068899E+00     9.9989396183E-01     3.0046135771E+00
    6.5500000000E+00     4.4622986618E-01    -1.4160732879E+00     9.6505405865E-01     2.9938427130E+00
    6.5550000000E+00     4.3905759467E-01    -1.4527329163E+00     9.2982814672E-01     2.9829321775E+00
    6.5600000000E+00     4.3170357368E-01    -1.4887705697E+00     8.9423031592E-01     2.9718986599E+00
    6.5650000000E+00     4.2417095054E-01    -1.5241713127E+00     8.5827480492E-01     2.9607590481E+00
    6.5700000000E+00     4.1646294655E-01    -1.5589204868E+00     8.2197599544E-01     2.9495304005E+00
    6.5750000000E+00     4.0858285562E-01    -1.5930037157E+00     7.8534840653E-01     2.9382299181E+00
    6.5800000000E+00     4.0053404282E-01    -1.6264069116E+00     7.4840668872E-01     2.9268749157E+00
    6.5850000000E+00     3.9231994293E-01    -1.6591162814E+00     7.1116561822E-01     2.9154827938E+00
    6.5900000000E+00     3.8394405892E-01    -1.6911183316E+00     6.7364009095E-01     2.9040710095E+00
    6.5950000000E+00     3.7540996051E-01    -1.7223998744E+00     6.3584511662E-01     2.8926570481E+00
    6.6000000000E+00     3.6672128254E-01    -1.7529480330E+00     5.9779581273E-01     2.8812583939E+00
    6.6050000000E+00     3.5788172347E-01    -1.7827502469E+00     5.5950739848E-01     2.8698925014E+00
    6.6100000000E+00     3.4889504376E-01    -1.8117942770E+00     5.2099518874E-01     2.8585767667E+00
    6.6150000000E+00     3.3976506424E-01    -1.8400682106E+00     4.8227458786E-01     2.8473284986E+00
    6.6200000000E+00     3.3049566450E-01    -1.8675604663E+00     4.4336108358E-01     2.8361648901E+00
    6.6250000000E+00     3.2109078117E-01    -1.8942597987E+00     4.0427024078E-01     2.8251029900E+00
    6.6300000000E+00     3.1155440628E-01    -1.9201553031E+00     3.6501769527E-01     2.8141596747E+00
    6.6350000000E+00     3.0189058551E-01    -1.9452364197E+00     3.2561914755E-01     2.8033516205E+00
    6.6400000000E+00     2.9210341647E-01    -1.9694929381E+00     2.8609035651E-01     2.7926952758E+00
    6.6450000000E+00     2.8219704694E-01    -1.9929150013E+00     2.4644713314E-01     2.7822068341E+00
    6.6500000000E+00     2.7217567310E-01    -2.0154931095E+00     2.0670533421E-01     2.7719022075E+00
    6.6550000000E+00     2.6204353772E-01    -2.0372181245E+00     1.6688085590E-01     2.7617969999E+00
    6.6600000000E+00     2.5180492836E-01    -2.0580812726E+00     1.2698962747E-01     2.7519064817E+00
    6.6650000000E+00     2.4146417551E-01    -2.0780741487E+00     8.7047604884E-02     2.7422455643E+00
    6.6700000000E+00     2.3102565077E-01    -2.0971887195E+00     4.7070764416E-02     2.7328287756E+00
    6.6750000000E+00     2.2049376498E-01    -2.1154173263E+00     7.0750962708E-03     2.7236702361E+00
    6.6800000000E+00     2.0987296631E-01    -2.1327526886E+00    -3.2923401819E-02     2.7147836351E+00
    6.6850000000E+00     1.9916773839E-01    -2.1491879066E+00    -7.2908730987E-02     2.7061822090E+00
    6.6900000000E+00     1.8838259840E-01    -2.1647164640E+00    -1.1286489763E-01     2.6978787185E+00
    6.6950000000E+00     1.7752209513E-01    -2.1793322305E+00    -1.5277591983E-01     2.6898854280E+00
    6.7000000000E+00     1.6659080704E-01    -2.1930294642E+00    -1.9262583369E-01     2.6822140854E+00
    6.7050000000E+00     1.5559334035E-01    -2.2058028139E+00    -2.3239869979E-01     2.6748759025E+00
    6.7100000000E+00     1.4453432704E-01    -2.2176473207E+00    -2.7207860950E-01     2.6678815365E+00
    6.7150000000E+00     1.3341842288E-01    -2.2285584206E+00    -3.1164969140E-01     2.6612410726E+00
    6.7200000000E+00     1.2225030552E-01    -2.2385319454E+00    -3.5109611758E-01     2.6549640072E+00
    6.7250000000E+00     1.1103467240E-01    -2.2475641247E+00    -3.9040211000E-01     2.6490592321E+00
    6.7300000000E+00     9.9776238858E-02    -2.2556515873E+00    -4.2955194677E-01     2.6435350200E+00
    6.7350000000E+00     8.8479736068E-02    -2.2627913620E+00    -4.6852996849E-01     2.6383990110E+00
    6.7400000000E+00     7.7149909062E-02    -2.2689808791E+00    -5.0732058447E-01     2.6336581995E+00
    6.7450000000E+00     6.5791514714E-02    -2.2742179707E+00    -5.4590827899E-01     2.6293189232E+00
    6.7500000000E+00     5.4409319733E-02    -2.2785008718E+00    -5.8427761747E-01     2.6253868521E+00
    6.7550000000E+00     4.3008098645E-02    -2.2818282207E+00    -6.2241325269E-01     2.6218669798E+00
    6.7600000000E+00     3.1592631772E-02    -2.2841990591E+00    -6.6029993091E-01     2.6187636146E+00
    6.7650000000E+00     2.0167703223E-02    -2.2856128326E+00    -6.9792249796E-01     2.6160803728E+00
    6.7700000000E+00     8.7380988669E-03    -2.2860693904E+00    -7.3526590532E-01     2.6138201726E+00
    6.7750000000E+00    -2.6913956819E-03    -2.2855689854E+00    -7.7231521612E-01     2.6119852295E+00
    6.7800000000E+00    -1.4115997081E-02    -2.2841122733E+00    -8.0905561113E-01     2.6105770523E+00
    6.7850000000E+00    -2.5530926274E-02    -2.2817003129E+00    -8.4547239469E-01     2.6095964409E+00
    6.7900000000E+00    -3.6931410503E-02    -2.2783345645E+00    -8.8155100055E-01     2.6090434848E+00
    6.7950000000E+00    -4.8312685315E-02    -2.2740168898E+00    -9.1727699778E-01     2.6089175633E+00
    6.8000000000E+00    -5.9669996566E-02    -2.2687495504E+00    -9.5263609643E-01     2.6092173460E+00
    6.8050000000E+00    -7.0998602418E-02    -2.2625352065E+00    -9.8761415335E-01     2.6099407957E+00
    6.8100000000E+00    -8.2293775327E-02    -2.2553769160E+00    -1.0221971778E+00     2.6110851712E+00
    6.8150000000E+00    -9.3550804031E-02    -2.2472781326E+00    -1.0563713369E+00     2.6126470321E+00
    6.8200000000E+00    -1.0476499552E-01    -2.2382427042E+00    -1.0901229617E+00     2.6146222444E+00
    6.8250000000E+00    -1.1593167701E-01    -2.2282748710E+00    -1.1234385518E+00     2.6170059877E+00
    6.8300000000E+00    -1.2704619788E-01    -2.2173792632E+00    -1.1563047814E+00     2.6197927625E+00
    6.8350000000E+00    -1.3810393165E-01    -2.2055608995E+00    -1.1887085045E+00     2.6229764001E+00
    6.8400000000E+00    -1.4910027790E-01    -2.1928251839E+00    -1.2206367601E+00     2.6265500722E+00
    6.8450000000E+00    -1.6003066416E-01    -2.1791779035E+00    -1.2520767773E+00     2.6305063024E+00
    6.8500000000E+00    -1.7089054788E-01    -2.1646252263E+00    -1.2830159804E+00     2.6348369787E+00
    6.8550000000E+00    -1.8167541828E-01    -2.1491736974E+00    -1.3134419943E+00     2.6395333668E+00
    6.8600000000E+00    -1.9238079825E-01    -2.1328302366E+00    -1.3433426489E+00     2.6445861245E+00
    6.8650000000E+00    -2.0300224619E-01    -2.1156021354E+00    -1.3727059843E+00     2.6499853172E+00
    6.8700000000E+00    -2.1353535791E-01    -2.0974970529E+00    -1.4015202556E+00     2.6557204343E+00
    6.8750000000E+00    -2.2397576841E-01    -2.0785230133E+00    -1.4297739376E+00     2.6617804067E+00
    6.8800000000E+00    -2.3431915370E-01    -2.0586884015E+00    -1.4574557290E+00     2.6681536251E+00
    6.8850000000E+00    -2.4456123265E-01    -2.0380019596E+00    -1.4845545575E+00     2.6748279588E+00
    6.8900000000E+00    -2.5469776869E-01    -2.0164727831E+00    -1.5110595840E+00     2.6817907762E+00
    6.8950000000E+00    -2.6472457161E-01    -1.9941103167E+00    -1.5369602069E+00     2.6890289657E+00
    6.9000000000E+00    -2.7463749930E-01    -1.9709243500E+00    -1.5622460661E+00     2.6965289569E+00
    6.9050000000E+00    -2.8443245945E-01    -1.9469250133E+00    -1.5869070478E+00     2.7042767435E+00
    6.9100000000E+00    -2.9410541122E-01    -1.9221227730E+00    -1.6109332877E+00     2.7122579063E+00
    6.9150000000E+00    -3.0365236695E-01    -1.8965284270E+00    -1.6343151759E+00     2.7204576368E+00
    6.9200000000E+00    -3.1306939380E-01    -1.8701531000E+00    -1.6570433598E+00     2.7288607620E+00
    6.9250000000E+00    -3.2235261535E-01    -1.8430082382E+00    -1.6791087484E+00     2.7374517693E+00
    6.9300000000E+00    -3.3149821319E-01    -1.8151056049E+00    -1.7005025159E+00     2.7462148319E+00
    6.9350000000E+00    -3.4050242852E-01    -1.7864572748E+00    -1.7212161051E+00     2.7551338356E+00
    6.9400000000E+00    -3.4936156370E-01    -1.7570756288E+00    -1.7412412307E+00     2.7641924045E+00
    6.9450000000E+00    -3.5807198371E-01    -1.7269733488E+00    -1.7605698831E+00     2.7733739290E+00
    6.9500000000E+00    -3.6663011771E-01    -1.6961634120E+00    -1.7791943311E+00     2.7826615923E+00
    6.9550000000E+00    -3.7503246047E-01    -1.6646590851E+00    -1.7971071250E+00     2.7920383988E+00
    6.9600000000E+00    -3.8327557379E-01    -1.6324739186E+00    -1.8143011000E+00     2.8014872020E+00
    6.9650000000E+00    -3.9135608793E-01    -1.5996217410E+00    -1.8307693788E+00     2.8109907328E+00
    6.9700000000E+00    -3.9927070298E-01    -1.5661166528E+00    -1.8465053742E+00     2.8205316277E+00
    6.9750000000E+00    -4.0701619018E-01    -1.5319730201E+00    -1.8615027921E+00     2.8300924579E+00
    6.9800000000E+00    -4.1458939328E-01    -1.4972054686E+00    -1.8757556337E+00     2.8396557578E+00
    6.9850000000E+00    -4.2198722977E-01    -1.4618288773E+00    -1.8892581981E+00     2.8492040541E+00
    6.9900000000E+00    -4.2920669216E-01    -1.4258583717E+00    -1.9020050844E+00     2.8587198940E+00
    6.9950000000E+00    -4.3624484920E-01    -1.3893093177E+00    -1.9139911940E+00     2.8681858747E+00
    7.0000000000E+00    -4.4309884705E-01    -1.3521973148E+00    -1.9252117326E+00     2.8775846716E+00
    7.0050000000E+00    -4.4976591045E-01    -1.3145381891E+00    -1.9356622122E+00     2.8868990673E+00
    7.0100000000E+00    -4.5624334379E-01    -1.2763479869E+00    -1.9453384528E+00     2.8961119794E+00
    7.0150000000E+00    -4.6252853226E-01    -1.2376429677E+00    -1.9542365839E+00     2.9052064893E+00
    7.0200000000E+00    -4.6861894285E-01    -1.1984395968E+00    -1.9623530464E+00     2.9141658695E+00
    7.0250000000E+00    -4.7451212538E-01    -1.1587545387E+00    -1.9696845939E+00     2.9229736118E+00
    7.0300000000E+00    -4.8020571349E-01    -1.1186046497E+00    -1.9762282938E+00     2.9316134539E+00
    7.0350000000E+00    -4.8569742554E-01    -1.0780069709E+00    -1.9819815287E+00     2.9400694064E+00
    7.0400000000E+00    -4.9098506556E-01    -1.0369787205E+00    -1.9869419974E+00     2.9483257793E+00
    7.0450000000E+00    -4.9606652408E-01    -9.9553728672E-01    -1.9911077159E+00     2.9563672078E+00
    7.0500000000E+00    -5.0093977901E-01    -9.5370022044E-01    -1.9944770178E+00     2.9641786772E+00
    7.0550000000E+00    -5.0560289639E-01    -9.1148522742E-01    -1.9970485554E+00     2.9717455483E+00
    7.0600000000E+00    -5.1005403115E-01    -8.6891016090E-01    -1.9988213003E+00     2.9790535807E+00
    7.0650000000E+00    -5.1429142784E-01    -8.2599301398E-01    -1.9997945433E+00     2.9860889571E+00
    7.0700000000E+00    -5.1831342134E-01    -7.8275191192E-01    -1.9999678952E+00     2.9928383053E+00
    7.0750000000E+00    -5.2211843744E-01    -7.3920510442E-01    -1.9993412866E+00     2.9992887203E+00
    7.0800000000E+00    -5.2570499347E-01    -6.9537095788E-01    -1.9979149681E+00     3.0054277862E+00
    7.0850000000E+00    -5.2907169890E-01    -6.5126794756E-01    -1.9956895102E+00     3.0112435955E+00
    7.0900000000E+00    -5.3221725579E-01    -6.0691464976E-01    -1.9926658032E+00     3.0167247697E+00
    7.0950000000E+00    -5.3514045935E-01    -5.6232973391E-01    -1.9888450564E+00     3.0218604772E+00
    7.1000000000E+00    -5.3784019835E-01    -5.1753195468E-01    -1.9842287981E+00     3.0266404516E+00
    7.1050000000E+00    -5.4031545551E-01    -4.7254014400E-01    -1.9788188748E+00     3.0310550084E+00
    7.1100000000E+00    -5.4256530790E-01    -4.2737320312E-01    -1.9726174503E+00     3.0350950607E+00
    7.1150000000E+00    -5.4458892725E-01    -3.8205009458E-01    -1.9656270051E+00     3.0387521342E+00
    7.1200000000E+00    -5.4638558025E-01    -3.3658983424E-01    -1.9578503353E+00     3.0420183813E+00
    7.1250000000E+00    -5.4795462877E-01    -2.9101148319E-01    -1.9492905514E+00     3.0448865936E+00
    7.1300000000E+00    -5.4929553009E-01    -2.4533413977E-01    -1.9399510774E+00     3.0473502139E+00
    7.1350000000E+00    -5.5040783706E-01    -1.9957693148E-01    -1.9298356488E+00     3.0494033468E+00
    7.1400000000E+00    -5.5129119821E-01    -1.5375900690E-01    -1.9189483116E+00     3.0510407684E+00
    7.1450000000E+00    -5.5194535787E-01    -1.0789952771E-01    -1.9072934207E+00     3.0522579348E+00
    7.1500000000E+00    -5.5237015618E-01    -6.2017660533E-02    -1.8948756379E+00     3.0530509895E+00
    7.1550000000E+00    -5.5256552911E-01    -1.6132568953E-02    -1.8816999301E+00     3.0534167695E+00
    7.1600000000E+00    -5.5253150842E-01     2.9736594565E-02    -1.8677715674E+00     3.0533528105E+00
    7.1650000000E+00    -5.5226822160E-01     7.5570696701E-02    -1.8530961210E+00     3.0528573510E+00
    7.1700000000E+00    -5.5177589174E-01     1.2135063130E-01    -1.8376794608E+00     3.0519293349E+00
    7.1750000000E+00    -5.5105483736E-01     1.6705732739E-01    -1.8215277534E+00     3.0505684131E+00
    7.1800000000E+00    -5.5010547225E-01     2.1267175711E-01    -1.8046474591E+00     3.0487749442E+00
    7.1850000000E+00    -5.4892830521E-01     2.5817494376E-01    -1.7870453299E+00     3.0465499934E+00
    7.1900000000E+00    -5.4752393976E-01     3.0354796962E-01    -1.7687284064E+00     3.0438953310E+00
    7.1950000000E+00    -5.4589307388E-01     3.4877198393E-01    -1.7497040152E+00     3.0408134294E+00
    7.2000000000E+00    -5.4403649958E-01     3.9382821070E-01    -1.7299797656E+00     3.0373074585E+00
    7.2050000000E+00    -5.4195510259E-01     4.3869795658E-01    -1.7095635473E+00     3.0333812807E+00
    7.2100000000E+00    -5.3964986184E-01     4.8336261858E-01    -1.6884635263E+00     3.0290394444E+00
    7.2150000000E+00    -5.3712184907E-01     5.2780369187E-01    -1.6666881423E+00     3.0242871760E+00
    7.2200000000E+00    -5.3437222825E-01     5.7200277741E-01    -1.6442461054E+00     3.0191303720E+00
    7.2250000000E+00    -5.3140225510E-01     6.1594158965E-01    -1.6211463919E+00     3.0135755882E+00
    7.2300000000E+00    -5.2821327644E-01     6.5960196406E-01    -1.5973982415E+00     3.0076300296E+00
    7.2350000000E+00    -5.2480672960E-01     7.0296586468E-01    -1.5730111531E+00     3.0013015378E+00
    7.2400000000E+00    -5.2118414177E-01     7.4601539159E-01    -1.5479948813E+00     2.9945985786E+00
    7.2450000000E+00    -5.1734712926E-01     7.8873278829E-01    -1.5223594321E+00     2.9875302272E+00
    7.2500000000E+00    -5.1329739681E-01     8.3110044908E-01    -1.4961150594E+00     2.9801061539E+00
    7.2550000000E+00    -5.0903673677E-01     8.7310092626E-01    -1.4692722606E+00     2.9723366076E+00
    7.2600000000E+00    -5.0456702835E-01     9.1471693739E-01    -1.4418417726E+00     2.9642323988E+00
    7.2650000000E+00    -4.9989023672E-01     9.5593137235E-01    -1.4138345670E+00     2.9558048820E+00
    7.2700000000E+00    -4.9500841217E-01     9.9672730043E-01    -1.3852618465E+00     2.9470659369E+00
    7.2750000000E+00    -4.8992368917E-01     1.0370879772E+00    -1.3561350397E+00     2.9380279483E+00
    7.2800000000E+00    -4.8463828543E-01     1.0769968516E+00    -1.3264657970E+00     2.9287037863E+00
    7.2850000000E+00    -4.7915450094E-01     1.1164375724E+00    -1.2962659856E+00     2.9191067842E+00
    7.2900000000E+00    -4.7347471690E-01     1.1553939951E+00    -1.2655476851E+00     2.9092507175E+00
    7.2950000000E+00    -4.6760139474E-01     1.1938501886E+00    -1.2343231825E+00     2.8991497800E+00
    7.3000000000E+00    -4.6153707495E-01     1.2317904415E+00    -1.2026049670E+00     2.8888185615E+00
    7.3050000000E+00    -4.5528437607E-01     1.2691992687E+00    -1.1704057255E+00     2.8782720227E+00
    7.3100000000E+00    -4.4884599344E-01     1.3060614174E+00    -1.1377383374E+00     2.8675254713E+00
    7.3150000000E+00    -4.4222469809E-01     1.3423618739E+00    -1.1046158691E+00     2.8565945363E+00
    7.3200000000E+00    -4.3542333551E-01     1.3780858691E+00    -1.0710515692E+00     2.8454951423E+00
    7.3250000000E+00    -4.2844482440E-01     1.4132188847E+00    -1.0370588629E+00     2.8342434836E+00
    7.3300000000E+00    -4.2129215543E-01     1.4477466592E+00    -1.0026513470E+00     2.8228559969E+00
    7.3350000000E+00    -4.1396838992E-01     1.4816551935E+00    -9.6784278381E-01     2.8113493348E+00
    7.3400000000E+00    -4.0647665849E-01     1.5149307567E+00    -9.3264709646E-01     2.7997403378E+00
    7.3450000000E+00    -3.9882015978E-01     1.5475598915E+00    -8.9707836270E-01     2.7880460073E+00
    7.3500000000E+00    -3.9100215897E-01     1.5795294197E+00    -8.6115080955E-01     2.7762834770E+00
    7.3550000000E+00    -3.8302598646E-01     1.6108264474E+00    -8.2487880757E-01     2.7644699848E+00
    7.3600000000E+00    -3.7489503638E-01     1.6414383703E+00    -7.8827686506E-01     2.7526228448E+00
    7.3650000000E+00    -3.6661276516E-01     1.6713528788E+00    -7.5135962231E-01     2.7407594184E+00
    7.3700000000E+00    -3.5818269002E-01     1.7005579625E+00    -7.1414184574E-01     2.7288970862E+00
    7.3750000000E+00    -3.4960838747E-01     1.7290419156E+00    -6.7663842194E-01     2.7170532187E+00
    7.3800000000E+00    -3.4089349179E-01     1.7567933409E+00    -6.3886435180E-01     2.7052451488E+00
    7.3850000000E+00    -3.3204169346E-01     1.7838011551E+00    -6.0083474444E-01     2.6934901424E+00
    7.3900000000E+00    -3.2305673758E-01     1.8100545923E+00    -5.6256481119E-01     2.6818053705E+00
    7.3950000000E+00    -3.1394242229E-01     1.8355432089E+00    -5.2406985952E-01     2.6702078810E+00
    7.4000000000E+00    -3.0470259711E-01     1.8602568875E+00    -4.8536528689E-01     2.6587145707E+00
    7.4050000000E+00    -2.9534116134E-01     1.8841858408E+00    -4.4646657461E-01     2.6473421572E+00
    7.4100000000E+00    -2.8586206238E-01     1.9073206156E+00    -4.0738928166E-01     2.6361071524E+00
    7.4150000000E+00    -2.7626929406E-01     1.9296520961E+00    -3.6814903843E-01     2.6250258343E+00
    7.4200000000E+00    -2.6656689492E-01     1.9511715079E+00    -3.2876154050E-01     2.6141142214E+00
    7.4250000000E+00    -2.5675894653E-01     1.9718704214E+00    -2.8924254232E-01     2.6033880456E+00
    7.4300000000E+00    -2.4684957173E-01     1.9917407544E+00    -2.4960785099E-01     2.5928627269E+00
    7.4350000000E+00    -2.3684293289E-01     2.0107747759E+00    -2.0987331985E-01     2.5825533483E+00
    7.4400000000E+00    -2.2674323017E-01     2.0289651088E+00    -1.7005484218E-01     2.5724746307E+00
    7.4450000000E+00    -2.1655469971E-01     2.0463047326E+00    -1.3016834483E-01     2.5626409090E+00
    7.4500000000E+00    -2.0628161185E-01     2.0627869861E+00    -9.0229781890E-02     2.5530661088E+00
    7.4550000000E+00    -1.9592826936E-01     2.0784055699E+00    -5.0255128236E-02     2.5437637238E+00
    7.4600000000E+00    -1.8549900555E-01     2.0931545488E+00    -1.0260373200E-02     2.5347467933E+00
    7.4650000000E+00    -1.7499818255E-01     2.1070283540E+00     2.9738485848E-02     2.5260278813E+00
    7.4700000000E+00    -1.6443018936E-01     2.1200217848E+00     6.9725449899E-02     2.5176190558E+00
    7.4750000000E+00    -1.5379944010E-01     2.1321300110E+00     1.0968452470E-01     2.5095318696E+00
    7.4800000000E+00    -1.4311037208E-01     2.1433485741E+00     1.4959972715E-01     2.5017773409E+00
    7.4850000000E+00    -1.3236744399E-01     2.1536733891E+00     1.8945509171E-01     2.4943659358E+00
    7.4900000000E+00    -1.2157513401E-01     2.1631007461E+00     2.2923467675E-01     2.4873075510E+00
    7.4950000000E+00    -1.1073793791E-01     2.1716273112E+00     2.6892257099E-01     2.4806114983E+00
    7.5000000000E+00    -9.9860367203E-02     2.1792501276E+00     3.0850289977E-01     2.4742864886E+00
    7.5050000000E+00    -8.8946947238E-02     2.1859666167E+00     3.4795983152E-01     2.4683406188E+00
    7.5100000000E+00    -7.8002215306E-02     2.1917745788E+00     3.8727758397E-01     2.4627813582E+00
    7.5150000000E+00    -6.7030718753E-02     2.1966721938E+00     4.2644043054E-01     2.4576155362E+00
    7.5200000000E+00    -5.6037013072E-02     2.2006580214E+00     4.6543270664E-01     2.4528493319E+00
    7.5250000000E+00    -4.5025660009E-02     2.2037310015E+00     5.0423881585E-01     2.4484882640E+00
    7.5300000000E+00    -3.4001225660E-02     2.2058904544E+00     5.4284323626E-01     2.4445371819E+00
    7.5350000000E+00    -2.2968278567E-02     2.2071360808E+00     5.8123052662E-01     2.4410002577E+00
    7.5400000000E+00    -1.1931387820E-02     2.2074679613E+00     6.1938533251E-01     2.4378809803E+00
    7.5450000000E+00    -8.9512115411E-04     2.2068865566E+00     6.5729239253E-01     2.4351821493E+00
    7.5500000000E+00     1.0135956946E-02     2.2053927064E+00     6.9493654436E-01     2.4329058709E+00
    7.5550000000E+00     2.1157287140E-02     2.2029876290E+00     7.3230273084E-01     2.4310535548E+00
    7.5600000000E+00     3.2164317127E-02     2.1996729207E+00     7.6937600598E-01     2.4296259120E+00
    7.5650000000E+00     4.3152503527E-02     2.1954505543E+00     8.0614154098E-01     2.4286229539E+00
    7.5700000000E+00     5.4117313764E-02     2.1903228786E+00     8.4258463012E-01     2.4280439927E+00
    7.5750000000E+00     6.5054227945E-02     2.1842926163E+00     8.7869069663E-01     2.4278876426E+00
    7.5800000000E+00     7.5958740720E-02     2.1773628635E+00     9.1444529859E-01     2.4281518226E+00
    7.5850000000E+00     8.6826363151E-02     2.1695370872E+00     9.4983413461E-01     2.4288337598E+00
    7.5900000000E+00     9.7652624559E-02     2.1608191242E+00     9.8484304965E-01     2.4299299947E+00
    7.5950000000E+00     1.0843307437E-01     2.1512131789E+00     1.0194580406E+00     2.4314363867E+00
    7.6000000000E+00     1.1916328394E-01     2.1407238212E+00     1.0536652619E+00     2.4333481216E+00
    7.6050000000E+00     1.2983884839E-01     2.1293559843E+00     1.0874510312E+00     2.4356597194E+00
    7.6100000000E+00     1.4045538842E-01     2.1171149626E+00     1.1208018345E+00     2.4383650438E+00
    7.6150000000E+00     1.5100855208E-01     2.1040064089E+00     1.1537043321E+00     2.4414573124E+00
    7.6200000000E+00     1.6149401658E-01     2.0900363319E+00     1.1861453633E+00     2.4449291082E+00
    7.6250000000E+00     1.7190749007E-01     2.0752110931E+00     1.2181119522E+00     2.4487723920E+00
    7.6300000000E+00     1.8224471338E-01     2.0595374044E+00     1.2495913126E+00     2.4529785156E+00
    7.6350000000E+00     1.9250146175E-01     2.0430223245E+00     1.2805708530E+00     2.4575382369E+00
    7.6400000000E+00     2.0267354659E-01     2.0256732559E+00     1.3110381823E+00     2.4624417346E+00
    7.6450000000E+00     2.1275681718E-01     2.0074979414E+00     1.3409811137E+00     2.4676786250E+00
    7.6500000000E+00     2.2274716234E-01     1.9885044609E+00     1.3703876705E+00     2.4732379789E+00
    7.6550000000E+00     2.3264051215E-01     1.9687012274E+00     1.3992460906E+00     2.4791083404E+00
    7.6600000000E+00     2.4243283955E-01     1.9480969833E+00     1.4275448309E+00     2.4852777451E+00
    7.6650000000E+00     2.5212016203E-01     1.9267007965E+00     1.4552725722E+00     2.4917337407E+00
    7.6700000000E+00     2.6169854321E-01     1.9045220565E+00     1.4824182240E+00     2.4984634071E+00
    7.6750000000E+00     2.7116409447E-01     1.8815704700E+00     1.5089709282E+00     2.5054533782E+00
    7.6800000000E+00     2.8051297649E-01     1.8578560568E+00     1.5349200642E+00     2.5126898636E+00
    7.6850000000E+00     2.8974140083E-01     1.8333891450E+00     1.5602552526E+00     2.5201586721E+00
    7.6900000000E+00     2.9884563145E-01     1.8081803670E+00     1.5849663597E+00     2.5278452341E+00
    7.6950000000E+00     3.0782198623E-01     1.7822406542E+00     1.6090435015E+00     2.5357346269E+00
    7.7000000000E+00     3.1666683844E-01     1.7555812329E+00     1.6324770472E+00     2.5438115983E+00
    7.7050000000E+00     3.2537661820E-01     1.7282136186E+00     1.6552576239E+00     2.5520605924E+00
    7.7100000000E+00     3.3394781393E-01     1.7001496115E+00     1.6773761197E+00     2.5604657750E+00
    7.7150000000E+00     3.4237697375E-01     1.6714012913E+00     1.6988236873E+00     2.5690110597E+00
    7.7200000000E+00     3.5066070687E-01     1.6419810117E+00     1.7195917481E+00     2.5776801347E+00
    7.7250000000E+00     3.5879568493E-01     1.6119013952E+00     1.7396719952E+00     2.5864564892E+00
    7.7300000000E+00     3.6677864336E-01     1.5811753278E+00     1.7590563966E+00     2.5953234409E+00
    7.7350000000E+00     3.7460638266E-01     1.5498159529E+00     1.7777371990E+00     2.6042641633E+00
    7.7400000000E+00     3.8227576967E-01     1.5178366662E+00     1.7957069301E+00     2.6132617134E+00
    7.7450000000E+00     3.8978373883E-01     1.4852511095E+00     1.8129584025E+00     2.6222990598E+00
    7.7500000000E+00     3.9712729342E-01     1.4520731651E+00     1.8294847156E+00     2.6313591102E+00
    7.7550000000E+00     4.0430350667E-01     1.4183169495E+00     1.8452792593E+00     2.6404247397E+00
    7.7600000000E+00     4.1130952300E-01     1.3839968078E+00     1.8603357158E+00     2.6494788192E+00
    7.7650000000E+00     4.1814255911E-01     1.3491273072E+00     1.8746480629E+00     2.6585042429E+00
    7.7700000000E+00     4.2479990508E-01     1.3137232306E+00     1.8882105757E+00     2.6674839569E+00
    7.7750000000E+00     4.3127892542E-01     1.2777995710E+00     1.9010178295E+00     2.6764009870E+00
    7.7800000000E+00     4.3757706012E-01     1.2413715243E+00     1.9130647015E+00     2.6852384661E+00
    7.7850000000E+00     4.4369182564E-01     1.2044544831E+00     1.9243463731E+00     2.6939796624E+00
    7.7900000000E+00     4.4962081590E-01     1.1670640305E+00     1.9348583319E+00     2.7026080066E+00
    7.7950000000E+00     4.5536170318E-01     1.1292159328E+00     1.9445963731E+00     2.7111071186E+00
    7.8000000000E+00     4.6091223904E-01     1.0909261333E+00     1.9535566017E+00     2.7194608351E+00
    7.8050000000E+00     4.6627025518E-01     1.0522107454E+00     1.9617354337E+00     2.7276532350E+00
    7.8100000000E+00     4.7143366428E-01     1.0130860458E+00     1.9691295976E+00     2.7356686663E+00
    7.8150000000E+00     4.7640046081E-01     9.7356846757E-01     1.9757361360E+00     2.7434917712E+00
    7.8200000000E+00     4.8116872178E-01     9.3367459303E-01     1.9815524063E+00     2.7511075110E+00
    7.8250000000E+00     4.8573660744E-01     8.9342114707E-01     1.9865760820E+00     2.7585011911E+00
    7.8300000000E+00     4.9010236204E-01     8.5282498987E-01     1.9908051538E+00     2.7656584845E+00
    7.8350000000E+00     4.9426431445E-01     8.1190310990E-01     1.9942379301E+00     2.7725654553E+00
    7.8400000000E+00     4.9822087877E-01     7.7067261668E-01     1.9968730377E+00     2.7792085815E+00
    7.8450000000E+00     5.0197055495E-01     7.2915073365E-01     1.9987094228E+00     2.7855747766E+00
    7.8500000000E+00     5.0551192933E-01     6.8735479092E-01     1.9997463508E+00     2.7916514112E+00
    7.8550000000E+00     5.0884367513E-01     6.4530221799E-01     1.9999834069E+00     2.7974263335E+00
    7.8600000000E+00     5.1196455298E-01     6.0301053643E-01     1.9994204963E+00     2.8028878886E+00
    7.8650000000E+00     5.1487341132E-01     5.6049735257E-01     1.9980578442E+00     2.8080249379E+00
    7.8700000000E+00     5.1756918680E-01     5.1778035012E-01     1.9958959955E+00     2.8128268767E+00
    7.8750000000E+00     5.2005090470E-01     4.7487728278E-01     1.9929358151E+00     2.8172836516E+00
    7.8800000000E+00     5.2231767921E-01     4.3180596684E-01     1.9891784869E+00     2.8213857766E+00
    7.8850000000E+00     5.2436871373E-01     3.8858427373E-01     1.9846255139E+00     2.8251243483E+00
    7.8900000000E+00     5.2620330118E-01     3.4523012258E-01     1.9792787171E+00     2.8284910604E+00
    7.8950000000E+00     5.2782082412E-01     3.0176147279E-01     1.9731402352E+00     2.8314782170E+00
    7.9000000000E+00     5.2922075506E-01     2.5819631651E-01     1.9662125235E+00     2.8340787448E+00
    7.9050000000E+00     5.3040265647E-01     2.1455267123E-01     1.9584983531E+00     2.8362862043E+00
    7.9100000000E+00     5.3136618101E-01     1.7084857225E-01     1.9500008094E+00     2.8380948006E+00
    7.9150000000E+00     5.3211107152E-01     1.2710206523E-01     1.9407232913E+00     2.8394993918E+00
    7.9200000000E+00     5.3263716107E-01     8.3331198705E-02     1.9306695099E+00     2.8404954978E+00
    7.9250000000E+00     5.3294437298E-01     3.9554016651E-02     1.9198434863E+00     2.8410793070E+00
    7.9300000000E+00     5.3303272077E-01    -4.2114490140E-03     1.9082495510E+00     2.8412476822E+00
    7.9350000000E+00     5.3290230804E-01    -4.7947185850E-02     1.8958923413E+00     2.8409981655E+00
    7.9400000000E+00     5.3255332844E-01    -9.1635208328E-02     1.8827768000E+00     2.8403289820E+00
    7.9450000000E+00     5.3198606541E-01    -1.3525756524E-01     1.8689081730E+00     2.8392390424E+00
    7.9500000000E+00     5.3120089209E-01    -1.7879634709E-01     1.8542920077E+00     2.8377279444E+00
    7.9550000000E+00     5.3019827101E-01    -2.2223369344E-01     1.8389341503E+00     2.8357959731E+00
    7.9600000000E+00     5.2897875390E-01    -2.6555180029E-01     1.8228407437E+00     2.8334441000E+00
    7.9650000000E+00     5.2754298132E-01    -3.0873292731E-01     1.8060182252E+00     2.8306739816E+00
    7.9700000000E+00     5.2589168238E-01    -3.5175940519E-01     1.7884733234E+00     2.8274879556E+00
    7.9750000000E+00     5.2402567435E-01    -3.9461364280E-01     1.7702130562E+00     2.8238890373E+00
    7.9800000000E+00     5.2194586221E-01    -4.3727813446E-01     1.7512447273E+00     2.8198809143E+00
    7.9850000000E+00     5.1965323829E-01    -4.7973546702E-01     1.7315759239E+00     2.8154679398E+00
    7.9900000000E+00     5.1714888168E-01    -5.2196832699E-01     1.7112145133E+00     2.8106551255E+00
    7.9950000000E+00     5.1443395783E-01    -5.6395950764E-01     1.6901686396E+00     2.8054481329E+00
    8.0000000000E+00     5.1150971791E-01    -6.0569191594E-01     1.6684467210E+00     2.7998532637E+00
    8.0050000000E+00     5.0837749827E-01    -6.4714857954E-01     1.6460574460E+00     2.7938774495E+00
    8.0100000000E+00     5.0503871979E-01    -6.8831265367E-01     1.6230097699E+00     2.7875282395E+00
    8.0150000000E+00     5.0149488726E-01    -7.2916742797E-01     1.5993129116E+00     2.7808137884E+00
    8.0200000000E+00     4.9774758865E-01    -7.6969633327E-01     1.5749763494E+00     2.7737428428E+00
    8.0250000000E+00     4.9379849443E-01    -8.0988294826E-01     1.5500098177E+00     2.7663247260E+00
    8.0300000000E+00     4.8964935679E-01    -8.4971100618E-01     1.5244233027E+00     2.7585693230E+00
    8.0350000000E+00     4.8530200883E-01    -8.8916440134E-01     1.4982270388E+00     2.7504870641E+00
    8.0400000000E+00     4.8075836380E-01    -9.2822719567E-01     1.4714315040E+00     2.7420889071E+00
    8.0450000000E+00     4.7602041418E-01    -9.6688362507E-01     1.4440474162E+00     2.7333863194E+00
    8.0500000000E+00     4.7109023083E-01    -1.0051181058E+00     1.4160857287E+00     2.7243912591E+00
    8.0550000000E+00     4.6596996206E-01    -1.0429152407E+00     1.3875576258E+00     2.7151161551E+00
    8.0600000000E+00     4.6066183270E-01    -1.0802598255E+00     1.3584745183E+00     2.7055738864E+00
    8.0650000000E+00     4.5516814310E-01    -1.1171368545E+00     1.3288480392E+00     2.6957777608E+00
    8.0700000000E+00     4.4949126812E-01    -1.1535315273E+00     1.2986900385E+00     2.6857414934E+00
    8.0750000000E+00     4.4363365611E-01    -1.1894292540E+00     1.2680125791E+00     2.6754791834E+00
    8.0800000000E+00     4.3759782781E-01    -1.2248156612E+00     1.2368279317E+00     2.6650052910E+00
    8.0850000000E+00     4.3138637531E-01    -1.2596765981E+00     1.2051485695E+00     2.6543346139E+00
    8.0900000000E+00     4.2500196086E-01    -1.2939981416E+00     1.1729871640E+00     2.6434822625E+00
    8.0950000000E+00     4.1844731574E-01    -1.3277666022E+00     1.1403565792E+00     2.6324636354E+00
    8.1000000000E+00     4.1172523910E-01    -1.3609685292E+00     1.1072698671E+00     2.6212943938E+00
    8.1050000000E+00     4.0483859672E-01    -1.3935907161E+00     1.0737402617E+00     2.6099904360E+00
    8.1100000000E+00     3.9779031981E-01    -1.4256202060E+00     1.0397811746E+00     2.5985678712E+00
    8.1150000000E+00     3.9058340370E-01    -1.4570442961E+00     1.0054061888E+00     2.5870429929E+00
    8.1200000000E+00     3.8322090662E-01    -1.4878505436E+00     9.7062905400E-01     2.5754322528E+00
    8.1250000000E+00     3.7570594834E-01    -1.5180267696E+00     9.3546368050E-01     2.5637522329E+00
    8.1300000000E+00     3.6804170886E-01    -1.5475610648E+00     8.9992413399E-01     2.5520196191E+00
    8.1350000000E+00     3.6023142702E-01    -1.5764417932E+00     8.6402462984E-01     2.5402511738E+00
    8.1400000000E+00     3.5227839917E-01    -1.6046575976E+00     8.2777952735E-01     2.5284637080E+00
    8.1450000000E+00     3.4418597775E-01    -1.6321974033E+00     7.9120332409E-01     2.5166740545E+00
    8.1500000000E+00     3.3595756983E-01    -1.6590504226E+00     7.5431065005E-01     2.5048990396E+00
    8.1550000000E+00     3.2759663571E-01    -1.6852061591E+00     7.1711626180E-01     2.4931554566E+00
    8.1600000000E+00     3.1910668743E-01    -1.7106544116E+00     6.7963503662E-01     2.4814600376E+00
    8.1650000000E+00     3.1049128728E-01    -1.7353852780E+00     6.4188196647E-01     2.4698294264E+00
    8.1700000000E+00     3.0175404634E-01    -1.7593891594E+00     6.0387215211E-01     2.4582801518E+00
    8.1750000000E+00     2.9289862287E-01    -1.7826567630E+00     5.6562079693E-01     2.4468286002E+00
    8.1800000000E+00     2.8392872085E-01    -1.8051791067E+00     5.2714320097E-01     2.4354909890E+00
    8.1850000000E+00     2.7484808840E-01    -1.8269475217E+00     4.8845475476E-01     2.4242833405E+00
    8.1900000000E+00     2.6566051616E-01    -1.8479536558E+00     4.4957093317E-01     2.4132214555E+00
    8.1950000000E+00     2.5636983574E-01    -1.8681894772E+00     4.1050728919E-01     2.4023208881E+00
    8.2000000000E+00     2.4697991814E-01    -1.8876472765E+00     3.7127944777E-01     2.3915969199E+00
    8.2050000000E+00     2.3749467204E-01    -1.9063196706E+00     3.3190309953E-01     2.3810645358E+00
    8.2100000000E+00     2.2791804225E-01    -1.9241996046E+00     2.9239399446E-01     2.3707383991E+00
    8.2150000000E+00     2.1825400802E-01    -1.9412803549E+00     2.5276793570E-01     2.3606328283E+00
    8.2200000000E+00     2.0850658138E-01    -1.9575555312E+00     2.1304077314E-01     2.3507617736E+00
    8.2250000000E+00     1.9867980547E-01    -1.9730190794E+00     1.7322839710E-01     2.3411387948E+00
    8.2300000000E+00     1.8877775288E-01    -1.9876652831E+00     1.3334673202E-01     2.3317770386E+00
    8.2350000000E+00     1.7880452389E-01    -2.0014887662E+00     9.3411730024E-02     2.3226892184E+00
    8.2400000000E+00     1.6876424486E-01    -2.0144844946E+00     5.3439364580E-02     2.3138875928E+00
    8.2450000000E+00     1.5866106641E-01    -2.0266477775E+00     1.3445624103E-02     2.3053839470E+00
    8.2500000000E+00     1.4849916179E-01    -2.0379742697E+00    -2.6553494445E-02     2.2971895726E+00
    8.2550000000E+00     1.3828272508E-01    -2.0484599728E+00    -6.6541991949E-02     2.2893152506E+00
    8.2600000000E+00     1.2801596951E-01    -2.0581012361E+00    -1.0650387354E-01     2.2817712334E+00
    8.2650000000E+00     1.1770312568E-01    -2.0668947583E+00    -1.4642315501E-01     2.2745672289E+00
    8.2700000000E+00     1.0734843981E-01    -2.0748375885E+00    -1.8628386916E-01     2.2677123846E+00
    8.2750000000E+00     9.6956172001E-02    -2.0819271266E+00    -2.2607007226E-01     2.2612152730E+00
    8.2800000000E+00     8.6530594494E-02    -2.0881611244E+00    -2.6576585033E-01     2.2550838786E+00
    8.2850000000E+00     7.6075989872E-02    -2.0935376863E+00    -3.0535532561E-01     2.2493255844E+00
    8.2900000000E+00     6.5596649317E-02    -2.0980552695E+00    -3.4482266283E-01     2.2439471609E+00
    8.2950000000E+00     5.5096870846E-02    -2.1017126841E+00    -3.8415207559E-01     2.2389547550E+00
    8.3000000000E+00     4.4580957539E-02    -2.1045090937E+00    -4.2332783263E-01     2.2343538806E+00
    8.3050000000E+00     3.4053215776E-02    -2.1064440154E+00    -4.6233426419E-01     2.2301494100E+00
    8.3100000000E+00     2.3517953469E-02    -2.1075173190E+00    -5.0115576821E-01     2.2263455663E+00
    8.3150000000E+00     1.2979478298E-02    -2.1077292276E+00    -5.3977681660E-01     2.2229459170E+00
    8.3200000000E+00     2.4420959469E-03    -2.1070803164E+00    -5.7818196146E-01     2.2199533683E+00
    8.3250000000E+00    -8.0898916580E-03    -2.1055715128E+00    -6.1635584124E-01     2.2173701613E+00
    8.3300000000E+00    -1.8612188104E-02    -2.1032040951E+00    -6.5428318691E-01     2.2151978682E+00
    8.3350000000E+00    -2.9120504246E-02    -2.0999796919E+00    -6.9194882802E-01     2.2134373909E+00
    8.3400000000E+00    -3.9610559957E-02    -2.0959002812E+00    -7.2933769883E-01     2.2120889590E+00
    8.3450000000E+00    -5.0078085869E-02    -2.0909681891E+00    -7.6643484429E-01     2.2111521307E+00
    8.3500000000E+00    -6.0518825114E-02    -2.0851860884E+00    -8.0322542602E-01     2.2106257936E+00
    8.3550000000E+00    -7.0928535050E-02    -2.0785569975E+00    -8.3969472830E-01     2.2105081668E+00
    8.3600000000E+00    -8.1302988990E-02    -2.0710842786E+00    -8.7582816388E-01     2.2107968047E+00
    8.3650000000E+00    -9.1637977911E-02    -2.0627716359E+00    -9.1161127987E-01     2.2114886009E+00
    8.3700000000E+00    -1.0192931217E-01    -2.0536231141E+00    -9.4702976350E-01     2.2125797941E+00
    8.3750000000E+00    -1.1217282317E-01    -2.0436430959E+00    -9.8206944786E-01     2.2140659742E+00
    8.3800000000E+00    -1.2236436511E-01    -2.0328363004E+00    -1.0167163175E+00     2.2159420906E+00
    8.3850000000E+00    -1.3249981659E-01    -2.0212077806E+00    -1.0509565142E+00     2.2182024602E+00
    8.3900000000E+00    -1.4257508230E-01    -2.0087629210E+00    -1.0847763423E+00     2.2208407774E+00
    8.3950000000E+00    -1.5258609470E-01    -1.9955074351E+00    -1.1181622744E+00     2.2238501246E+00
    8.4000000000E+00    -1.6252881562E-01    -1.9814473626E+00    -1.1511009564E+00     2.2272229844E+00
    8.4050000000E+00    -1.7239923791E-01    -1.9665890669E+00    -1.1835792134E+00     2.2309512513E+00
    8.4100000000E+00    -1.8219338701E-01    -1.9509392321E+00    -1.2155840545E+00     2.2350262463E+00
    8.4150000000E+00    -1.9190732262E-01    -1.9345048597E+00    -1.2471026782E+00     2.2394387308E+00
    8.4200000000E+00    -2.0153714019E-01    -1.9172932657E+00    -1.2781224774E+00     2.2441789222E+00
    8.4250000000E+00    -2.1107897257E-01    -1.8993120773E+00    -1.3086310447E+00     2.2492365102E+00
    8.4300000000E+00    -2.2052899149E-01    -1.8805692293E+00    -1.3386161770E+00     2.2546006740E+00
    8.4350000000E+00    -2.2988340912E-01    -1.8610729607E+00    -1.3680658807E+00     2.2602601003E+00
    8.4400000000E+00    -2.3913847958E-01    -1.8408318108E+00    -1.3969683763E+00     2.2662030019E+00
    8.4450000000E+00    -2.4829050044E-01    -1.8198546158E+00    -1.4253121031E+00     2.2724171374E+00
    8.4500000000E+00    -2.5733581417E-01    -1.7981505048E+00    -1.4530857242E+00     2.2788898314E+00
    8.4550000000E+00    -2.6627080961E-01    -1.7757288953E+00    -1.4802781303E+00     2.2856079953E+00
    8.4600000000E+00    -2.7509192342E-01    -1.7525994898E+00    -1.5068784449E+00     2.2925581492E+00
    8.4650000000E+00    -2.8379564145E-01    -1.7287722711E+00    -1.5328760282E+00     2.2997264437E+00
    8.4700000000E+00    -2.9237850016E-01    -1.7042574980E+00    -1.5582604815E+00     2.3070986834E+00
    8.4750000000E+00    -3.0083708801E-01    -1.6790657010E+00    -1.5830216514E+00     2.3146603494E+00
    8.4800000000E+00    -3.0916804676E-01    -1.6532076775E+00    -1.6071496338E+00     2.3223966238E+00
    8.4850000000E+00    -3.1736807280E-01    -1.6266944873E+00    -1.6306347777E+00     2.3302924138E+00
    8.4900000000E+00    -3.2543391851E-01    -1.5995374478E+00    -1.6534676895E+00     2.3383323766E+00
    8.4950000000E+00    -3.3336239345E-01    -1.5717481291E+00    -1.6756392362E+00     2.3465009444E+00
    8.5000000000E+00    -3.4115036566E-01    -1.5433383492E+00    -1.6971405496E+00     2.3547823499E+00
    8.5050000000E+00    -3.4879476290E-01    -1.5143201684E+00    -1.7179630294E+00     2.3631606524E+00
    8.5100000000E+00    -3.5629257381E-01    -1.4847058847E+00    -1.7380983468E+00     2.3716197636E+00
    8.5150000000E+00    -3.6364084909E-01    -1.4545080286E+00    -1.7575384482E+00     2.3801434739E+00
    8.5200000000E+00    -3.7083670270E-01    -1.4237393571E+00    -1.7762755575E+00     2.3887154792E+00
    8.5250000000E+00    -3.7787731290E-01    -1.3924128490E+00    -1.7943021804E+00     2.3973194070E+00
    8.5300000000E+00    -3.8475992342E-01    -1.3605416988E+00    -1.8116111063E+00     2.4059388437E+00
    8.5350000000E+00    -3.9148184447E-01    -1.3281393115E+00    -1.8281954119E+00     2.4145573609E+00
    8.5400000000E+00    -3.9804045379E-01    -1.2952192970E+00    -1.8440484637E+00     2.4231585422E+00
    8.5450000000E+00    -4.0443319771E-01    -1.2617954638E+00    -1.8591639207E+00     2.4317260104E+00
    8.5500000000E+00    -4.1065759204E-01    -1.2278818138E+00    -1.8735357369E+00     2.4402434534E+00
    8.5550000000E+00    -4.1671122311E-01    -1.1934925360E+00    -1.8871581638E+00     2.4486946514E+00
    8.5600000000E+00    -4.2259174862E-01    -1.1586420006E+00    -1.9000257526E+00     2.4570635027E+00
    8.5650000000E+00    -4.2829689857E-01    -1.1233447531E+00    -1.9121333565E+00     2.4653340503E+00
    8.5700000000E+00    -4.3382447613E-01    -1.0876155080E+00    -1.9234761325E+00     2.4734905075E+00
    8.5750000000E+00    -4.3917235843E-01    -1.0514691430E+00    -1.9340495437E+00     2.4815172834E+00
    8.5800000000E+00    -4.4433849739E-01    -1.0149206923E+00    -1.9438493608E+00     2.4893990084E+00
    8.5850000000E+00    -4.4932092049E-01    -9.7798534055E-01    -1.9528716642E+00     2.4971205591E+00
    8.5900000000E+00    -4.5411773149E-01    -9.4067841662E-01    -1.9611128449E+00     2.5046670823E+00
    8.5950000000E+00    -4.5872711113E-01    -9.0301538703E-01    -1.9685696066E+00     2.5120240195E+00
    8.6000000000E+00    -4.6314731783E-01    -8.6501184960E-01    -1.9752389667E+00     2.5191771301E+00
    8.6050000000E+00    -4.6737668830E-01    -8.2668352694E-01    -1.9811182576E+00     2.5261125145E+00
    8.6100000000E+00    -4.7141363817E-01    -7.8804625994E-01    -1.9862051275E+00     2.5328166365E+00
    8.6150000000E+00    -4.7525666256E-01    -7.4911600121E-01    -1.9904975420E+00     2.5392763448E+00
    8.6200000000E+00    -4.7890433662E-01    -7.0990880844E-01    -1.9939937839E+00     2.5454788944E+00
    8.6250000000E+00    -4.8235531601E-01    -6.7044083780E-01    -1.9966924549E+00     2.5514119673E+00
    8.6300000000E+00    -4.8560833743E-01    -6.3072833723E-01    -1.9985924755E+00     2.5570636915E+00
    8.6350000000E+00    -4.8866221904E-01    -5.9078763975E-01    -1.9996930858E+00     2.5624226608E+00
    8.6400000000E+00    -4.9151586084E-01    -5.5063515674E-01    -1.9999938456E+00     2.5674779525E+00
    8.6450000000E+00    -4.9416824509E-01    -5.1028737117E-01    -1.9994946344E+00     2.5722191452E+00
    8.6500000000E+00    -4.9661843662E-01    -4.6976083082E-01    -1.9981956521E+00     2.5766363350E+00
    8.6550000000E+00    -4.9886558315E-01    -4.2907214148E-01    -1.9960974182E+00     2.5807201518E+00
    8.6600000000E+00    -5.0090891555E-01    -3.8823796017E-01    -1.9932007719E+00     2.5844617736E+00
    8.6650000000E+00    -5.0274774809E-01    -3.4727498827E-01    -1.9895068718E+00     2.5878529409E+00
    8.6700000000E+00    -5.0438147867E-01    -3.0619996472E-01    -1.9850171956E+00     2.5908859695E+00
    8.6750000000E+00    -5.0580958893E-01    -2.6502965913E-01    -1.9797335389E+00     2.5935537627E+00
    8.6800000000E+00    -5.0703164445E-01    -2.2378086498E-01    -1.9736580152E+00     2.5958498225E+00
    8.6850000000E+00    -5.0804729479E-01    -1.8247039275E-01    -1.9667930546E+00     2.5977682595E+00
    8.6900000000E+00    -5.0885627361E-01    -1.4111506306E-01    -1.9591414030E+00     2.5993038025E+00
    8.6950000000E+00    -5.0945839870E-01    -9.9731699827E-02    -1.9507061210E+00     2.6004518060E+00
    8.7000000000E+00    -5.0985357193E-01    -5.8337123432E-02    -1.9414905825E+00     2.6012082580E+00
    8.7050000000E+00    -5.1004177926E-01    -1.6948143878E-02    -1.9314984737E+00     2.6015697857E+00
    8.7100000000E+00    -5.1002309069E-01     2.4418446022E-02    -1.9207337913E+00     2.6015336606E+00
    8.7150000000E+00    -5.0979766007E-01     6.5745877458E-02    -1.9092008409E+00     2.6010978024E+00
    8.7200000000E+00    -5.0936572508E-01     1.0701741241E-01    -1.8969042357E+00     2.6002607821E+00
    8.7250000000E+00    -5.0872760695E-01     1.4821635040E-01    -1.8838488941E+00     2.5990218240E+00
    8.7300000000E+00    -5.0788371034E-01     1.8932603528E-01    -1.8700400380E+00     2.5973808061E+00
    8.7350000000E+00    -5.0683452304E-01     2.3032986190E-01    -1.8554831909E+00     2.5953382601E+00
    8.7400000000E+00    -5.0558061574E-01     2.7121128283E-01    -1.8401841752E+00     2.5928953701E+00
    8.7450000000E+00    -5.0412264170E-01     3.1195381503E-01    -1.8241491103E+00     2.5900539701E+00
    8.7500000000E+00    -5.0246133644E-01     3.5254104645E-01    -1.8073844102E+00     2.5868165409E+00
    8.7550000000E+00    -5.0059751731E-01     3.9295664263E-01    -1.7898967804E+00     2.5831862049E+00
    8.7600000000E+00    -4.9853208317E-01     4.3318435328E-01    -1.7716932157E+00     2.5791667215E+00
    8.7650000000E+00    -4.9626601387E-01     4.7320801874E-01    -1.7527809974E+00     2.5747624797E+00
    8.7700000000E+00    -4.9380036984E-01     5.1301157649E-01    -1.7331676900E+00     2.5699784914E+00
    8.7750000000E+00    -4.9113629157E-01     5.5257906757E-01    -1.7128611387E+00     2.5648203819E+00
    8.7800000000E+00    -4.8827499905E-01     5.9189464292E-01    -1.6918694658E+00     2.5592943811E+00
    8.7850000000E+00    -4.8521779124E-01     6.3094256972E-01    -1.6702010676E+00     2.5534073125E+00
    8.7900000000E+00    -4.8196604547E-01     6.6970723766E-01    -1.6478646113E+00     2.5471665819E+00
    8.7950000000E+00    -4.7852121679E-01     7.0817316513E-01    -1.6248690311E+00     2.5405801651E+00
    8.8000000000E+00    -4.7488483732E-01     7.4632500539E-01    -1.6012235249E+00     2.5336565940E+00
    8.8050000000E+00    -4.7105851558E-01     7.8414755266E-01    -1.5769375507E+00     2.5264049432E+00
    8.8100000000E+00    -4.6704393574E-01     8.2162574813E-01    -1.5520208225E+00     2.5188348141E+00
    8.8150000000E+00    -4.6284285689E-01     8.5874468590E-01    -1.5264833067E+00     2.5109563195E+00
    8.8200000000E+00    -4.5845711225E-01     8.9548961891E-01    -1.5003352179E+00     2.5027800665E+00
    8.8250000000E+00    -4.5388860837E-01     9.3184596475E-01    -1.4735870150E+00     2.4943171391E+00
    8.8300000000E+00    -4.4913932429E-01     9.6779931139E-01    -1.4462493969E+00     2.4855790798E+00
    8.8350000000E+00    -4.4421131068E-01     1.0033354228E+00    -1.4183332984E+00     2.4765778707E+00
    8.8400000000E+00    -4.3910668891E-01     1.0384402448E+00    -1.3898498855E+00     2.4673259134E+00
    8.8450000000E+00    -4.3382765019E-01     1.0730999100E+00    -1.3608105511E+00     2.4578360091E+00
    8.8500000000E+00    -4.2837645456E-01     1.1073007440E+00    -1.3312269107E+00     2.4481213370E+00
    8.8550000000E+00    -4.2275542996E-01     1.1410292700E+00    -1.3011107972E+00     2.4381954331E+00
    8.8600000000E+00    -4.1696697120E-01     1.1742722147E+00    -1.2704742568E+00     2.4280721678E+00
    8.8650000000E+00    -4.1101353893E-01     1.2070165129E+00    -1.2393295436E+00     2.4177657230E+00
    8.8700000000E+00    -4.0489765860E-01     1.2392493130E+00    -1.2076891151E+00     2.4072905693E+00
    8.8750000000E+00    -3.9862191938E-01     1.2709579819E+00    -1.1755656271E+00     2.3966614420E+00
    8.8800000000E+00    -3.9218897305E-01     1.3021301097E+00    -1.1429719285E+00     2.3858933171E+00
    8.8850000000E+00    -3.8560153286E-01     1.3327535146E+00    -1.1099210564E+00     2.3750013868E+00
    8.8900000000E+00    -3.7886237240E-01     1.3628162478E+00    -1.0764262306E+00     2.3640010348E+00
    8.8950000000E+00    -3.7197432439E-01     1.3923065979E+00    -1.0425008488E+00     2.3529078113E+00
    8.9000000000E+00    -3.6494027954E-01     1.4212130953E+00    -1.0081584804E+00     2.3417374075E+00
    8.9050000000E+00    -3.5776318527E-01     1.4495245170E+00    -9.7341286214E-01     2.3305056300E+00
    8.9100000000E+00    -3.5044604449E-01     1.4772298903E+00    -9.3827789169E-01     2.3192283754E+00
    8.9150000000E+00    -3.4299191435E-01     1.5043184976E+00    -9.0276762259E-01     2.3079216042E+00
    8.9200000000E+00    -3.3540390493E-01     1.5307798801E+00    -8.6689625848E-01     2.2966013151E+00
    8.9250000000E+00    -3.2768517796E-01     1.5566038419E+00    -8.3067814743E-01     2.2852835189E+00
    8.9300000000E+00    -3.1983894547E-01     1.5817804539E+00    -7.9412777620E-01     2.2739842126E+00
    8.9350000000E+00    -3.1186846848E-01     1.6063000573E+00    -7.5725976444E-01     2.2627193533E+00
    8.9400000000E+00    -3.0377705560E-01     1.6301532675E+00    -7.2008885887E-01     2.2515048328E+00
    8.9450000000E+00    -2.9556806168E-01     1.6533309776E+00    -6.8262992736E-01     2.2403564516E+00
    8.9500000000E+00    -2.8724488641E-01     1.6758243618E+00    -6.4489795298E-01     2.2292898934E+00
    8.9550000000E+00    -2.7881097289E-01     1.6976248784E+00    -6.0690802802E-01     2.2183206999E+00
    8.9600000000E+00    -2.7026980621E-01     1.7187242733E+00    -5.6867534794E-01     2.2074642454E+00
    8.9650000000E+00    -2.6162491201E-01     1.7391145832E+00    -5.3021520530E-01     2.1967357126E+00
    8.9700000000E+00    -2.5287985502E-01     1.7587881378E+00    -4.9154298365E-01     2.1861500676E+00
    8.9750000000E+00    -2.4403823756E-01     1.7777375635E+00    -4.5267415136E-01     2.1757220362E+00
    8.9800000000E+00    -2.3510369810E-01     1.7959557853E+00    -4.1362425545E-01     2.1654660800E+00
    8.9850000000E+00    -2.2607990972E-01     1.8134360301E+00    -3.7440891534E-01     2.1553963733E+00
    8.9900000000E+00    -2.1697057859E-01     1.8301718284E+00    -3.3504381667E-01     2.1455267804E+00
    8.9950000000E+00    -2.0777944250E-01     1.8461570172E+00    -2.9554470493E-01     2.1358708332E+00
    9.0000000000E+00    -1.9851026925E-01     1.8613857418E+00    -2.5592737925E-01     2.1264417098E+00
    9.0050000000E+00    -1.8916685514E-01     1.8758524581E+00    -2.1620768604E-01     2.1172522131E+00
    9.0100000000E+00    -1.7975302345E-01     1.8895519344E+00    -1.7640151263E-01     2.1083147508E+00
    9.0150000000E+00    -1.7027262278E-01     1.9024792533E+00    -1.3652478097E-01     2.0996413153E+00
    9.0200000000E+00    -1.6072952556E-01     1.9146298131E+00    -9.6593441215E-02     2.0912434645E+00
    9.0250000000E+00    -1.5112762644E-01     1.9259993297E+00    -5.6623465373E-02     2.0831323038E+00
    9.0300000000E+00    -1.4147084066E-01     1.9365838379E+00    -1.6630840899E-02     2.0753184682E+00
    9.0350000000E+00    -1.3176310253E-01     1.9463796925E+00     2.3368435689E-02     2.0678121056E+00
    9.0400000000E+00    -1.2200836375E-01     1.9553835697E+00     6.3358365214E-02     2.0606228605E+00
    9.0450000000E+00    -1.1221059185E-01     1.9635924679E+00     1.0332295224E-01     2.0537598593E+00
    9.0500000000E+00    -1.0237376855E-01     1.9710037089E+00     1.4324621146E-01     2.0472316951E+00
    9.0550000000E+00    -9.2501888163E-02     1.9776149382E+00     1.8311217410E-01     2.0410464150E+00
    9.0600000000E+00    -8.2598955955E-02     1.9834241260E+00     2.2290489432E-01     2.0352115071E+00
    9.0650000000E+00    -7.2668986530E-02     1.9884295678E+00     2.6260845555E-01     2.0297338891E+00
    9.0700000000E+00    -6.2716002203E-02     1.9926298842E+00     3.0220697691E-01     2.0246198969E+00
    9.0750000000E+00    -5.2744031371E-02     1.9960240216E+00     3.4168461950E-01     2.0198752758E+00
    9.0800000000E+00    -4.2757106882E-02     1.9986112523E+00     3.8102559279E-01     2.0155051707E+00
    9.0850000000E+00    -3.2759264413E-02     2.0003911742E+00     4.2021416093E-01     2.0115141189E+00
    9.0900000000E+00    -2.2754540833E-02     2.0013637108E+00     4.5923464901E-01     2.0079060428E+00
    9.0950000000E+00    -1.2746972583E-02     2.0015291111E+00     4.9807144936E-01     2.0046842444E+00
    9.1000000000E+00    -2.7405940437E-03     2.0008879488E+00     5.3670902776E-01     2.0018514003E+00
    9.1050000000E+00     7.2605640803E-03     1.9994411218E+00     5.7513192971E-01     1.9994095576E+00
    9.1100000000E+00     1.7252476386E-02     1.9971898519E+00     6.1332478655E-01     1.9973601316E+00
    9.1150000000E+00     2.7231124385E-02     1.9941356835E+00     6.5127232166E-01     1.9957039036E+00
    9.1200000000E+00     3.7192498118E-02     1.9902804832E+00     6.8895935653E-01     1.9944410201E+00
    9.1250000000E+00     4.7132597760E-02     1.9856264380E+00     7.2637081683E-01     1.9935709934E+00
    9.1300000000E+00     5.7047435219E-02     1.9801760549E+00     7.6349173850E-01     1.9930927028E+00
    9.1350000000E+00     6.6933035738E-02     1.9739321588E+00     8.0030727365E-01     1.9930043965E+00
    9.1400000000E+00     7.6785439474E-02     1.9668978918E+00     8.3680269656E-01     1.9933036956E+00
    9.1450000000E+00     8.6600703085E-02     1.9590767112E+00     8.7296340954E-01     1.9939875978E+00
    9.1500000000E+00     9.6374901299E-02     1.9504723875E+00     9.0877494881E-01     1.9950524833E+00
    9.1550000000E+00     1.0610412848E-01     1.9410890035E+00     9.4422299021E-01     1.9964941205E+00
    9.1600000000E+00     1.1578450017E-01     1.9309309513E+00     9.7929335501E-01     1.9983076742E+00
    9.1650000000E+00     1.2541215466E-01     1.9200029310E+00     1.0139720155E+00     2.0004877129E+00
    9.1700000000E+00     1.3498325450E-01     1.9083099481E+00     1.0482451007E+00     2.0030282189E+00
    9.1750000000E+00     1.4449398801E-01     1.8958573113E+00     1.0820989019E+00     2.0059225981E+00
    9.1800000000E+00     1.5394057082E-01     1.8826506301E+00     1.1155198779E+00     2.0091636909E+00
    9.1850000000E+00     1.6331924737E-01     1.8686958121E+00     1.1484946609E+00     2.0127437847E+00
    9.1900000000E+00     1.7262629235E-01     1.8539990608E+00     1.1810100613E+00     2.0166546267E+00
    9.1950000000E+00     1.8185801220E-01     1.8385668720E+00     1.2130530734E+00     2.0208874374E+00
    9.2000000000E+00     1.9101074660E-01     1.8224060316E+00     1.2446108805E+00     2.0254329252E+00
    9.2050000000E+00     2.0008086984E-01     1.8055236125E+00     1.2756708598E+00     2.0302813024E+00
    9.2100000000E+00     2.0906479231E-01     1.7879269710E+00     1.3062205877E+00     2.0354223007E+00
    9.2150000000E+00     2.1795896187E-01     1.7696237442E+00     1.3362478449E+00     2.0408451886E+00
    9.2200000000E+00     2.2675986526E-01     1.7506218461E+00     1.3657406207E+00     2.0465387890E+00
    9.2250000000E+00     2.3546402948E-01     1.7309294646E+00     1.3946871185E+00     2.0524914976E+00
    9.2300000000E+00     2.4406802316E-01     1.7105550576E+00     1.4230757600E+00     2.0586913019E+00
    9.2350000000E+00     2.5256845785E-01     1.6895073497E+00     1.4508951903E+00     2.0651258013E+00
    9.2400000000E+00     2.6096198942E-01     1.6677953278E+00     1.4781342817E+00     2.0717822270E+00
    9.2450000000E+00     2.6924531931E-01     1.6454282382E+00     1.5047821392E+00     2.0786474632E+00
    9.2500000000E+00     2.7741519582E-01     1.6224155816E+00     1.5308281039E+00     2.0857080684E+00
    9.2550000000E+00     2.8546841540E-01     1.5987671098E+00     1.5562617577E+00     2.0929502976E+00
    9.2600000000E+00     2.9340182386E-01     1.5744928212E+00     1.5810729276E+00     2.1003601245E+00
    9.2650000000E+00     3.0121231761E-01     1.5496029567E+00     1.6052516894E+00     2.1079232646E+00
    9.2700000000E+00     3.0889684489E-01     1.5241079951E+00     1.6287883720E+00     2.1156251982E+00
    9.2750000000E+00     3.1645240689E-01     1.4980186489E+00     1.6516735609E+00     2.1234511945E+00
    9.2800000000E+00     3.2387605894E-01     1.4713458598E+00     1.6738981024E+00     2.1313863352E+00
    9.2850000000E+00     3.3116491166E-01     1.4441007939E+00     1.6954531070E+00     2.1394155386E+00
    9.2900000000E+00     3.3831613203E-01     1.4162948370E+00     1.7163299529E+00     2.1475235845E+00
    9.2950000000E+00     3.4532694451E-01     1.3879395901E+00     1.7365202898E+00     2.1556951390E+00
    9.3000000000E+00     3.5219463210E-01     1.3590468643E+00     1.7560160416E+00     2.1639147785E+00
    9.3050000000E+00     3.5891653736E-01     1.3296286759E+00     1.7748094105E+00     2.1721670158E+00
    9.3100000000E+00     3.6549006342E-01     1.2996972414E+00     1.7928928793E+00     2.1804363243E+00
    9.3150000000E+00     3.7191267502E-01     1.2692649724E+00     1.8102592148E+00     2.1887071635E+00
    9.3200000000E+00     3.7818189940E-01     1.2383444705E+00     1.8269014708E+00     2.1969640041E+00
    9.3250000000E+00     3.8429532728E-01     1.2069485219E+00     1.8428129906E+00     2.2051913529E+00
    9.3300000000E+00     3.9025061379E-01     1.1750900923E+00     1.8579874097E+00     2.2133737781E+00
    9.3350000000E+00     3.9604547928E-01     1.1427823214E+00     1.8724186586E+00     2.2214959336E+00
    9.3400000000E+00     4.0167771025E-01     1.1100385175E+00     1.8861009651E+00     2.2295425843E+00
    9.3450000000E+00     4.0714516016E-01     1.0768721522E+00     1.8990288562E+00     2.2374986305E+00
    9.3500000000E+00     4.1244575020E-01     1.0432968543E+00     1.9111971612E+00     2.2453491317E+00
    9.3550000000E+00     4.1757747010E-01     1.0093264049E+00     1.9226010128E+00     2.2530793311E+00
    9.3600000000E+00     4.2253837885E-01     9.7497473118E-01     1.9332358496E+00     2.2606746793E+00
    9.3650000000E+00     4.2732660546E-01     9.4025590098E-01     1.9430974179E+00     2.2681208570E+00
    9.3700000000E+00     4.3194034959E-01     9.0518411692E-01     1.9521817731E+00     2.2754037988E+00
    9.3750000000E+00     4.3637788224E-01     8.6977371061E-01     1.9604852816E+00     2.2825097149E+00
    9.3800000000E+00     4.4063754640E-01     8.3403913680E-01     1.9680046222E+00     2.2894251138E+00
    9.3850000000E+00     4.4471775760E-01     7.9799496744E-01     1.9747367871E+00     2.2961368233E+00
    9.3900000000E+00     4.4861700454E-01     7.6165588582E-01     1.9806790837E+00     2.3026320118E+00
    9.3950000000E+00     4.5233384957E-01     7.2503668047E-01     1.9858291350E+00     2.3088982087E+00
    9.4000000000E+00     4.5586692927E-01     6.8815223926E-01     1.9901848811E+00     2.3149233242E+00
    9.4050000000E+00     4.5921495486E-01     6.5101754327E-01     1.9937445799E+00     2.3206956685E+00
    9.4100000000E+00     4.6237671271E-01     6.1364766075E-01     1.9965068073E+00     2.3262039704E+00
    9.4150000000E+00     4.6535106473E-01     5.7605774099E-01     1.9984704587E+00     2.3314373949E+00
    9.4200000000E+00     4.6813694876E-01     5.3826300820E-01     1.9996347486E+00     2.3363855609E+00
    9.4250000000E+00     4.7073337894E-01     5.0027875536E-01     1.9999992112E+00     2.3410385570E+00
    9.4300000000E+00     4.7313944603E-01     4.6212033801E-01     1.9995637008E+00     2.3453869573E+00
    9.4350000000E+00     4.7535431772E-01     4.2380316807E-01     1.9983283915E+00     2.3494218364E+00
    9.4400000000E+00     4.7737723889E-01     3.8534270765E-01     1.9962937776E+00     2.3531347832E+00
    9.4450000000E+00     4.7920753182E-01     3.4675446279E-01     1.9934606727E+00     2.3565179143E+00
    9.4500000000E+00     4.8084459644E-01     3.0805397725E-01     1.9898302102E+00     2.3595638857E+00
    9.4550000000E+00     4.8228791048E-01     2.6925682623E-01     1.9854038421E+00     2.3622659052E+00
    9.4600000000E+00     4.8353702959E-01     2.3037861016E-01     1.9801833390E+00     2.3646177419E+00
    9.4650000000E+00     4.8459158750E-01     1.9143494843E-01     1.9741707889E+00     2.3666137365E+00
    9.4700000000E+00     4.8545129606E-01     1.5244147311E-01     1.9673685968E+00     2.3682488098E+00
    9.4750000000E+00     4.8611594528E-01     1.1341382276E-01     1.9597794835E+00     2.3695184701E+00
    9.4800000000E+00     4.8658540339E-01     7.4367636094E-02     1.9514064846E+00     2.3704188206E+00
    9.4850000000E+00     4.8685961680E-01     3.5318545819E-02     1.9422529491E+00     2.3709465646E+00
    9.4900000000E+00     4.8693861005E-01    -3.7178276503E-03     1.9323225383E+00     2.3710990107E+00
    9.4950000000E+00     4.8682248573E-01    -4.2725882391E-02     1.9216192242E+00     2.3708740766E+00
    9.5000000000E+00     4.8651142439E-01    -8.1690041186E-02     1.9101472881E+00     2.3702702920E+00
    9.5050000000E+00     4.8600568440E-01    -1.2059475772E-01     1.8979113185E+00     2.3692868004E+00
    9.5100000000E+00     4.8530560174E-01    -1.5942452272E-01     1.8849162097E+00     2.3679233600E+00
    9.5150000000E+00     4.8441158987E-01    -1.9816387018E-01     1.8711671596E+00     2.3661803438E+00
    9.5200000000E+00     4.8332413944E-01    -2.3679738340E-01     1.8566696675E+00     2.3640587380E+00
    9.5250000000E+00     4.8204381804E-01    -2.7530970113E-01     1.8414295323E+00     2.3615601409E+00
    9.5300000000E+00     4.8057126993E-01    -3.1368552366E-01     1.8254528499E+00     2.3586867587E+00
    9.5350000000E+00     4.7890721570E-01    -3.5190961884E-01     1.8087460107E+00     2.3554414024E+00
    9.5400000000E+00     4.7705245190E-01    -3.8996682806E-01     1.7913156972E+00     2.3518274821E+00
    9.5450000000E+00     4.7500785071E-01    -4.2784207227E-01     1.7731688812E+00     2.3478490017E+00
    9.5500000000E+00     4.7277435946E-01    -4.6552035791E-01     1.7543128214E+00     2.3435105514E+00
    9.5550000000E+00     4.7035300024E-01    -5.0298678277E-01     1.7347550598E+00     2.3388173002E+00
    9.5600000000E+00     4.6774486942E-01    -5.4022654187E-01     1.7145034194E+00     2.3337749870E+00
    9.5650000000E+00     4.6495113712E-01    -5.7722493324E-01     1.6935660004E+00     2.3283899109E+00
    9.5700000000E+00     4.6197304671E-01    -6.1396736372E-01     1.6719511776E+00     2.3226689207E+00
    9.5750000000E+00     4.5881191424E-01    -6.5043935462E-01     1.6496675967E+00     2.3166194035E+00
    9.5800000000E+00     4.5546912785E-01    -6.8662654744E-01     1.6267241707E+00     2.3102492721E+00
    9.5850000000E+00     4.5194614717E-01    -7.2251470941E-01     1.6031300767E+00     2.3035669521E+00
    9.5900000000E+00     4.4824450267E-01    -7.5808973908E-01     1.5788947520E+00     2.2965813679E+00
    9.5950000000E+00     4.4436579496E-01    -7.9333767178E-01     1.5540278905E+00     2.2893019281E+00
    9.6000000000E+00     4.4031169417E-01    -8.2824468510E-01     1.5285394386E+00     2.2817385094E+00
    9.6050000000E+00     4.3608393913E-01    -8.6279710420E-01     1.5024395913E+00     2.2739014412E+00
    9.6100000000E+00     4.3168433668E-01    -8.9698140716E-01     1.4757387881E+00     2.2658014878E+00
    9.6150000000E+00     4.2711476088E-01    -9.3078423017E-01     1.4484477092E+00     2.2574498312E+00
    9.6200000000E+00     4.2237715221E-01    -9.6419237276E-01     1.4205772704E+00     2.2488580529E+00
    9.6250000000E+00     4.1747351671E-01    -9.9719280283E-01     1.3921386197E+00     2.2400381145E+00
    9.6300000000E+00     4.1240592516E-01    -1.0297726617E+00     1.3631431321E+00     2.2310023385E+00
    9.6350000000E+00     4.0717651220E-01    -1.0619192692E+00     1.3336024055E+00     2.2217633881E+00
    9.6400000000E+00     4.0178747541E-01    -1.0936201283E+00     1.3035282556E+00     2.2123342465E+00
    9.6450000000E+00     3.9624107438E-01    -1.1248629300E+00     1.2729327118E+00     2.2027281959E+00
    9.6500000000E+00     3.9053962977E-01    -1.1556355581E+00     1.2418280119E+00     2.1929587957E+00
    9.6550000000E+00     3.8468552232E-01    -1.1859260939E+00     1.2102265974E+00     2.1830398609E+00
    9.6600000000E+00     3.7868119188E-01    -1.2157228206E+00     1.1781411084E+00     2.1729854391E+00
    9.6650000000E+00     3.7252913635E-01    -1.2450142278E+00     1.1455843786E+00     2.1628097880E+00
    9.6700000000E+00     3.6623191066E-01    -1.2737890161E+00     1.1125694304E+00     2.1525273527E+00
    9.6750000000E+00     3.5979212573E-01    -1.3020361010E+00     1.0791094692E+00     2.1421527415E+00
    9.6800000000E+00     3.5321244730E-01    -1.3297446173E+00     1.0452178786E+00     2.1317007029E+00
    9.6850000000E+00     3.4649559494E-01    -1.3569039235E+00     1.0109082148E+00     2.1211861019E+00
    9.6900000000E+00     3.3964434081E-01    -1.3835036053E+00     9.7619420117E-01     2.1106238954E+00
    9.6950000000E+00     3.3266150860E-01    -1.4095334798E+00     9.4108972290E-01     2.1000291084E+00
    9.7000000000E+00     3.2554997231E-01    -1.4349835994E+00     9.0560882128E-01     2.0894168101E+00
    9.7050000000E+00     3.1831265509E-01    -1.4598442555E+00     8.6976568821E-01     2.0788020891E+00
    9.7100000000E+00     3.1095252801E-01    -1.4841059819E+00     8.3357466046E-01     2.0682000295E+00
    9.7150000000E+00     3.0347260889E-01    -1.5077595585E+00     7.9705021396E-01     2.0576256866E+00
    9.7200000000E+00     2.9587596100E-01    -1.5307960150E+00     7.6020695801E-01     2.0470940627E+00
    9.7250000000E+00     2.8816569184E-01    -1.5532066336E+00     7.2305962940E-01     2.0366200829E+00
    9.7300000000E+00     2.8034495187E-01    -1.5749829529E+00     6.8562308659E-01     2.0262185714E+00
    9.7350000000E+00     2.7241693319E-01    -1.5961167706E+00     6.4791230368E-01     2.0159042277E+00
    9.7400000000E+00     2.6438486828E-01    -1.6166001467E+00     6.0994236449E-01     2.0056916029E+00
    9.7450000000E+00     2.5625202863E-01    -1.6364254062E+00     5.7172845648E-01     1.9955950767E+00
    9.7500000000E+00     2.4802172346E-01    -1.6555851421E+00     5.3328586472E-01     1.9856288345E+00
    9.7550000000E+00     2.3969729835E-01    -1.6740722182E+00     4.9462996572E-01     1.9758068442E+00
    9.7600000000E+00     2.3128213386E-01    -1.6918797713E+00     4.5577622133E-01     1.9661428347E+00
    9.7650000000E+00     2.2277964420E-01    -1.7090012140E+00     4.1674017253E-01     1.9566502734E+00
    9.7700000000E+00     2.1419327580E-01    -1.7254302369E+00     3.7753743321E-01     1.9473423452E+00
    9.7750000000E+00     2.0552650596E-01    -1.7411608111E+00     3.3818368396E-01     1.9382319315E+00
    9.7800000000E+00     1.9678284140E-01    -1.7561871897E+00     2.9869466574E-01     1.9293315893E+00
    9.7850000000E+00     1.8796581687E-01    -1.7705039107E+00     2.5908617364E-01     1.9206535321E+00
    9.7900000000E+00     1.7907899372E-01    -1.7841057983E+00     2.1937405052E-01     1.9122096097E+00
    9.7950000000E+00     1.7012595847E-01    -1.7969879647E+00     1.7957418070E-01     1.9040112901E+00
    9.8000000000E+00     1.6111032132E-01    -1.8091458122E+00     1.3970248361E-01     1.8960696412E+00
    9.8050000000E+00     1.5203571477E-01    -1.8205750341E+00     9.9774907391E-02     1.8883953130E+00
    9.8100000000E+00     1.4290579209E-01    -1.8312716169E+00     5.9807422537E-02     1.8809985216E+00
    9.8150000000E+00     1.3372422591E-01    -1.8412318411E+00     1.9816015511E-02     1.8738890323E+00
    9.8200000000E+00     1.2449470670E-01    -1.8504522825E+00    -2.0183317657E-02     1.8670761449E+00
    9.8250000000E+00     1.1522094131E-01    -1.8589298134E+00    -6.0174577767E-02     1.8605686788E+00
    9.8300000000E+00     1.0590665151E-01    -1.8666616035E+00    -1.0014176885E-01     1.8543749594E+00
    9.8350000000E+00     9.6555572447E-02    -1.8736451208E+00    -1.4006890456E-01     1.8485028050E+00
    9.8400000000E+00     8.7171451194E-02    -1.8798781321E+00    -1.7994001457E-01     1.8429595148E+00
    9.8450000000E+00     7.7758045239E-02    -1.8853587041E+00    -2.1973915098E-01     1.8377518576E+00
    9.8500000000E+00     6.8319120987E-02    -1.8900852035E+00    -2.5945039466E-01     1.8328860611E+00
    9.8550000000E+00     5.8858452260E-02    -1.8940562973E+00    -2.9905786164E-01     1.8283678027E+00
    9.8600000000E+00     4.9379818791E-02    -1.8972709535E+00    -3.3854570946E-01     1.8242022005E+00
    9.8650000000E+00     3.9887004721E-02    -1.8997284407E+00    -3.7789814351E-01     1.8203938057E+00
    9.8700000000E+00     3.0383797096E-02    -1.9014283288E+00    -4.1709942334E-01     1.8169465960E+00
    9.8750000000E+00     2.0873984362E-02    -1.9023704880E+00    -4.5613386897E-01     1.8138639691E+00
    9.8800000000E+00     1.1361354859E-02    -1.9025550895E+00    -4.9498586713E-01     1.8111487381E+00
    9.8850000000E+00     1.8496953246E-03    -1.9019826044E+00    -5.3363987754E-01     1.8088031275E+00
    9.8900000000E+00    -7.6572106124E-03    -1.9006538039E+00    -5.7208043911E-01     1.8068287698E+00
    9.8950000000E+00    -1.7155583925E-02    -1.8985697581E+00    -6.1029217614E-01     1.8052267037E+00
    9.9000000000E+00    -2.6641651686E-02    -1.8957318358E+00    -6.4825980444E-01     1.8039973726E+00
    9.9050000000E+00    -3.6111648553E-02    -1.8921417035E+00    -6.8596813745E-01     1.8031406246E+00
    9.9100000000E+00    -4.5561818263E-02    -1.8878013244E+00    -7.2340209236E-01     1.8026557131E+00
    9.9150000000E+00    -5.4988415106E-02    -1.8827129577E+00    -7.6054669608E-01     1.8025412985E+00
    9.9200000000E+00    -6.4387705404E-02    -1.8768791568E+00    -7.9738709125E-01     1.8027954506E+00
    9.9250000000E+00    -7.3755968983E-02    -1.8703027687E+00    -8.3390854223E-01     1.8034156528E+00
    9.9300000000E+00    -8.3089500631E-02    -1.8629869322E+00    -8.7009644090E-01     1.8043988059E+00
    9.9350000000E+00    -9.2384611561E-02    -1.8549350766E+00    -9.0593631260E-01     1.8057412338E+00
    9.9400000000E+00    -1.0163763085E-01    -1.8461509201E+00    -9.4141382185E-01     1.8074386899E+00
    9.9450000000E+00    -1.1084490689E-01    -1.8366384678E+00    -9.7651477813E-01     1.8094863645E+00
    9.9500000000E+00    -1.2000280881E-01    -1.8264020102E+00    -1.0112251415E+00     1.8118788926E+00
    9.9550000000E+00    -1.2910772790E-01    -1.8154461211E+00    -1.0455310283E+00     1.8146103633E+00
    9.9600000000E+00    -1.3815607902E-01    -1.8037756555E+00    -1.0794187167E+00     1.8176743294E+00
    9.9650000000E+00    -1.4714430200E-01    -1.7913957476E+00    -1.1128746519E+00     1.8210638183E+00
    9.9700000000E+00    -1.5606886306E-01    -1.7783118083E+00    -1.1458854521E+00     1.8247713439E+00
    9.9750000000E+00    -1.6492625614E-01    -1.7645295230E+00    -1.1784379135E+00     1.8287889183E+00
    9.9800000000E+00    -1.7371300427E-01    -1.7500548490E+00    -1.2105190153E+00     1.8331080658E+00
    9.9850000000E+00    -1.8242566098E-01    -1.7348940131E+00    -1.2421159257E+00     1.8377198363E+00
    9.9900000000E+00    -1.9106081158E-01    -1.7190535087E+00    -1.2732160063E+00     1.8426148202E+00
    9.9950000000E+00    -1.9961507451E-01    -1.7025400931E+00    -1.3038068175E+00     1.8477831640E+00
    1.0000000000E+01    -2.0808510265E-01    -1.6853607843E+00    -1.3338761233E+00     1.8532145862E+00
    1.0005000000E+01    -2.1646758462E-01    -1.6675228588E+00    -1.3634118965E+00     1.8588983943E+00
    1.0010000000E+01    -2.2475924606E-01    -1.6490338476E+00    -1.3924023230E+00     1.8648235021E+00
    1.0015000000E+01    -2.3295685088E-01    -1.6299015334E+00    -1.4208358073E+00     1.8709784481E+00
    1.0020000000E+01    -2.4105720257E-01    -1.6101339476E+00    -1.4487009761E+00     1.8773514137E+00
    1.0025000000E+01    -2.4905714533E-01    -1.5897393662E+00    -1.4759866839E+00     1.8839302427E+00
    1.0030000000E+01    -2.5695356540E-01    -1.5687263072E+00    -1.5026820166E+00     1.8907024611E+00
    1.0035000000E+01    -2.6474339216E-01    -1.5471035261E+00    -1.5287762966E+00     1.8976552972E+00
    1.0040000000E+01    -2.7242359940E-01    -1.5248800131E+00    -1.5542590865E+00     1.9047757022E+00
    1.0045000000E+01    -2.7999120641E-01    -1.5020649887E+00    -1.5791201934E+00     1.9120503718E+00
    1.0050000000E+01    -2.8744327915E-01    -1.4786679004E+00    -1.6033496734E+00     1.9194657671E+00
    1.0055000000E+01    -2.9477693139E-01    -1.4546984183E+00    -1.6269378348E+00     1.9270081369E+00
    1.0060000000E+01    -3.0198932579E-01    -1.4301664313E+00    -1.6498752428E+00     1.9346635395E+00
    1.0065000000E+01    -3.0907767500E-01    -1.4050820432E+00    -1.6721527227E+00     1.9424178659E+00
    1.0070000000E+01    -3.1603924271E-01    -1.3794555683E+00    -1.6937613638E+00     1.9502568617E+00
    1.0075000000E+01    -3.2287134471E-01    -1.3532975270E+00    -1.7146925229E+00     1.9581661506E+00
    1.0080000000E+01    -3.2957134988E-01    -1.3266186420E+00    -1.7349378279E+00     1.9661312572E+00
    1.0085000000E+01    -3.3613668123E-01    -1.2994298334E+00    -1.7544891809E+00     1.9741376306E+00
    1.0090000000E+01    -3.4256481683E-01    -1.2717422145E+00    -1.7733387616E+00     1.9821706674E+00
    1.0095000000E+01    -3.4885329083E-01    -1.2435670872E+00    -1.7914790305E+00     1.9902157354E+00
    1.0100000000E+01    -3.5499969431E-01    -1.2149159372E+00    -1.8089027316E+00     1.9982581969E+00
    1.0105000000E+01    -3.6100167625E-01    -1.1858004298E+00    -1.8256028957E+00     2.0062834322E+00
    1.0110000000E+01    -3.6685694438E-01    -1.1562324045E+00    -1.8415728431E+00     2.0142768631E+00
    1.0115000000E+01    -3.7256326609E-01    -1.1262238708E+00    -1.8568061858E+00     2.0222239760E+00
    1.0120000000E+01    -3.7811846918E-01    -1.0957870029E+00    -1.8712968309E+00     2.0301103452E+00
    1.0125000000E+01    -3.8352044276E-01    -1.0649341350E+00    -1.8850389821E+00     2.0379216561E+00
    1.0130000000E+01    -3.8876713799E-01    -1.0336777562E+00    -1.8980271429E+00     2.0456437276E+00
    1.0135000000E+01    -3.9385656885E-01    -1.0020305054E+00    -1.9102561181E+00     2.0532625351E+00
    1.0140000000E+01    -3.9878681287E-01    -9.7000516658E-01    -1.9217210164E+00     2.0607642328E+00
    1.0145000000E+01    -4.0355601188E-01    -9.3761466306E-01    -1.9324172519E+00     2.0681351755E+00
    1.0150000000E+01    -4.0816237264E-01    -9.0487205273E-01    -1.9423405462E+00     2.0753619403E+00
    1.0155000000E+01    -4.1260416753E-01    -8.7179052262E-01    -1.9514869302E+00     2.0824313483E+00
    1.0160000000E+01    -4.1687973517E-01    -8.3838338368E-01    -1.9598527455E+00     2.0893304850E+00
    1.0165000000E+01    -4.2098748105E-01    -8.0466406538E-01    -1.9674346458E+00     2.0960467210E+00
    1.0170000000E+01    -4.2492587808E-01    -7.7064611036E-01    -1.9742295985E+00     2.1025677323E+00
    1.0175000000E+01    -4.2869346716E-01    -7.3634316901E-01    -1.9802348857E+00     2.1088815191E+00
    1.0180000000E+01    -4.3228885770E-01    -7.0176899399E-01    -1.9854481053E+00     2.1149764254E+00
    1.0185000000E+01    -4.3571072811E-01    -6.6693743478E-01    -1.9898671721E+00     2.1208411569E+00
    1.0190000000E+01    -4.3895782629E-01    -6.3186243208E-01    -1.9934903186E+00     2.1264647992E+00
    1.0195000000E+01    -4.4202897006E-01    -5.9655801234E-01    -1.9963160956E+00     2.1318368348E+00
    1.0200000000E+01    -4.4492304756E-01    -5.6103828212E-01    -1.9983433727E+00     2.1369471595E+00
    1.0205000000E+01    -4.4763901766E-01    -5.2531742247E-01    -1.9995713391E+00     2.1417860985E+00
    1.0210000000E+01    -4.5017591031E-01    -4.8940968334E-01    -1.9999995037E+00     2.1463444213E+00
    1.0215000000E+01    -4.5253282687E-01    -4.5332937790E-01    -1.9996276951E+00     2.1506133564E+00
    1.0220000000E+01    -4.5470894042E-01    -4.1709087683E-01    -1.9984560621E+00     2.1545846047E+00
    1.0225000000E+01    -4.5670349601E-01    -3.8070860268E-01    -1.9964850733E+00     2.1582503528E+00
    1.0230000000E+01    -4.5851581093E-01    -3.4419702412E-01    -1.9937155171E+00     2.1616032845E+00
    1.0235000000E+01    -4.6014527492E-01    -3.0757065025E-01    -1.9901485013E+00     2.1646365928E+00
    1.0240000000E+01    -4.6159135035E-01    -2.7084402484E-01    -1.9857854526E+00     2.1673439901E+00
    1.0245000000E+01    -4.6285357237E-01    -2.3403172059E-01    -1.9806281163E+00     2.1697197177E+00
    1.0250000000E+01    -4.6393154908E-01    -1.9714833340E-01    -1.9746785550E+00     2.1717585550E+00
    1.0255000000E+01    -4.6482496159E-01    -1.6020847660E-01    -1.9679391487E+00     2.1734558271E+00
    1.0260000000E+01    -4.6553356411E-01    -1.2322677521E-01    -1.9604125930E+00     2.1748074122E+00
    1.0265000000E+01    -4.6605718399E-01    -8.6217860167E-02    -1.9521018984E+00     2.1758097472E+00
    1.0270000000E+01    -4.6639572174E-01    -4.9196362613E-02    -1.9430103890E+00     2.1764598336E+00
    1.0275000000E+01    -4.6654915102E-01    -1.2176908108E-02    -1.9331417014E+00     2.1767552417E+00
    1.0280000000E+01    -4.6651751859E-01     2.4825889083E-02    -1.9224997829E+00     2.1766941139E+00
    1.0285000000E+01    -4.6630094422E-01     6.1797431728E-02    -1.9110888901E+00     2.1762751671E+00
    1.0290000000E+01    -4.6589962066E-01     9.8723145339E-02    -1.8989135872E+00     2.1754976950E+00
    1.0295000000E+01    -4.6531381340E-01     1.3558848388E-01    -1.8859787442E+00     2.1743615679E+00
    1.0300000000E+01    -4.6454386064E-01     1.7237893544E-01    -1.8722895349E+00     2.1728672332E+00
    1.0305000000E+01    -4.6359017299E-01     2.0908002792E-01    -1.8578514347E+00     2.1710157140E+00
    1.0310000000E+01    -4.6245323334E-01     2.4567733467E-01    -1.8426702187E+00     2.1688086067E+00
    1.0315000000E+01    -4.6113359659E-01     2.8215648012E-01    -1.8267519592E+00     2.1662480787E+00
    1.0320000000E+01    -4.5963188935E-01     3.1850314536E-01    -1.8101030232E+00     2.1633368639E+00
    1.0325000000E+01    -4.5794880971E-01     3.5470307373E-01    -1.7927300702E+00     2.1600782584E+00
    1.0330000000E+01    -4.5608512684E-01     3.9074207638E-01    -1.7746400491E+00     2.1564761144E+00
    1.0335000000E+01    -4.5404168069E-01     4.2660603773E-01    -1.7558401956E+00     2.1525348338E+00
    1.0340000000E+01    -4.5181938161E-01     4.6228092101E-01    -1.7363380294E+00     2.1482593609E+00
    1.0345000000E+01    -4.4941920988E-01     4.9775277365E-01    -1.7161413512E+00     2.1436551740E+00
    1.0350000000E+01    -4.4684221537E-01     5.3300773273E-01    -1.6952582393E+00     2.1387282760E+00
    1.0355000000E+01    -4.4408951701E-01     5.6803203031E-01    -1.6736970467E+00     2.1334851849E+00
    1.0360000000E+01    -4.4116230230E-01     6.0281199878E-01    -1.6514663976E+00     2.1279329227E+00
    1.0365000000E+01    -4.3806182686E-01     6.3733407611E-01    -1.6285751840E+00     2.1220790038E+00
    1.0370000000E+01    -4.3478941380E-01     6.7158481113E-01    -1.6050325620E+00     2.1159314228E+00
    1.0375000000E+01    -4.3134645323E-01     7.0555086866E-01    -1.5808479484E+00     2.1094986413E+00
    1.0380000000E+01    -4.2773440162E-01     7.3921903471E-01    -1.5560310167E+00     2.1027895739E+00
    1.0385000000E+01    -4.2395478120E-01     7.7257622150E-01    -1.5305916933E+00     2.0958135741E+00
    1.0390000000E+01    -4.2000917932E-01     8.0560947254E-01    -1.5045401537E+00     2.0885804183E+00
    1.0395000000E+01    -4.1589924776E-01     8.3830596759E-01    -1.4778868180E+00     2.0811002905E+00
    1.0400000000E+01    -4.1162670206E-01     8.7065302757E-01    -1.4506423474E+00     2.0733837657E+00
    1.0405000000E+01    -4.0719332079E-01     9.0263811942E-01    -1.4228176391E+00     2.0654417923E+00
    1.0410000000E+01    -4.0260094481E-01     9.3424886093E-01    -1.3944238228E+00     2.0572856747E+00
    1.0415000000E+01    -3.9785147650E-01     9.6547302543E-01    -1.3654722555E+00     2.0489270550E+00
    1.0420000000E+01    -3.9294687899E-01     9.9629854648E-01    -1.3359745175E+00     2.0403778939E+00
    1.0425000000E+01    -3.8788917531E-01     1.0267135225E+00    -1.3059424075E+00     2.0316504518E+00
    1.0430000000E+01    -3.8268044759E-01     1.0567062212E+00    -1.2753879380E+00     2.0227572686E+00
    1.0435000000E+01    -3.7732283618E-01     1.0862650842E+00    -1.2443233303E+00     2.0137111437E+00
    1.0440000000E+01    -3.7181853880E-01     1.1153787314E+00    -1.2127610099E+00     2.0045251152E+00
    1.0445000000E+01    -3.6616980959E-01     1.1440359652E+00    -1.1807136012E+00     1.9952124393E+00
    1.0450000000E+01    -3.6037895822E-01     1.1722257746E+00    -1.1481939229E+00     1.9857865686E+00
    1.0455000000E+01    -3.5444834895E-01     1.1999373400E+00    -1.1152149822E+00     1.9762611307E+00
    1.0460000000E+01    -3.4838039963E-01     1.2271600365E+00    -1.0817899705E+00     1.9666499060E+00
    1.0465000000E+01    -3.4217758077E-01     1.2538834383E+00    -1.0479322572E+00     1.9569668063E+00
    1.0470000000E+01    -3.3584241448E-01     1.2800973228E+00    -1.0136553849E+00     1.9472258516E+00
    1.0475000000E+01    -3.2937747347E-01     1.3057916742E+00    -9.7897306404E-01     1.9374411485E+00
    1.0480000000E+01    -3.2278538000E-01     1.3309566872E+00    -9.4389916699E-01     1.9276268670E+00
    1.0485000000E+01    -3.1606880485E-01     1.3555827708E+00    -9.0844772285E-01     1.9177972182E+00
    1.0490000000E+01    -3.0923046617E-01     1.3796605521E+00    -8.7263291173E-01     1.9079664315E+00
    1.0495000000E+01    -3.0227312845E-01     1.4031808793E+00    -8.3646905909E-01     1.8981487319E+00
    1.0500000000E+01    -2.9519960138E-01     1.4261348258E+00    -7.9997062997E-01     1.8883583172E+00
    1.0505000000E+01    -2.8801273870E-01     1.4485136927E+00    -7.6315222327E-01     1.8786093355E+00
    1.0510000000E+01    -2.8071543707E-01     1.4703090129E+00    -7.2602856586E-01     1.8689158627E+00
    1.0515000000E+01    -2.7331063491E-01     1.4915125535E+00    -6.8861450670E-01     1.8592918801E+00
    1.0520000000E+01    -2.6580131120E-01     1.5121163193E+00    -6.5092501092E-01     1.8497512519E+00
    1.0525000000E+01    -2.5819048430E-01     1.5321125557E+00    -6.1297515381E-01     1.8403077036E+00
    1.0530000000E+01    -2.5048121075E-01     1.5514937514E+00    -5.7478011481E-01     1.8309747997E+00
    1.0535000000E+01    -2.4267658400E-01     1.5702526412E+00    -5.3635517143E-01     1.8217659229E+00
    1.0540000000E+01    -2.3477973325E-01     1.5883822088E+00    -4.9771569314E-01     1.8126942521E+00
    1.0545000000E+01    -2.2679382210E-01     1.6058756892E+00    -4.5887713520E-01     1.8037727421E+00
    1.0550000000E+01    -2.1872204739E-01     1.6227265713E+00    -4.1985503253E-01     1.7950141027E+00
    1.0555000000E+01    -2.1056763785E-01     1.6389286000E+00    -3.8066499344E-01     1.7864307790E+00
    1.0560000000E+01    -2.0233385285E-01     1.6544757789E+00    -3.4132269343E-01     1.7780349316E+00
    1.0565000000E+01    -1.9402398108E-01     1.6693623721E+00    -3.0184386889E-01     1.7698384171E+00
    1.0570000000E+01    -1.8564133927E-01     1.6835829065E+00    -2.6224431083E-01     1.7618527699E+00
    1.0575000000E+01    -1.7718927084E-01     1.6971321733E+00    -2.2253985854E-01     1.7540891839E+00
    1.0580000000E+01    -1.6867114459E-01     1.7100052305E+00    -1.8274639328E-01     1.7465584944E+00
    1.0585000000E+01    -1.6009035338E-01     1.7221974042E+00    -1.4287983190E-01     1.7392711621E+00
    1.0590000000E+01    -1.5145031274E-01     1.7337042904E+00    -1.0295612048E-01     1.7322372555E+00
    1.0595000000E+01    -1.4275445956E-01     1.7445217562E+00    -6.2991227997E-02     1.7254664362E+00
    1.0600000000E+01    -1.3400625069E-01     1.7546459419E+00    -2.3001139858E-02     1.7189679430E+00
    1.0605000000E+01    -1.2520916162E-01     1.7640732617E+00     1.6998148430E-02     1.7127505779E+00
    1.0610000000E+01    -1.1636668508E-01     1.7728004052E+00     5.6990637685E-02     1.7068226923E+00
    1.0615000000E+01    -1.0748232963E-01     1.7808243383E+00     9.6960331445E-02     1.7011921738E+00
    1.0620000000E+01    -9.8559618349E-02     1.7881423045E+00     1.3689124237E-01     1.6958664343E+00
    1.0625000000E+01    -8.9602087374E-02     1.7947518256E+00     1.7676739861E-01     1.6908523983E+00
    1.0630000000E+01    -8.0613284545E-02     1.8006507022E+00     2.1657285026E-01     1.6861564921E+00
    1.0635000000E+01    -7.1596768002E-02     1.8058370150E+00     2.5629167565E-01     1.6817846343E+00
    1.0640000000E+01    -6.2556104778E-02     1.8103091249E+00     2.9590798779E-01     1.6777422263E+00
    1.0645000000E+01    -5.3494869400E-02     1.8140656734E+00     3.3540594068E-01     1.6740341442E+00
    1.0650000000E+01    -4.4416642486E-02     1.8171055833E+00     3.7476973567E-01     1.6706647317E+00
    1.0655000000E+01    -3.5325009336E-02     1.8194280585E+00     4.1398362776E-01     1.6676377929E+00
    1.0660000000E+01    -2.6223558527E-02     1.8210325846E+00     4.5303193192E-01     1.6649565873E+00
    1.0665000000E+01    -1.7115880505E-02     1.8219189284E+00     4.9189902934E-01     1.6626238245E+00
    1.0670000000E+01    -8.0055661769E-03     1.8220871383E+00     5.3056937371E-01     1.6606416606E+00
    1.0675000000E+01     1.1037944928E-03     1.8215375435E+00     5.6902749741E-01     1.6590116948E+00
    1.0680000000E+01     1.0208613890E-02     1.8202707544E+00     6.0725801770E-01     1.6577349676E+00
    1.0685000000E+01     1.9305308153E-02     1.8182876615E+00     6.4524564287E-01     1.6568119592E+00
    1.0690000000E+01     2.8390298572E-02     1.8155894353E+00     6.8297517839E-01     1.6562425893E+00
    1.0695000000E+01     3.7460012989E-02     1.8121775255E+00     7.2043153294E-01     1.6560262177E+00
    1.0700000000E+01     4.6510887191E-02     1.8080536603E+00     7.5759972449E-01     1.6561616456E+00
    1.0705000000E+01     5.5539366300E-02     1.8032198455E+00     7.9446488625E-01     1.6566471177E+00
    1.0710000000E+01     6.4541906158E-02     1.7976783634E+00     8.3101227265E-01     1.6574803257E+00
    1.0715000000E+01     7.3514974709E-02     1.7914317721E+00     8.6722726522E-01     1.6586584120E+00
    1.0720000000E+01     8.2455053374E-02     1.7844829038E+00     9.0309537844E-01     1.6601779753E+00
    1.0725000000E+01     9.1358638419E-02     1.7768348642E+00     9.3860226556E-01     1.6620350754E+00
    1.0730000000E+01     1.0022224232E-01     1.7684910303E+00     9.7373372428E-01     1.6642252406E+00
    1.0735000000E+01     1.0904239510E-01     1.7594550496E+00     1.0084757025E+00     1.6667434750E+00
    1.0740000000E+01     1.1781564572E-01     1.7497308381E+00     1.0428143039E+00     1.6695842666E+00
    1.0745000000E+01     1.2653856336E-01     1.7393225788E+00     1.0767357934E+00     1.6727415967E+00
    1.0750000000E+01     1.3520773880E-01     1.7282347198E+00     1.1102266030E+00     1.6762089497E+00
    1.0755000000E+01     1.4381978570E-01     1.7164719724E+00     1.1432733368E+00     1.6799793236E+00
    1.0760000000E+01     1.5237134196E-01     1.7040393090E+00     1.1758627765E+00     1.6840452419E+00
    1.0765000000E+01     1.6085907095E-01     1.6909419614E+00     1.2079818867E+00     1.6883987655E+00
    1.0770000000E+01     1.6927966287E-01     1.6771854181E+00     1.2396178203E+00     1.6930315059E+00
    1.0775000000E+01     1.7762983600E-01     1.6627754220E+00     1.2707579233E+00     1.6979346384E+00
    1.0780000000E+01     1.8590633796E-01     1.6477179687E+00     1.3013897401E+00     1.7030989171E+00
    1.0785000000E+01     1.9410594696E-01     1.6320193031E+00     1.3315010183E+00     1.7085146893E+00
    1.0790000000E+01     2.0222547308E-01     1.6156859173E+00     1.3610797139E+00     1.7141719114E+00
    1.0795000000E+01     2.1026175946E-01     1.5987245480E+00     1.3901139957E+00     1.7200601652E+00
    1.0800000000E+01     2.1821168352E-01     1.5811421734E+00     1.4185922505E+00     1.7261686745E+00
    1.0805000000E+01     2.2607215818E-01     1.5629460104E+00     1.4465030872E+00     1.7324863228E+00
    1.0810000000E+01     2.3384013303E-01     1.5441435120E+00     1.4738353421E+00     1.7390016709E+00
    1.0815000000E+01     2.4151259551E-01     1.5247423636E+00     1.5005780824E+00     1.7457029757E+00
    1.0820000000E+01     2.4908657207E-01     1.5047504807E+00     1.5267206115E+00     1.7525782085E+00
    1.0825000000E+01     2.5655912930E-01     1.4841760048E+00     1.5522524728E+00     1.7596150749E+00
    1.0830000000E+01     2.6392737504E-01     1.4630273008E+00     1.5771634537E+00     1.7668010344E+00
    1.0835000000E+01     2.7118845953E-01     1.4413129530E+00     1.6014435903E+00     1.7741233201E+00
    1.0840000000E+01     2.7833957647E-01     1.4190417623E+00     1.6250831708E+00     1.7815689599E+00
    1.0845000000E+01     2.8537796407E-01     1.3962227421E+00     1.6480727397E+00     1.7891247965E+00
    1.0850000000E+01     2.9230090618E-01     1.3728651147E+00     1.6704031015E+00     1.7967775091E+00
    1.0855000000E+01     2.9910573322E-01     1.3489783079E+00     1.6920653243E+00     1.8045136341E+00
    1.0860000000E+01     3.0578982331E-01     1.3245719511E+00     1.7130507435E+00     1.8123195873E+00
    1.0865000000E+01     3.1235060317E-01     1.2996558712E+00     1.7333509653E+00     1.8201816848E+00
    1.0870000000E+01     3.1878554915E-01     1.2742400889E+00     1.7529578698E+00     1.8280861656E+00
    1.0875000000E+01     3.2509218821E-01     1.2483348146E+00     1.7718636145E+00     1.8360192130E+00
    1.0880000000E+01     3.3126809878E-01     1.2219504442E+00     1.7900606375E+00     1.8439669767E+00
    1.0885000000E+01     3.3731091176E-01     1.1950975552E+00     1.8075416600E+00     1.8519155951E+00
    1.0890000000E+01     3.4321831137E-01     1.1677869023E+00     1.8242996899E+00     1.8598512172E+00
    1.0895000000E+01     3.4898803603E-01     1.1400294133E+00     1.8403280243E+00     1.8677600245E+00
    1.0900000000E+01     3.5461787924E-01     1.1118361843E+00     1.8556202521E+00     1.8756282531E+00
    1.0905000000E+01     3.6010569038E-01     1.0832184757E+00     1.8701702565E+00     1.8834422156E+00
    1.0910000000E+01     3.6544937554E-01     1.0541877079E+00     1.8839722177E+00     1.8911883226E+00
    1.0915000000E+01     3.7064689830E-01     1.0247554560E+00     1.8970206151E+00     1.8988531045E+00
    1.0920000000E+01     3.7569628048E-01     9.9493344596E-01     1.9093102296E+00     1.9064232326E+00
    1.0925000000E+01     3.8059560293E-01     9.6473354967E-01     1.9208361455E+00     1.9138855406E+00
    1.0930000000E+01     3.8534300617E-01     9.3416778020E-01     1.9315937525E+00     1.9212270448E+00
    1.0935000000E+01     3.8993669117E-01     9.0324828711E-01     1.9415787477E+00     1.9284349653E+00
    1.0940000000E+01     3.9437491995E-01     8.7198735166E-01     1.9507871374E+00     1.9354967456E+00
    1.0945000000E+01     3.9865601628E-01     8.4039738192E-01     1.9592152382E+00     1.9424000729E+00
    1.0950000000E+01     4.0277836625E-01     8.0849090791E-01     1.9668596790E+00     1.9491328973E+00
    1.0955000000E+01     4.0674041891E-01     7.7628057665E-01     1.9737174022E+00     1.9556834506E+00
    1.0960000000E+01     4.1054068684E-01     7.4377914717E-01     1.9797856647E+00     1.9620402654E+00
    1.0965000000E+01     4.1417774665E-01     7.1099948550E-01     1.9850620394E+00     1.9681921924E+00
    1.0970000000E+01     4.1765023957E-01     6.7795455958E-01     1.9895444157E+00     1.9741284186E+00
    1.0975000000E+01     4.2095687190E-01     6.4465743422E-01     1.9932310008E+00     1.9798384837E+00
    1.0980000000E+01     4.2409641549E-01     6.1112126590E-01     1.9961203200E+00     1.9853122972E+00
    1.0985000000E+01     4.2706770821E-01     5.7735929766E-01     1.9982112178E+00     1.9905401533E+00
    1.0990000000E+01     4.2986965433E-01     5.4338485389E-01     1.9995028577E+00     1.9955127469E+00
    1.0995000000E+01     4.3250122495E-01     5.0921133511E-01     1.9999947231E+00     2.0002211877E+00
    1.1000000000E+01     4.3496145834E-01     4.7485221270E-01     1.9996866173E+00     2.0046570143E+00
    1.1005000000E+01     4.3724946029E-01     4.4032102366E-01     1.9985786635E+00     2.0088122072E+00
    1.1010000000E+01     4.3936440445E-01     4.0563136530E-01     1.9966713049E+00     2.0126792012E+00
    1.1015000000E+01     4.4130553258E-01     3.7079688992E-01     1.9939653044E+00     2.0162508976E+00
    1.1020000000E+01     4.4307215482E-01     3.3583129949E-01     1.9904617443E+00     2.0195206746E+00
    1.1025000000E+01     4.4466364995E-01     3.0074834030E-01     1.9861620261E+00     2.0224823980E+00
    1.1030000000E+01     4.4607946558E-01     2.6556179759E-01     1.9810678696E+00     2.0251304303E+00
    1.1035000000E+01     4.4731911832E-01     2.3028549018E-01     1.9751813123E+00     2.0274596396E+00
    1.1040000000E+01     4.4838219395E-01     1.9493326508E-01     1.9685047089E+00     2.0294654074E+00
    1.1045000000E+01     4.4926834755E-01     1.5951899211E-01     1.9610407298E+00     2.0311436356E+00
    1.1050000000E+01     4.4997730360E-01     1.2405655850E-01     1.9527923605E+00     2.0324907524E+00
    1.1055000000E+01     4.5050885604E-01     8.8559863458E-02     1.9437629004E+00     2.0335037184E+00
    1.1060000000E+01     4.5086286831E-01     5.3042812832E-02     1.9339559610E+00     2.0341800302E+00
    1.1065000000E+01     4.5103927342E-01     1.7519313647E-02     1.9233754650E+00     2.0345177249E+00
    1.1070000000E+01     4.5103807388E-01    -1.7996731263E-02     1.9120256445E+00     2.0345153820E+00
    1.1075000000E+01     4.5085934169E-01    -5.3491428661E-02     1.8999110392E+00     2.0341721264E+00
    1.1080000000E+01     4.5050321830E-01    -8.8950900289E-02     1.8870364948E+00     2.0334876284E+00
    1.1085000000E+01     4.4996991450E-01    -1.2436128825E-01     1.8734071610E+00     2.0324621046E+00
    1.1090000000E+01     4.4925971029E-01    -1.5970876037E-01     1.8590284893E+00     2.0310963170E+00
    1.1095000000E+01     4.4837295476E-01    -1.9497951557E-01     1.8439062310E+00     2.0293915714E+00
    1.1100000000E+01     4.4731006594E-01    -2.3015978918E-01     1.8280464348E+00     2.0273497152E+00
    1.1105000000E+01     4.4607153056E-01    -2.6523585829E-01     1.8114554443E+00     2.0249731340E+00
    1.1110000000E+01     4.4465790384E-01    -3.0019404702E-01     1.7941398959E+00     2.0222647474E+00
    1.1115000000E+01     4.4306980927E-01    -3.3502073183E-01     1.7761067154E+00     2.0192280042E+00
    1.1120000000E+01     4.4130793831E-01    -3.6970234678E-01     1.7573631159E+00     2.0158668768E+00
    1.1125000000E+01     4.3937305010E-01    -4.0422538875E-01     1.7379165946E+00     2.0121858540E+00
    1.1130000000E+01     4.3726597112E-01    -4.3857642265E-01     1.7177749299E+00     2.0081899342E+00
    1.1135000000E+01     4.3498759484E-01    -4.7274208660E-01     1.6969461780E+00     2.0038846169E+00
    1.1140000000E+01     4.3253888136E-01    -5.0670909708E-01     1.6754386703E+00     1.9992758934E+00
    1.1145000000E+01     4.2992085697E-01    -5.4046425404E-01     1.6532610095E+00     1.9943702376E+00
    1.1150000000E+01     4.2713461377E-01    -5.7399444598E-01     1.6304220664E+00     1.9891745949E+00
    1.1155000000E+01     4.2418130917E-01    -6.0728665501E-01     1.6069309761E+00     1.9836963712E+00
    1.1160000000E+01     4.2106216541E-01    -6.4032796179E-01     1.5827971349E+00     1.9779434207E+00
    1.1165000000E+01     4.1777846910E-01    -6.7310555059E-01     1.5580301959E+00     1.9719240336E+00
    1.1170000000E+01     4.1433157064E-01    -7.0560671413E-01     1.5326400656E+00     1.9656469218E+00
    1.1175000000E+01     4.1072288368E-01    -7.3781885848E-01     1.5066368998E+00     1.9591212057E+00
    1.1180000000E+01     4.0695388456E-01    -7.6972950790E-01     1.4800310992E+00     1.9523563993E+00
    1.1185000000E+01     4.0302611170E-01    -8.0132630961E-01     1.4528333060E+00     1.9453623944E+00
    1.1190000000E+01     3.9894116494E-01    -8.3259703853E-01     1.4250543988E+00     1.9381494452E+00
    1.1195000000E+01     3.9470070495E-01    -8.6352960195E-01     1.3967054888E+00     1.9307281516E+00
    1.1200000000E+01     3.9030645248E-01    -8.9411204416E-01     1.3677979153E+00     1.9231094423E+00
    1.1205000000E+01     3.8576018776E-01    -9.2433255100E-01     1.3383432408E+00     1.9153045570E+00
    1.1210000000E+01     3.8106374967E-01    -9.5417945442E-01     1.3083532469E+00     1.9073250287E+00
    1.1215000000E+01     3.7621903511E-01    -9.8364123688E-01     1.2778399291E+00     1.8991826652E+00
    1.1220000000E+01     3.7122799813E-01    -1.0127065358E+00     1.2468154924E+00     1.8908895298E+00
    1.1225000000E+01     3.6609264925E-01    -1.0413641479E+00     1.2152923462E+00     1.8824579226E+00
    1.1230000000E+01     3.6081505456E-01    -1.0696030332E+00     1.1832830991E+00     1.8739003603E+00
    1.1235000000E+01     3.5539733495E-01    -1.0974123199E+00     1.1508005547E+00     1.8652295568E+00
    1.1240000000E+01     3.4984166522E-01    -1.1247813076E+00     1.1178577053E+00     1.8564584022E+00
    1.1245000000E+01     3.4415027327E-01    -1.1516994722E+00     1.0844677278E+00     1.8475999431E+00
    1.1250000000E+01     3.3832543914E-01    -1.1781564693E+00     1.0506439776E+00     1.8386673608E+00
    1.1255000000E+01     3.3236949416E-01    -1.2041421385E+00     1.0163999839E+00     1.8296739513E+00
    1.1260000000E+01     3.2628481996E-01    -1.2296465071E+00     9.8174944371E-01     1.8206331035E+00
    1.1265000000E+01     3.2007384759E-01    -1.2546597938E+00     9.4670621684E-01     1.8115582782E+00
    1.1270000000E+01     3.1373905650E-01    -1.2791724127E+00     9.1128432010E-01     1.8024629864E+00
    1.1275000000E+01     3.0728297358E-01    -1.3031749766E+00     8.7549792179E-01     1.7933607684E+00
    1.1280000000E+01     3.0070817217E-01    -1.3266583007E+00     8.3936133598E-01     1.7842651715E+00
    1.1285000000E+01     2.9401727098E-01    -1.3496134061E+00     8.0288901683E-01     1.7751897292E+00
    1.1290000000E+01     2.8721293312E-01    -1.3720315230E+00     7.6609555277E-01     1.7661479396E+00
    1.1295000000E+01     2.8029786502E-01    -1.3939040944E+00     7.2899566071E-01     1.7571532435E+00
    1.1300000000E+01     2.7327481536E-01    -1.4152227788E+00     6.9160418011E-01     1.7482190038E+00
    1.1305000000E+01     2.6614657396E-01    -1.4359794537E+00     6.5393606705E-01     1.7393584841E+00
    1.1310000000E+01     2.5891597071E-01    -1.4561662188E+00     6.1600638829E-01     1.7305848272E+00
    1.1315000000E+01     2.5158587445E-01    -1.4757753983E+00     5.7783031518E-01     1.7219110353E+00
    1.1320000000E+01     2.4415919182E-01    -1.4947995445E+00     5.3942311766E-01     1.7133499486E+00
    1.1325000000E+01     2.3663886612E-01    -1.5132314402E+00     5.0080015807E-01     1.7049142254E+00
    1.1330000000E+01     2.2902787618E-01    -1.5310641015E+00     4.6197688511E-01     1.6966163221E+00
    1.1335000000E+01     2.2132923512E-01    -1.5482907804E+00     4.2296882754E-01     1.6884684735E+00
    1.1340000000E+01     2.1354598923E-01    -1.5649049672E+00     3.8379158809E-01     1.6804826733E+00
    1.1345000000E+01     2.0568121675E-01    -1.5809003932E+00     3.4446083712E-01     1.6726706559E+00
    1.1350000000E+01     1.9773802665E-01    -1.5962710328E+00     3.0499230640E-01     1.6650438769E+00
    1.1355000000E+01     1.8971955741E-01    -1.6110111057E+00     2.6540178283E-01     1.6576134959E+00
    1.1360000000E+01     1.8162897580E-01    -1.6251150792E+00     2.2570510209E-01     1.6503903588E+00
    1.1365000000E+01     1.7346947563E-01    -1.6385776702E+00     1.8591814231E-01     1.6433849804E+00
    1.1370000000E+01     1.6524427650E-01    -1.6513938471E+00     1.4605681776E-01     1.6366075282E+00
    1.1375000000E+01     1.5695662252E-01    -1.6635588315E+00     1.0613707243E-01     1.6300678065E+00
    1.1380000000E+01     1.4860978108E-01    -1.6750681004E+00     6.6174873677E-02     1.6237752409E+00
    1.1385000000E+01     1.4020704153E-01    -1.6859173874E+00     2.6186205863E-02     1.6177388635E+00
    1.1390000000E+01     1.3175171390E-01    -1.6961026843E+00    -1.3812936085E-02     1.6119672990E+00
    1.1395000000E+01     1.2324712762E-01    -1.7056202428E+00    -5.3806553043E-02     1.6064687509E+00
    1.1400000000E+01     1.1469663022E-01    -1.7144665756E+00    -9.3778648097E-02     1.6012509892E+00
    1.1405000000E+01     1.0610358599E-01    -1.7226384578E+00    -1.3371323294E-01     1.5963213378E+00
    1.1410000000E+01     9.7471374705E-02    -1.7301329282E+00    -1.7359433428E-01     1.5916866634E+00
    1.1415000000E+01     8.8803390269E-02    -1.7369472896E+00    -2.1340600019E-01     1.5873533647E+00
    1.1420000000E+01     8.0103039418E-02    -1.7430791109E+00    -2.5313230655E-01     1.5833273627E+00
    1.1425000000E+01     7.1373740378E-02    -1.7485262269E+00    -2.9275736337E-01     1.5796140913E+00
    1.1430000000E+01     6.2618921531E-02    -1.7532867396E+00    -3.3226532114E-01     1.5762184890E+00
    1.1435000000E+01     5.3842020080E-02    -1.7573590187E+00    -3.7164037721E-01     1.5731449916E+00
    1.1440000000E+01     4.5046480712E-02    -1.7607417021E+00    -4.1086678209E-01     1.5703975249E+00
    1.1445000000E+01     3.6235754251E-02    -1.7634336962E+00    -4.4992884573E-01     1.5679794993E+00
    1.1450000000E+01     2.7413296316E-02    -1.7654341766E+00    -4.8881094383E-01     1.5658938041E+00
    1.1455000000E+01     1.8582565976E-02    -1.7667425880E+00    -5.2749752408E-01     1.5641428037E+00
    1.1460000000E+01     9.7470244040E-03    -1.7673586443E+00    -5.6597311234E-01     1.5627283336E+00
    1.1465000000E+01     9.1013352914E-04    -1.7672823287E+00    -6.0422231891E-01     1.5616516981E+00
    1.1470000000E+01    -7.9246453085E-03    -1.7665138939E+00    -6.4222984461E-01     1.5609136687E+00
    1.1475000000E+01    -1.6753852704E-02    -1.7650538612E+00    -6.7998048693E-01     1.5605144823E+00
    1.1480000000E+01    -2.5574032532E-02    -1.7629030209E+00    -7.1745914612E-01     1.5604538420E+00
    1.1485000000E+01    -3.4381733290E-02    -1.7600624316E+00    -7.5465083122E-01     1.5607309175E+00
    1.1490000000E+01    -4.3173509435E-02    -1.7565334196E+00    -7.9154066605E-01     1.5613443463E+00
    1.1495000000E+01    -5.1945922728E-02    -1.7523175784E+00    -8.2811389517E-01     1.5622922367E+00
    1.1500000000E+01    -6.0695543562E-02    -1.7474167681E+00    -8.6435588977E-01     1.5635721708E+00
    1.1505000000E+01    -6.9418952295E-02    -1.7418331143E+00    -9.0025215354E-01     1.5651812085E+00
    1.1510000000E+01    -7.8112740576E-02    -1.7355690076E+00    -9.3578832845E-01     1.5671158925E+00
    1.1515000000E+01    -8.6773512665E-02    -1.7286271021E+00    -9.7095020051E-01     1.5693722541E+00
    1.1520000000E+01    -9.5397886753E-02    -1.7210103146E+00    -1.0057237054E+00     1.5719458195E+00
    1.1525000000E+01    -1.0398249626E-01    -1.7127218234E+00    -1.0400949343E+00     1.5748316175E+00
    1.1530000000E+01    -1.1252399117E-01    -1.7037650668E+00    -1.0740501390E+00     1.5780241873E+00
    1.1535000000E+01    -1.2101903928E-01    -1.6941437417E+00    -1.1075757380E+00     1.5815175874E+00
    1.1540000000E+01    -1.2946432752E-01    -1.6838618022E+00    -1.1406583215E+00     1.5853054054E+00
    1.1545000000E+01    -1.3785656325E-01    -1.6729234579E+00    -1.1732846569E+00     1.5893807683E+00
    1.1550000000E+01    -1.4619247549E-01    -1.6613331723E+00    -1.2054416940E+00     1.5937363535E+00
    1.1555000000E+01    -1.5446881623E-01    -1.6490956607E+00    -1.2371165706E+00     1.5983644010E+00
    1.1560000000E+01    -1.6268236163E-01    -1.6362158888E+00    -1.2682966170E+00     1.6032567252E+00
    1.1565000000E+01    -1.7082991333E-01    -1.6226990701E+00    -1.2989693616E+00     1.6084047289E+00
    1.1570000000E+01    -1.7890829965E-01    -1.6085506642E+00    -1.3291225359E+00     1.6137994165E+00
    1.1575000000E+01    -1.8691437680E-01    -1.5937763745E+00    -1.3587440788E+00     1.6194314085E+00
    1.1580000000E+01    -1.9484503012E-01    -1.5783821459E+00    -1.3878221422E+00     1.6252909568E+00
    1.1585000000E+01    -2.0269717529E-01    -1.5623741623E+00    -1.4163450953E+00     1.6313679603E+00
    1.1590000000E+01    -2.1046775949E-01    -1.5457588446E+00    -1.4443015293E+00     1.6376519807E+00
    1.1595000000E+01    -2.1815376257E-01    -1.5285428475E+00    -1.4716802618E+00     1.6441322595E+00
    1.1600000000E+01    -2.2575219827E-01    -1.5107330571E+00    -1.4984703419E+00     1.6507977352E+00
    1.1605000000E+01    -2.3326011531E-01    -1.4923365886E+00    -1.5246610538E+00     1.6576370608E+00
    1.1610000000E+01    -2.4067459856E-01    -1.4733607827E+00    -1.5502419217E+00     1.6646386219E+00
    1.1615000000E+01    -2.4799277015E-01    -1.4538132032E+00    -1.5752027134E+00     1.6717905554E+00
    1.1620000000E+01    -2.5521179058E-01    -1.4337016340E+00    -1.5995334451E+00     1.6790807682E+00
    1.1625000000E+01    -2.6232885981E-01    -1.4130340759E+00    -1.6232243847E+00     1.6864969567E+00
    1.1630000000E+01    -2.6934121835E-01    -1.3918187432E+00    -1.6462660562E+00     1.6940266260E+00
    1.1635000000E+01    -2.7624614829E-01    -1.3700640610E+00    -1.6686492432E+00     1.7016571101E+00
    1.1640000000E+01    -2.8304097440E-01    -1.3477786614E+00    -1.6903649928E+00     1.7093755920E+00
    1.1645000000E+01    -2.8972306507E-01    -1.3249713805E+00    -1.7114046189E+00     1.7171691239E+00
    1.1650000000E+01    -2.9628983343E-01    -1.3016512543E+00    -1.7317597060E+00     1.7250246479E+00
    1.1655000000E+01    -3.0273873823E-01    -1.2778275160E+00    -1.7514221123E+00     1.7329290166E+00
    1.1660000000E+01    -3.0906728492E-01    -1.2535095917E+00    -1.7703839731E+00     1.7408690143E+00
    1.1665000000E+01    -3.1527302651E-01    -1.2287070969E+00    -1.7886377039E+00     1.7488313774E+00
    1.1670000000E+01    -3.2135356458E-01    -1.2034298328E+00    -1.8061760035E+00     1.7568028159E+00
    1.1675000000E+01    -3.2730655016E-01    -1.1776877824E+00    -1.8229918567E+00     1.7647700342E+00
    1.1680000000E+01    -3.3312968466E-01    -1.1514911066E+00    -1.8390785376E+00     1.7727197523E+00
    1.1685000000E+01    -3.3882072072E-01    -1.1248501401E+00    -1.8544296115E+00     1.7806387267E+00
    1.1690000000E+01    -3.4437746306E-01    -1.0977753875E+00    -1.8690389383E+00     1.7885137714E+00
    1.1695000000E+01    -3.4979776938E-01    -1.0702775194E+00    -1.8829006745E+00     1.7963317789E+00
    1.1700000000E+01    -3.5507955109E-01    -1.0423673676E+00    -1.8960092754E+00     1.8040797406E+00
    1.1705000000E+01    -3.6022077421E-01    -1.0140559215E+00    -1.9083594980E+00     1.8117447677E+00
    1.1710000000E+01    -3.6521946003E-01    -9.8535432342E-01    -1.9199464022E+00     1.8193141112E+00
    1.1715000000E+01    -3.7007368599E-01    -9.5627386441E-01    -1.9307653535E+00     1.8267751825E+00
    1.1720000000E+01    -3.7478158628E-01    -9.2682597983E-01    -1.9408120243E+00     1.8341155726E+00
    1.1725000000E+01    -3.7934135268E-01    -8.9702224487E-01    -1.9500823962E+00     1.8413230724E+00
    1.1730000000E+01    -3.8375123515E-01    -8.6687437002E-01    -1.9585727612E+00     1.8483856915E+00
    1.1735000000E+01    -3.8800954253E-01    -8.3639419653E-01    -1.9662797231E+00     1.8552916769E+00
    1.1740000000E+01    -3.9211464321E-01    -8.0559369179E-01    -1.9732001994E+00     1.8620295323E+00
    1.1745000000E+01    -3.9606496569E-01    -7.7448494466E-01    -1.9793314220E+00     1.8685880353E+00
    1.1750000000E+01    -3.9985899924E-01    -7.4308016077E-01    -1.9846709383E+00     1.8749562554E+00
    1.1755000000E+01    -4.0349529442E-01    -7.1139165778E-01    -1.9892166127E+00     1.8811235716E+00
    1.1760000000E+01    -4.0697246365E-01    -6.7943186055E-01    -1.9929666270E+00     1.8870796883E+00
    1.1765000000E+01    -4.1028918173E-01    -6.4721329636E-01    -1.9959194813E+00     1.8928146520E+00
    1.1770000000E+01    -4.1344418636E-01    -6.1474859001E-01    -1.9980739943E+00     1.8983188668E+00
    1.1775000000E+01    -4.1643627858E-01    -5.8205045890E-01    -1.9994293044E+00     1.9035831095E+00
    1.1780000000E+01    -4.1926432324E-01    -5.4913170813E-01    -1.9999848694E+00     1.9085985439E+00
    1.1785000000E+01    -4.2192724943E-01    -5.1600522548E-01    -1.9997404672E+00     1.9133567345E+00
    1.1790000000E+01    -4.2442405088E-01    -4.8268397644E-01    -1.9986961954E+00     1.9178496602E+00
    1.1795000000E+01    -4.2675378631E-01    -4.4918099917E-01    -1.9968524718E+00     1.9220697263E+00
    1.1800000000E+01    -4.2891557982E-01    -4.1550939940E-01    -1.9942100338E+00     1.9260097766E+00
    1.1805000000E+01    -4.3090862120E-01    -3.8168234543E-01    -1.9907699384E+00     1.9296631047E+00
    1.1810000000E+01    -4.3273216622E-01    -3.4771306294E-01    -1.9865335616E+00     1.9330234639E+00
    1.1815000000E+01    -4.3438553691E-01    -3.1361482990E-01    -1.9815025979E+00     1.9360850775E+00
    1.1820000000E+01    -4.3586812181E-01    -2.7940097141E-01    -1.9756790595E+00     1.9388426475E+00
    1.1825000000E+01    -4.3717937619E-01    -2.4508485457E-01    -1.9690652758E+00     1.9412913626E+00
    1.1830000000E+01    -4.3831882226E-01    -2.1067988324E-01    -1.9616638923E+00     1.9434269061E+00
    1.1835000000E+01    -4.3928604932E-01    -1.7619949290E-01    -1.9534778694E+00     1.9452454619E+00
    1.1840000000E+01    -4.4008071393E-01    -1.4165714542E-01    -1.9445104813E+00     1.9467437211E+00
    1.1845000000E+01    -4.4070253998E-01    -1.0706632386E-01    -1.9347653150E+00     1.9479188863E+00
    1.1850000000E+01    -4.4115131887E-01    -7.2440527247E-02    -1.9242462684E+00     1.9487686764E+00
    1.1855000000E+01    -4.4142690948E-01    -3.7793265340E-02    -1.9129575490E+00     1.9492913296E+00
    1.1860000000E+01    -4.4152923828E-01    -3.1380534213E-03    -1.9009036720E+00     1.9494856062E+00
    1.1865000000E+01    -4.4145829930E-01     3.1511592943E-02    -1.8880894589E+00     1.9493507904E+00
    1.1870000000E+01    -4.4121415414E-01     6.6142163130E-02    -1.8745200351E+00     1.9488866911E+00
    1.1875000000E+01    -4.4079693196E-01     1.0074015668E-01    -1.8602008284E+00     1.9480936419E+00
    1.1880000000E+01    -4.4020682935E-01     1.3529208852E-01    -1.8451375661E+00     1.9469725007E+00
    1.1885000000E+01    -4.3944411029E-01     1.6978449418E-01    -1.8293362734E+00     1.9455246480E+00
    1.1890000000E+01    -4.3850910603E-01     2.0420393498E-01    -1.8128032706E+00     1.9437519842E+00
    1.1895000000E+01    -4.3740221491E-01     2.3853700325E-01    -1.7955451707E+00     1.9416569270E+00
    1.1900000000E+01    -4.3612390224E-01     2.7277032747E-01    -1.7775688766E+00     1.9392424068E+00
    1.1905000000E+01    -4.3467470010E-01     3.0689057749E-01    -1.7588815787E+00     1.9365118623E+00
    1.1910000000E+01    -4.3305520707E-01     3.4088446962E-01    -1.7394907516E+00     1.9334692345E+00
    1.1915000000E+01    -4.3126608806E-01     3.7473877179E-01    -1.7194041513E+00     1.9301189607E+00
    1.1920000000E+01    -4.2930807398E-01     4.0844030867E-01    -1.6986298124E+00     1.9264659667E+00
    1.1925000000E+01    -4.2718196145E-01     4.4197596672E-01    -1.6771760442E+00     1.9225156595E+00
    1.1930000000E+01    -4.2488861253E-01     4.7533269927E-01    -1.6550514279E+00     1.9182739181E+00
    1.1935000000E+01    -4.2242895431E-01     5.0849753157E-01    -1.6322648131E+00     1.9137470842E+00
    1.1940000000E+01    -4.1980397856E-01     5.4145756577E-01    -1.6088253141E+00     1.9089419519E+00
    1.1945000000E+01    -4.1701474136E-01     5.7419998590E-01    -1.5847423065E+00     1.9038657570E+00
    1.1950000000E+01    -4.1406236262E-01     6.0671206281E-01    -1.5600254231E+00     1.8985261650E+00
    1.1955000000E+01    -4.1094802571E-01     6.3898115911E-01    -1.5346845503E+00     1.8929312592E+00
    1.1960000000E+01    -4.0767297692E-01     6.7099473400E-01    -1.5087298242E+00     1.8870895276E+00
    1.1965000000E+01    -4.0423852499E-01     7.0274034812E-01    -1.4821716262E+00     1.8810098493E+00
    1.1970000000E+01    -4.0064604061E-01     7.3420566836E-01    -1.4550205794E+00     1.8747014803E+00
    1.1975000000E+01    -3.9689695585E-01     7.6537847258E-01    -1.4272875437E+00     1.8681740388E+00
    1.1980000000E+01    -3.9299276361E-01     7.9624665435E-01    -1.3989836120E+00     1.8614374898E+00
    1.1985000000E+01    -3.8893501701E-01     8.2679822761E-01    -1.3701201056E+00     1.8545021292E+00
    1.1990000000E+01    -3.8472532881E-01     8.5702133126E-01    -1.3407085693E+00     1.8473785674E+00
    1.1995000000E+01    -3.8036537073E-01     8.8690423376E-01    -1.3107607675E+00     1.8400777124E+00
    1.2000000000E+01    -3.7585687282E-01     9.1643533764E-01    -1.2802886789E+00     1.8326107525E+00
    1.2005000000E+01    -3.7120162280E-01     9.4560318395E-01    -1.2493044919E+00     1.8249891385E+00
    1.2010000000E+01    -3.6640146530E-01     9.7439645669E-01    -1.2178205998E+00     1.8172245651E+00
    1.2015000000E+01    -3.6145830117E-01     1.0028039872E+00    -1.1858495956E+00     1.8093289531E+00
    1.2020000000E+01    -3.5637408672E-01     1.0308147582E+00    -1.1534042674E+00     1.8013144297E+00
    1.2025000000E+01    -3.5115083298E-01     1.0584179086E+00    -1.1204975929E+00     1.7931933097E+00
    1.2030000000E+01    -3.4579060486E-01     1.0856027372E+00    -1.0871427343E+00     1.7849780756E+00
    1.2035000000E+01    -3.4029552040E-01     1.1123587066E+00    -1.0533530331E+00     1.7766813581E+00
    1.2040000000E+01    -3.3466774987E-01     1.1386754481E+00    -1.0191420047E+00     1.7683159161E+00
    1.2045000000E+01    -3.2890951499E-01     1.1645427648E+00    -9.8452333312E-01     1.7598946160E+00
    1.2050000000E+01    -3.2302308800E-01     1.1899506361E+00    -9.4951086532E-01     1.7514304120E+00
    1.2055000000E+01    -3.1701079080E-01     1.2148892212E+00    -9.1411860584E-01     1.7429363248E+00
    1.2060000000E+01    -3.1087499405E-01     1.2393488632E+00    -8.7836071110E-01     1.7344254217E+00
    1.2065000000E+01    -3.0461811622E-01     1.2633200925E+00    -8.4225148379E-01     1.7259107954E+00
    1.2070000000E+01    -2.9824262265E-01     1.2867936306E+00    -8.0580536711E-01     1.7174055435E+00
    1.2075000000E+01    -2.9175102457E-01     1.3097603936E+00    -7.6903693903E-01     1.7089227477E+00
    1.2080000000E+01    -2.8514587818E-01     1.3322114959E+00    -7.3196090643E-01     1.7004754533E+00
    1.2085000000E+01    -2.7842978356E-01     1.3541382533E+00    -6.9459209923E-01     1.6920766483E+00
    1.2090000000E+01    -2.7160538372E-01     1.3755321866E+00    -6.5694546445E-01     1.6837392428E+00
    1.2095000000E+01    -2.6467536355E-01     1.3963850246E+00    -6.1903606024E-01     1.6754760491E+00
    1.2100000000E+01    -2.5764244877E-01     1.4166887074E+00    -5.8087904986E-01     1.6672997610E+00
    1.2105000000E+01    -2.5050940485E-01     1.4364353898E+00    -5.4248969561E-01     1.6592229337E+00
    1.2110000000E+01    -2.4327903595E-01     1.4556174437E+00    -5.0388335271E-01     1.6512579645E+00
    1.2115000000E+01    -2.3595418384E-01     1.4742274614E+00    -4.6507546319E-01     1.6434170727E+00
    1.2120000000E+01    -2.2853772674E-01     1.4922582586E+00    -4.2608154968E-01     1.6357122806E+00
    1.2125000000E+01    -2.2103257826E-01     1.5097028766E+00    -3.8691720924E-01     1.6281553943E+00
    1.2130000000E+01    -2.1344168620E-01     1.5265545856E+00    -3.4759810707E-01     1.6207579855E+00
    1.2135000000E+01    -2.0576803145E-01     1.5428068869E+00    -3.0813997029E-01     1.6135313729E+00
    1.2140000000E+01    -1.9801462682E-01     1.5584535155E+00    -2.6855858163E-01     1.6064866043E+00
    1.2145000000E+01    -1.9018451584E-01     1.5734884423E+00    -2.2886977312E-01     1.5996344397E+00
    1.2150000000E+01    -1.8228077159E-01     1.5879058769E+00    -1.8908941976E-01     1.5929853338E+00
    1.2155000000E+01    -1.7430649551E-01     1.6017002692E+00    -1.4923343314E-01     1.5865494200E+00
    1.2160000000E+01    -1.6626481619E-01     1.6148663121E+00    -1.0931775514E-01     1.5803364940E+00
    1.2165000000E+01    -1.5815888812E-01     1.6273989431E+00    -6.9358351502E-02     1.5743559989E+00
    1.2170000000E+01    -1.4999189051E-01     1.6392933465E+00    -2.9371205444E-02     1.5686170101E+00
    1.2175000000E+01    -1.4176702602E-01     1.6505449549E+00     1.0627688704E-02     1.5631282208E+00
    1.2180000000E+01    -1.3348751952E-01     1.6611494516E+00     5.0622331919E-02     1.5578979290E+00
    1.2185000000E+01    -1.2515661684E-01     1.6711027715E+00     9.0596726876E-02     1.5529340238E+00
    1.2190000000E+01    -1.1677758349E-01     1.6804011030E+00     1.3053488435E-01     1.5482439736E+00
    1.2195000000E+01    -1.0835370342E-01     1.6890408897E+00     1.7042082961E-01     1.5438348140E+00
    1.2200000000E+01    -9.9888277711E-02     1.6970188312E+00     2.1023860881E-01     1.5397131370E+00
    1.2205000000E+01    -9.1384623298E-02     1.7043318848E+00     2.4997229537E-01     1.5358850805E+00
    1.2210000000E+01    -8.2846071691E-02     1.7109772665E+00     2.8960599635E-01     1.5323563192E+00
    1.2215000000E+01    -7.4275967668E-02     1.7169524520E+00     3.2912385879E-01     1.5291320549E+00
    1.2220000000E+01    -6.5677667979E-02     1.7222551778E+00     3.6851007607E-01     1.5262170095E+00
    1.2225000000E+01    -5.7054540034E-02     1.7268834420E+00     4.0774889423E-01     1.5236154165E+00
    1.2230000000E+01    -4.8409960602E-02     1.7308355049E+00     4.4682461828E-01     1.5213310154E+00
    1.2235000000E+01    -3.9747314490E-02     1.7341098900E+00     4.8572161844E-01     1.5193670454E+00
    1.2240000000E+01    -3.1069993229E-02     1.7367053841E+00     5.2442433642E-01     1.5177262403E+00
    1.2245000000E+01    -2.2381393758E-02     1.7386210381E+00     5.6291729166E-01     1.5164108250E+00
    1.2250000000E+01    -1.3684917098E-02     1.7398561675E+00     6.0118508749E-01     1.5154225113E+00
    1.2255000000E+01    -4.9839670335E-03     1.7404103519E+00     6.3921241730E-01     1.5147624957E+00
    1.2260000000E+01     3.7180512118E-03     1.7402834360E+00     6.7698407067E-01     1.5144314578E+00
    1.2265000000E+01     1.2417732300E-02     1.7394755292E+00     7.1448493943E-01     1.5144295591E+00
    1.2270000000E+01     2.1111672101E-02     1.7379870056E+00     7.5170002375E-01     1.5147564429E+00
    1.2275000000E+01     2.9796469018E-02     1.7358185040E+00     7.8861443808E-01     1.5154112351E+00
    1.2280000000E+01     3.8468725307E-02     1.7329709273E+00     8.2521341715E-01     1.5163925456E+00
    1.2285000000E+01     4.7125048402E-02     1.7294454424E+00     8.6148232185E-01     1.5176984709E+00
    1.2290000000E+01     5.5762052227E-02     1.7252434797E+00     8.9740664511E-01     1.5193265969E+00
    1.2295000000E+01     6.4376358517E-02     1.7203667327E+00     9.3297201768E-01     1.5212740028E+00
    1.2300000000E+01     7.2964598131E-02     1.7148171568E+00     9.6816421388E-01     1.5235372664E+00
    1.2305000000E+01     8.1523412358E-02     1.7085969691E+00     1.0029691573E+00     1.5261124691E+00
    1.2310000000E+01     9.0049454225E-02     1.7017086473E+00     1.0373729264E+00     1.5289952022E+00
    1.2315000000E+01     9.8539389796E-02     1.6941549286E+00     1.0713617602E+00     1.5321805745E+00
    1.2320000000E+01     1.0698989947E-01     1.6859388089E+00     1.1049220636E+00     1.5356632195E+00
    1.2325000000E+01     1.1539767927E-01     1.6770635414E+00     1.1380404129E+00     1.5394373047E+00
    1.2330000000E+01     1.2375944211E-01     1.6675326354E+00     1.1707035612E+00     1.5434965402E+00
    1.2335000000E+01     1.3207191912E-01     1.6573498551E+00     1.2028984437E+00     1.5478341893E+00
    1.2340000000E+01     1.4033186086E-01     1.6465192178E+00     1.2346121828E+00     1.5524430791E+00
    1.2345000000E+01     1.4853603862E-01     1.6350449928E+00     1.2658320935E+00     1.5573156119E+00
    1.2350000000E+01     1.5668124564E-01     1.6229316991E+00     1.2965456883E+00     1.5624437772E+00
    1.2355000000E+01     1.6476429840E-01     1.6101841042E+00     1.3267406821E+00     1.5678191649E+00
    1.2360000000E+01     1.7278203783E-01     1.5968072221E+00     1.3564049973E+00     1.5734329782E+00
    1.2365000000E+01     1.8073133053E-01     1.5828063111E+00     1.3855267685E+00     1.5792760476E+00
    1.2370000000E+01     1.8860907002E-01     1.5681868723E+00     1.4140943476E+00     1.5853388462E+00
    1.2375000000E+01     1.9641217791E-01     1.5529546468E+00     1.4420963077E+00     1.5916115038E+00
    1.2380000000E+01     2.0413760511E-01     1.5371156139E+00     1.4695214486E+00     1.5980838234E+00
    1.2385000000E+01     2.1178233303E-01     1.5206759886E+00     1.4963588005E+00     1.6047452970E+00
    1.2390000000E+01     2.1934337472E-01     1.5036422195E+00     1.5225976288E+00     1.6115851225E+00
    1.2395000000E+01     2.2681777608E-01     1.4860209858E+00     1.5482274384E+00     1.6185922206E+00
    1.2400000000E+01     2.3420261695E-01     1.4678191951E+00     1.5732379776E+00     1.6257552527E+00
    1.2405000000E+01     2.4149501229E-01     1.4490439806E+00     1.5976192426E+00     1.6330626384E+00
    1.2410000000E+01     2.4869211327E-01     1.4297026981E+00     1.6213614812E+00     1.6405025746E+00
    1.2415000000E+01     2.5579110842E-01     1.4098029237E+00     1.6444551969E+00     1.6480630533E+00
    1.2420000000E+01     2.6278922465E-01     1.3893524504E+00     1.6668911523E+00     1.6557318816E+00
    1.2425000000E+01     2.6968372840E-01     1.3683592850E+00     1.6886603736E+00     1.6634967001E+00
    1.2430000000E+01     2.7647192668E-01     1.3468316455E+00     1.7097541532E+00     1.6713450031E+00
    1.2435000000E+01     2.8315116808E-01     1.3247779576E+00     1.7301640540E+00     1.6792641583E+00
    1.2440000000E+01     2.8971884386E-01     1.3022068512E+00     1.7498819122E+00     1.6872414265E+00
    1.2445000000E+01     2.9617238891E-01     1.2791271575E+00     1.7688998409E+00     1.6952639821E+00
    1.2450000000E+01     3.0250928281E-01     1.2555479055E+00     1.7872102334E+00     1.7033189333E+00
    1.2455000000E+01     3.0872705072E-01     1.2314783182E+00     1.8048057655E+00     1.7113933425E+00
    1.2460000000E+01     3.1482326442E-01     1.2069278092E+00     1.8216793994E+00     1.7194742465E+00
    1.2465000000E+01     3.2079554325E-01     1.1819059792E+00     1.8378243859E+00     1.7275486775E+00
    1.2470000000E+01     3.2664155496E-01     1.1564226120E+00     1.8532342670E+00     1.7356036831E+00
    1.2475000000E+01     3.3235901672E-01     1.1304876712E+00     1.8679028792E+00     1.7436263473E+00
    1.2480000000E+01     3.3794569592E-01     1.1041112955E+00     1.8818243552E+00     1.7516038103E+00
    1.2485000000E+01     3.4339941111E-01     1.0773037956E+00     1.8949931265E+00     1.7595232895E+00
    1.2490000000E+01     3.4871803278E-01     1.0500756498E+00     1.9074039258E+00     1.7673720990E+00
    1.2495000000E+01     3.5389948424E-01     1.0224375000E+00     1.9190517889E+00     1.7751376701E+00
    1.2500000000E+01     3.5894174242E-01     9.9440014758E-01     1.9299320570E+00     1.7828075712E+00
    1.2505000000E+01     3.6384283862E-01     9.6597454930E-01     1.9400403779E+00     1.7903695271E+00
    1.2510000000E+01     3.6860085932E-01     9.3717181292E-01     1.9493727086E+00     1.7978114384E+00
    1.2515000000E+01     3.7321394692E-01     9.0800319295E-01     1.9579253162E+00     1.8051214010E+00
    1.2520000000E+01     3.7768030042E-01     8.7848008634E-01     1.9656947797E+00     1.8122877243E+00
    1.2525000000E+01     3.8199817618E-01     8.4861402798E-01     1.9726779916E+00     1.8192989503E+00
    1.2530000000E+01     3.8616588854E-01     8.1841668632E-01     1.9788721585E+00     1.8261438710E+00
    1.2535000000E+01     3.9018181055E-01     7.8789985878E-01     1.9842748030E+00     1.8328115465E+00
    1.2540000000E+01     3.9404437451E-01     7.5707546718E-01     1.9888837640E+00     1.8392913223E+00
    1.2545000000E+01     3.9775207266E-01     7.2595555317E-01     1.9926971980E+00     1.8455728457E+00
    1.2550000000E+01     4.0130345775E-01     6.9455227354E-01     1.9957135798E+00     1.8516460823E+00
    1.2555000000E+01     4.0469714355E-01     6.6287789547E-01     1.9979317027E+00     1.8575013322E+00
    1.2560000000E+01     4.0793180548E-01     6.3094479185E-01     1.9993506795E+00     1.8631292444E+00
    1.2565000000E+01     4.1100618104E-01     5.9876543640E-01     1.9999699427E+00     1.8685208324E+00
    1.2570000000E+01     4.1391907036E-01     5.6635239892E-01     1.9997892447E+00     1.8736674880E+00
    1.2575000000E+01     4.1666933665E-01     5.3371834035E-01     1.9988086575E+00     1.8785609945E+00
    1.2580000000E+01     4.1925590663E-01     5.0087600791E-01     1.9970285736E+00     1.8831935401E+00
    1.2585000000E+01     4.2167777098E-01     4.6783823011E-01     1.9944497049E+00     1.8875577301E+00
    1.2590000000E+01     4.2393398469E-01     4.3461791184E-01     1.9910730829E+00     1.8916465984E+00
    1.2595000000E+01     4.2602366748E-01     4.0122802930E-01     1.9869000582E+00     1.8954536183E+00
    1.2600000000E+01     4.2794600410E-01     3.6768162502E-01     1.9819322999E+00     1.8989727130E+00
    1.2605000000E+01     4.2970024469E-01     3.3399180276E-01     1.9761717952E+00     1.9021982650E+00
    1.2610000000E+01     4.3128570503E-01     3.0017172247E-01     1.9696208481E+00     1.9051251251E+00
    1.2615000000E+01     4.3270176683E-01     2.6623459517E-01     1.9622820789E+00     1.9077486200E+00
    1.2620000000E+01     4.3394787799E-01     2.3219367779E-01     1.9541584231E+00     1.9100645602E+00
    1.2625000000E+01     4.3502355279E-01     1.9806226811E-01     1.9452531299E+00     1.9120692458E+00
    1.2630000000E+01     4.3592837207E-01     1.6385369950E-01     1.9355697615E+00     1.9137594732E+00
    1.2635000000E+01     4.3666198346E-01     1.2958133585E-01     1.9251121909E+00     1.9151325393E+00
    1.2640000000E+01     4.3722410142E-01     9.5258566276E-02     1.9138846011E+00     1.9161862459E+00
    1.2645000000E+01     4.3761450746E-01     6.0898800032E-02     1.9018914830E+00     1.9169189033E+00
    1.2650000000E+01     4.3783305013E-01     2.6515461233E-02     1.8891376337E+00     1.9173293327E+00
    1.2655000000E+01     4.3787964517E-01    -7.8780163288E-03     1.8756281545E+00     1.9174168681E+00
    1.2660000000E+01     4.3775427547E-01    -4.2268194401E-02     1.8613684490E+00     1.9171813571E+00
    1.2665000000E+01     4.3745699113E-01    -7.6641635487E-02     1.8463642210E+00     1.9166231610E+00
    1.2670000000E+01     4.3698790940E-01    -1.1098490807E-01     1.8306214719E+00     1.9157431545E+00
    1.2675000000E+01     4.3634721470E-01    -1.4528459181E-01     1.8141464987E+00     1.9145427241E+00
    1.2680000000E+01     4.3553515848E-01    -1.7952728278E-01     1.7969458910E+00     1.9130237653E+00
    1.2685000000E+01     4.3455205917E-01    -2.1369959866E-01     1.7790265289E+00     1.9111886805E+00
    1.2690000000E+01     4.3339830205E-01    -2.4778818393E-01     1.7603955799E+00     1.9090403742E+00
    1.2695000000E+01     4.3207433909E-01    -2.8177971507E-01     1.7410604962E+00     1.9065822490E+00
    1.2700000000E+01     4.3058068881E-01    -3.1566090571E-01     1.7210290115E+00     1.9038181994E+00
    1.2705000000E+01     4.2891793602E-01    -3.4941851184E-01     1.7003091381E+00     1.9007526066E+00
    1.2710000000E+01     4.2708673167E-01    -3.8303933692E-01     1.6789091638E+00     1.8973903305E+00
    1.2715000000E+01     4.2508779254E-01    -4.1651023702E-01     1.6568376481E+00     1.8937367024E+00
    1.2720000000E+01     4.2292190100E-01    -4.4981812592E-01     1.6341034195E+00     1.8897975166E+00
    1.2725000000E+01     4.2058990468E-01    -4.8294998022E-01     1.6107155713E+00     1.8855790209E+00
    1.2730000000E+01     4.1809271619E-01    -5.1589284439E-01     1.5866834584E+00     1.8810879068E+00
    1.2735000000E+01     4.1543131271E-01    -5.4863383580E-01     1.5620166932E+00     1.8763312987E+00
    1.2740000000E+01     4.1260673564E-01    -5.8116014977E-01     1.5367251422E+00     1.8713167428E+00
    1.2745000000E+01     4.0962009023E-01    -6.1345906449E-01     1.5108189216E+00     1.8660521951E+00
    1.2750000000E+01     4.0647254507E-01    -6.4551794603E-01     1.4843083936E+00     1.8605460083E+00
    1.2755000000E+01     4.0316533174E-01    -6.7732425322E-01     1.4572041620E+00     1.8548069192E+00
    1.2760000000E+01     3.9969974425E-01    -7.0886554254E-01     1.4295170682E+00     1.8488440343E+00
    1.2765000000E+01     3.9607713860E-01    -7.4012947298E-01     1.4012581867E+00     1.8426668156E+00
    1.2770000000E+01     3.9229893220E-01    -7.7110381083E-01     1.3724388205E+00     1.8362850656E+00
    1.2775000000E+01     3.8836660337E-01    -8.0177643445E-01     1.3430704971E+00     1.8297089115E+00
    1.2780000000E+01     3.8428169074E-01    -8.3213533899E-01     1.3131649634E+00     1.8229487896E+00
    1.2785000000E+01     3.8004579267E-01    -8.6216864107E-01     1.2827341812E+00     1.8160154281E+00
    1.2790000000E+01     3.7566056662E-01    -8.9186458341E-01     1.2517903225E+00     1.8089198307E+00
    1.2795000000E+01     3.7112772850E-01    -9.2121153942E-01     1.2203457643E+00     1.8016732588E+00
    1.2800000000E+01     3.6644905204E-01    -9.5019801772E-01     1.1884130841E+00     1.7942872139E+00
    1.2805000000E+01     3.6162636807E-01    -9.7881266664E-01     1.1560050545E+00     1.7867734190E+00
    1.2810000000E+01     3.5666156380E-01    -1.0070442786E+00     1.1231346383E+00     1.7791438005E+00
    1.2815000000E+01     3.5155658213E-01    -1.0348817946E+00     1.0898149832E+00     1.7714104688E+00
    1.2820000000E+01     3.4631342088E-01    -1.0623143084E+00     1.0560594167E+00     1.7635856998E+00
    1.2825000000E+01     3.4093413199E-01    -1.0893310708E+00     1.0218814404E+00     1.7556819145E+00
    1.2830000000E+01     3.3542082077E-01    -1.1159214940E+00     9.8729472524E-01     1.7477116604E+00
    1.2835000000E+01     3.2977564502E-01    -1.1420751555E+00     9.5231310533E-01     1.7396875909E+00
    1.2840000000E+01     3.2400081426E-01    -1.1677818022E+00     9.1695057287E-01     1.7316224453E+00
    1.2845000000E+01     3.1809858885E-01    -1.1930313548E+00     8.8122127241E-01     1.7235290290E+00
    1.2850000000E+01     3.1207127907E-01    -1.2178139110E+00     8.4513949519E-01     1.7154201932E+00
    1.2855000000E+01     3.0592124430E-01    -1.2421197503E+00     8.0871967344E-01     1.7073088141E+00
    1.2860000000E+01     2.9965089202E-01    -1.2659393367E+00     7.7197637460E-01     1.6992077731E+00
    1.2865000000E+01     2.9326267696E-01    -1.2892633237E+00     7.3492429551E-01     1.6911299359E+00
    1.2870000000E+01     2.8675910008E-01    -1.3120825568E+00     6.9757825649E-01     1.6830881327E+00
    1.2875000000E+01     2.8014270761E-01    -1.3343880778E+00     6.5995319548E-01     1.6750951374E+00
    1.2880000000E+01     2.7341609012E-01    -1.3561711280E+00     6.2206416198E-01     1.6671636476E+00
    1.2885000000E+01     2.6658188141E-01    -1.3774231519E+00     5.8392631112E-01     1.6593062647E+00
    1.2890000000E+01     2.5964275759E-01    -1.3981358002E+00     5.4555489751E-01     1.6515354736E+00
    1.2895000000E+01     2.5260143597E-01    -1.4183009333E+00     5.0696526922E-01     1.6438636232E+00
    1.2900000000E+01     2.4546067403E-01    -1.4379106244E+00     4.6817286159E-01     1.6363029069E+00
    1.2905000000E+01     2.3822326835E-01    -1.4569571629E+00     4.2919319105E-01     1.6288653431E+00
    1.2910000000E+01     2.3089205351E-01    -1.4754330570E+00     3.9004184895E-01     1.6215627566E+00
    1.2915000000E+01     2.2346990100E-01    -1.4933310369E+00     3.5073449532E-01     1.6144067594E+00
    1.2920000000E+01     2.1595971811E-01    -1.5106440575E+00     3.1128685256E-01     1.6074087327E+00
    1.2925000000E+01     2.0836444676E-01    -1.5273653014E+00     2.7171469922E-01     1.6005798087E+00
    1.2930000000E+01     2.0068706241E-01    -1.5434881815E+00     2.3203386362E-01     1.5939308534E+00
    1.2935000000E+01     1.9293057285E-01    -1.5590063434E+00     1.9226021756E-01     1.5874724488E+00
    1.2940000000E+01     1.8509801707E-01    -1.5739136683E+00     1.5240966999E-01     1.5812148769E+00
    1.2945000000E+01     1.7719246407E-01    -1.5882042749E+00     1.1249816057E-01     1.5751681027E+00
    1.2950000000E+01     1.6921701163E-01    -1.6018725223E+00     7.2541653396E-02     1.5693417590E+00
    1.2955000000E+01     1.6117478515E-01    -1.6149130116E+00     3.2556130524E-02     1.5637451312E+00
    1.2960000000E+01     1.5306893641E-01    -1.6273205888E+00    -7.4424143654E-03     1.5583871423E+00
    1.2965000000E+01     1.4490264233E-01    -1.6390903461E+00    -4.7437982389E-02     1.5532763388E+00
    1.2970000000E+01     1.3667910378E-01    -1.6502176242E+00    -8.7414575851E-02     1.5484208777E+00
    1.2975000000E+01     1.2840154428E-01    -1.6606980143E+00    -1.2735620465E-01     1.5438285131E+00
    1.2980000000E+01     1.2007320876E-01    -1.6705273596E+00    -1.6724689266E-01     1.5395065842E+00
    1.2985000000E+01     1.1169736230E-01    -1.6797017570E+00    -2.0707068415E-01     1.5354620036E+00
    1.2990000000E+01     1.0327728889E-01    -1.6882175586E+00    -2.4681165012E-01     1.5317012466E+00
    1.2995000000E+01     9.4816290069E-02    -1.6960713736E+00    -2.8645389473E-01     1.5282303408E+00
    1.3000000000E+01     8.6317683725E-02    -1.7032600689E+00    -3.2598156160E-01     1.5250548564E+00
    1.3005000000E+01     7.7784802743E-02    -1.7097807712E+00    -3.6537884018E-01     1.5221798981E+00
    1.3010000000E+01     6.9220993732E-02    -1.7156308673E+00    -4.0462997211E-01     1.5196100962E+00
    1.3015000000E+01     6.0629615708E-02    -1.7208080061E+00    -4.4371925744E-01     1.5173495999E+00
    1.3020000000E+01     5.2014038790E-02    -1.7253100986E+00    -4.8263106098E-01     1.5154020705E+00
    1.3025000000E+01     4.3377642882E-02    -1.7291353196E+00    -5.2134981854E-01     1.5137706758E+00
    1.3030000000E+01     3.4723816357E-02    -1.7322821078E+00    -5.5986004311E-01     1.5124580848E+00
    1.3035000000E+01     2.6055954728E-02    -1.7347491670E+00    -5.9814633114E-01     1.5114664639E+00
    1.3040000000E+01     1.7377459329E-02    -1.7365354660E+00    -6.3619336861E-01     1.5107974734E+00
    1.3045000000E+01     8.6917359849E-03    -1.7376402400E+00    -6.7398593721E-01     1.5104522645E+00
    1.3050000000E+01     2.1936786690E-06    -1.7380629898E+00    -7.1150892042E-01     1.5104314782E+00
    1.3055000000E+01    -8.6877567762E-03    -1.7378034829E+00    -7.4874730955E-01     1.5107352437E+00
    1.3060000000E+01    -1.7374704070E-02    -1.7368617534E+00    -7.8568620975E-01     1.5113631786E+00
    1.3065000000E+01    -2.6055237731E-02    -1.7352381018E+00    -8.2231084593E-01     1.5123143891E+00
    1.3070000000E+01    -3.4725949455E-02    -1.7329330953E+00    -8.5860656874E-01     1.5135874721E+00
    1.3075000000E+01    -4.3383434440E-02    -1.7299475674E+00    -8.9455886037E-01     1.5151805169E+00
    1.3080000000E+01    -5.2024292718E-02    -1.7262826177E+00    -9.3015334038E-01     1.5170911083E+00
    1.3085000000E+01    -6.0645130481E-02    -1.7219396112E+00    -9.6537577146E-01     1.5193163308E+00
    1.3090000000E+01    -6.9242561412E-02    -1.7169201785E+00    -1.0002120651E+00     1.5218527728E+00
    1.3095000000E+01    -7.7813208006E-02    -1.7112262146E+00    -1.0346482873E+00     1.5246965322E+00
    1.3100000000E+01    -8.6353702896E-02    -1.7048598785E+00    -1.0686706639E+00     1.5278432227E+00
    1.3105000000E+01    -9.4860690167E-02    -1.6978235924E+00    -1.1022655865E+00     1.5312879808E+00
    1.3110000000E+01    -1.0333082667E-01    -1.6901200404E+00    -1.1354196176E+00     1.5350254729E+00
    1.3115000000E+01    -1.1176078333E-01    -1.6817521684E+00    -1.1681194959E+00     1.5390499048E+00
    1.3120000000E+01    -1.2014724646E-01    -1.6727231819E+00    -1.2003521421E+00     1.5433550300E+00
    1.3125000000E+01    -1.2848691903E-01    -1.6630365458E+00    -1.2321046634E+00     1.5479341599E+00
    1.3130000000E+01    -1.3677652200E-01    -1.6526959822E+00    -1.2633643592E+00     1.5527801745E+00
    1.3135000000E+01    -1.4501279556E-01    -1.6417054699E+00    -1.2941187262E+00     1.5578855337E+00
    1.3140000000E+01    -1.5319250046E-01    -1.6300692420E+00    -1.3243554629E+00     1.5632422888E+00
    1.3145000000E+01    -1.6131241923E-01    -1.6177917850E+00    -1.3540624751E+00     1.5688420958E+00
    1.3150000000E+01    -1.6936935745E-01    -1.6048778368E+00    -1.3832278804E+00     1.5746762280E+00
    1.3155000000E+01    -1.7736014505E-01    -1.5913323850E+00    -1.4118400129E+00     1.5807355903E+00
    1.3160000000E+01    -1.8528163749E-01    -1.5771606647E+00    -1.4398874283E+00     1.5870107330E+00
    1.3165000000E+01    -1.9313071702E-01    -1.5623681569E+00    -1.4673589079E+00     1.5934918675E+00
    1.3170000000E+01    -2.0090429391E-01    -1.5469605864E+00    -1.4942434635E+00     1.6001688811E+00
    1.3175000000E+01    -2.0859930768E-01    -1.5309439193E+00    -1.5205303416E+00     1.6070313536E+00
    1.3180000000E+01    -2.1621272825E-01    -1.5143243608E+00    -1.5462090279E+00     1.6140685734E+00
    1.3185000000E+01    -2.2374155717E-01    -1.4971083532E+00    -1.5712692511E+00     1.6212695546E+00
    1.3190000000E+01    -2.3118282879E-01    -1.4793025729E+00    -1.5957009877E+00     1.6286230543E+00
    1.3195000000E+01    -2.3853361143E-01    -1.4609139282E+00    -1.6194944651E+00     1.6361175906E+00
    1.3200000000E+01    -2.4579100850E-01    -1.4419495567E+00    -1.6426401663E+00     1.6437414606E+00
    1.3205000000E+01    -2.5295215969E-01    -1.4224168221E+00    -1.6651288333E+00     1.6514827589E+00
    1.3210000000E+01    -2.6001424206E-01    -1.4023233120E+00    -1.6869514710E+00     1.6593293965E+00
    1.3215000000E+01    -2.6697447116E-01    -1.3816768345E+00    -1.7080993507E+00     1.6672691200E+00
    1.3220000000E+01    -2.7383010214E-01    -1.3604854153E+00    -1.7285640133E+00     1.6752895310E+00
    1.3225000000E+01    -2.8057843078E-01    -1.3387572949E+00    -1.7483372734E+00     1.6833781055E+00
    1.3230000000E+01    -2.8721679464E-01    -1.3165009250E+00    -1.7674112219E+00     1.6915222140E+00
    1.3235000000E+01    -2.9374257402E-01    -1.2937249656E+00    -1.7857782295E+00     1.6997091412E+00
    1.3240000000E+01    -3.0015319306E-01    -1.2704382815E+00    -1.8034309496E+00     1.7079261065E+00
    1.3245000000E+01    -3.0644612071E-01    -1.2466499388E+00    -1.8203623213E+00     1.7161602839E+00
    1.3250000000E+01    -3.1261887176E-01    -1.2223692016E+00    -1.8365655724E+00     1.7243988223E+00
    1.3255000000E+01    -3.1866900780E-01    -1.1976055283E+00    -1.8520342218E+00     1.7326288660E+00
    1.3260000000E+01    -3.2459413820E-01    -1.1723685680E+00    -1.8667620821E+00     1.7408375752E+00
    1.3265000000E+01    -3.3039192103E-01    -1.1466681568E+00    -1.8807432626E+00     1.7490121458E+00
    1.3270000000E+01    -3.3606006402E-01    -1.1205143138E+00    -1.8939721708E+00     1.7571398300E+00
    1.3275000000E+01    -3.4159632542E-01    -1.0939172376E+00    -1.9064435153E+00     1.7652079567E+00
    1.3280000000E+01    -3.4699851494E-01    -1.0668873018E+00    -1.9181523079E+00     1.7732039511E+00
    1.3285000000E+01    -3.5226449456E-01    -1.0394350518E+00    -1.9290938652E+00     1.7811153547E+00
    1.3290000000E+01    -3.5739217943E-01    -1.0115711997E+00    -1.9392638106E+00     1.7889298453E+00
    1.3295000000E+01    -3.6237953866E-01    -9.8330662124E-01    -1.9486580763E+00     1.7966352561E+00
    1.3300000000E+01    -3.6722459613E-01    -9.5465235060E-01    -1.9572729048E+00     1.8042195953E+00
    1.3305000000E+01    -3.7192543130E-01    -9.2561957679E-01    -1.9651048502E+00     1.8116710650E+00
    1.3310000000E+01    -3.7648017994E-01    -8.9621963903E-01    -1.9721507799E+00     1.8189780796E+00
    1.3315000000E+01    -3.8088703488E-01    -8.6646402242E-01    -1.9784078756E+00     1.8261292844E+00
    1.3320000000E+01    -3.8514424672E-01    -8.3636435349E-01    -1.9838736345E+00     1.8331135737E+00
    1.3325000000E+01    -3.8925012458E-01    -8.0593239566E-01    -1.9885458704E+00     1.8399201080E+00
    1.3330000000E+01    -3.9320303667E-01    -7.7518004470E-01    -1.9924227145E+00     1.8465383313E+00
    1.3335000000E+01    -3.9700141106E-01    -7.4411932409E-01    -1.9955026160E+00     1.8529579881E+00
    1.3340000000E+01    -4.0064373619E-01    -7.1276238038E-01    -1.9977843431E+00     1.8591691390E+00
    1.3345000000E+01    -4.0412856158E-01    -6.8112147845E-01    -1.9992669831E+00     1.8651621771E+00
    1.3350000000E+01    -4.0745449833E-01    -6.4920899673E-01    -1.9999499430E+00     1.8709278428E+00
    1.3355000000E+01    -4.1062021971E-01    -6.1703742241E-01    -1.9998329496E+00     1.8764572387E+00
    1.3360000000E+01    -4.1362446171E-01    -5.8461934660E-01    -1.9989160496E+00     1.8817418434E+00
    1.3365000000E+01    -4.1646602348E-01    -5.5196745937E-01    -1.9971996099E+00     1.8867735252E+00
    1.3370000000E+01    -4.1914376791E-01    -5.1909454488E-01    -1.9946843169E+00     1.8915445550E+00
    1.3375000000E+01    -4.2165662200E-01    -4.8601347636E-01    -1.9913711769E+00     1.8960476183E+00
    1.3380000000E+01    -4.2400357733E-01    -4.5273721110E-01    -1.9872615149E+00     1.9002758271E+00
    1.3385000000E+01    -4.2618369050E-01    -4.1927878545E-01    -1.9823569748E+00     1.9042227304E+00
    1.3390000000E+01    -4.2819608343E-01    -3.8565130967E-01    -1.9766595183E+00     1.9078823250E+00
    1.3395000000E+01    -4.3003994380E-01    -3.5186796286E-01    -1.9701714244E+00     1.9112490643E+00
    1.3400000000E+01    -4.3171452534E-01    -3.1794198782E-01    -1.9628952882E+00     1.9143178677E+00
    1.3405000000E+01    -4.3321914813E-01    -2.8388668589E-01    -1.9548340200E+00     1.9170841283E+00
    1.3410000000E+01    -4.3455319890E-01    -2.4971541173E-01    -1.9459908443E+00     1.9195437202E+00
    1.3415000000E+01    -4.3571613129E-01    -2.1544156816E-01    -1.9363692982E+00     1.9216930053E+00
    1.3420000000E+01    -4.3670746604E-01    -1.8107860087E-01    -1.9259732302E+00     1.9235288388E+00
    1.3425000000E+01    -4.3752679123E-01    -1.4663999320E-01    -1.9148067986E+00     1.9250485742E+00
    1.3430000000E+01    -4.3817376243E-01    -1.1213926090E-01    -1.9028744698E+00     1.9262500678E+00
    1.3435000000E+01    -4.3864810287E-01    -7.7589946789E-02    -1.8901810166E+00     1.9271316814E+00
    1.3440000000E+01    -4.3894960354E-01    -4.3005615509E-02    -1.8767315162E+00     1.9276922859E+00
    1.3445000000E+01    -4.3907812330E-01    -8.3998482025E-03    -1.8625313482E+00     1.9279312623E+00
    1.3450000000E+01    -4.3903358895E-01     2.6213762796E-02    -1.8475861925E+00     1.9278485029E+00
    1.3455000000E+01    -4.3881599526E-01     6.0821619274E-02    -1.8319020270E+00     1.9274444117E+00
    1.3460000000E+01    -4.3842540501E-01     9.5410122468E-02    -1.8154851250E+00     1.9267199033E+00
    1.3465000000E+01    -4.3786194895E-01     1.2996567838E-01    -1.7983420532E+00     1.9256764022E+00
    1.3470000000E+01    -4.3712582579E-01     1.6447470311E-01    -1.7804796686E+00     1.9243158397E+00
    1.3475000000E+01    -4.3621730210E-01     1.9892362816E-01    -1.7619051159E+00     1.9226406514E+00
    1.3480000000E+01    -4.3513671226E-01     2.3329890577E-01    -1.7426258246E+00     1.9206537733E+00
    1.3485000000E+01    -4.3388445833E-01     2.6758701422E-01    -1.7226495062E+00     1.9183586369E+00
    1.3490000000E+01    -4.3246100989E-01     3.0177446313E-01    -1.7019841509E+00     1.9157591640E+00
    1.3495000000E+01    -4.3086690389E-01     3.3584779874E-01    -1.6806380247E+00     1.9128597607E+00
    1.3500000000E+01    -4.2910274445E-01     3.6979360922E-01    -1.6586196657E+00     1.9096653097E+00
    1.3505000000E+01    -4.2716920263E-01     4.0359852989E-01    -1.6359378810E+00     1.9061811634E+00
    1.3510000000E+01    -4.2506701617E-01     4.3724924852E-01    -1.6126017429E+00     1.9024131350E+00
    1.3515000000E+01    -4.2279698925E-01     4.7073251049E-01    -1.5886205856E+00     1.8983674894E+00
    1.3520000000E+01    -4.2035999216E-01     5.0403512408E-01    -1.5640040012E+00     1.8940509332E+00
    1.3525000000E+01    -4.1775696098E-01     5.3714396557E-01    -1.5387618361E+00     1.8894706043E+00
    1.3530000000E+01    -4.1498889722E-01     5.7004598446E-01    -1.5129041868E+00     1.8846340604E+00
    1.3535000000E+01    -4.1205686747E-01     6.0272820858E-01    -1.4864413960E+00     1.8795492670E+00
    1.3540000000E+01    -4.0896200296E-01     6.3517774919E-01    -1.4593840485E+00     1.8742245852E+00
    1.3545000000E+01    -4.0570549914E-01     6.6738180607E-01    -1.4317429668E+00     1.8686687578E+00
    1.3550000000E+01    -4.0228861523E-01     6.9932767252E-01    -1.4035292069E+00     1.8628908962E+00
    1.3555000000E+01    -3.9871267376E-01     7.3100274044E-01    -1.3747540542E+00     1.8569004654E+00
    1.3560000000E+01    -3.9497906002E-01     7.6239450519E-01    -1.3454290181E+00     1.8507072693E+00
    1.3565000000E+01    -3.9108922156E-01     7.9349057062E-01    -1.3155658284E+00     1.8443214350E+00
    1.3570000000E+01    -3.8704466764E-01     8.2427865391E-01    -1.2851764298E+00     1.8377533971E+00
    1.3575000000E+01    -3.8284696862E-01     8.5474659041E-01    -1.2542729779E+00     1.8310138807E+00
    1.3580000000E+01    -3.7849775540E-01     8.8488233846E-01    -1.2228678334E+00     1.8241138849E+00
    1.3585000000E+01    -3.7399871876E-01     9.1467398413E-01    -1.1909735582E+00     1.8170646650E+00
    1.3590000000E+01    -3.6935160872E-01     9.4410974595E-01    -1.1586029093E+00     1.8098777149E+00
    1.3595000000E+01    -3.6455823387E-01     9.7317797954E-01    -1.1257688348E+00     1.8025647488E+00
    1.3600000000E+01    -3.5962046067E-01     1.0018671822E+00    -1.0924844678E+00     1.7951376827E+00
    1.3605000000E+01    -3.5454021272E-01     1.0301659975E+00    -1.0587631215E+00     1.7876086156E+00
    1.3610000000E+01    -3.4931947004E-01     1.0580632198E+00    -1.0246182841E+00     1.7799898100E+00
    1.3615000000E+01    -3.4396026829E-01     1.0855477985E+00    -9.9006361305E-01     1.7722936730E+00
    1.3620000000E+01    -3.3846469798E-01     1.1126088427E+00    -9.5511292976E-01     1.7645327362E+00
    1.3625000000E+01    -3.3283490366E-01     1.1392356254E+00    -9.1978021402E-01     1.7567196360E+00
    1.3630000000E+01    -3.2707308312E-01     1.1654175875E+00    -8.8407959846E-01     1.7488670936E+00
    1.3635000000E+01    -3.2118148650E-01     1.1911443425E+00    -8.4802536286E-01     1.7409878950E+00
    1.3640000000E+01    -3.1516241542E-01     1.2164056801E+00    -8.1163192841E-01     1.7330948702E+00
    1.3645000000E+01    -3.0901822214E-01     1.2411915707E+00    -7.7491385201E-01     1.7252008737E+00
    1.3650000000E+01    -3.0275130857E-01     1.2654921690E+00    -7.3788582041E-01     1.7173187633E+00
    1.3655000000E+01    -2.9636412539E-01     1.2892978183E+00    -7.0056264431E-01     1.7094613803E+00
    1.3660000000E+01    -2.8985917111E-01     1.3125990539E+00    -6.6295925250E-01     1.7016415289E+00
    1.3665000000E+01    -2.8323899102E-01     1.3353866072E+00    -6.2509068583E-01     1.6938719557E+00
    1.3670000000E+01    -2.7650617632E-01     1.3576514094E+00    -5.8697209122E-01     1.6861653301E+00
    1.3675000000E+01    -2.6966336299E-01     1.3793845949E+00    -5.4861871559E-01     1.6785342237E+00
    1.3680000000E+01    -2.6271323086E-01     1.4005775050E+00    -5.1004589980E-01     1.6709910904E+00
    1.3685000000E+01    -2.5565850252E-01     1.4212216912E+00    -4.7126907244E-01     1.6635482469E+00
    1.3690000000E+01    -2.4850194225E-01     1.4413089190E+00    -4.3230374374E-01     1.6562178530E+00
    1.3695000000E+01    -2.4124635499E-01     1.4608311704E+00    -3.9316549931E-01     1.6490118922E+00
    1.3700000000E+01    -2.3389458521E-01     1.4797806480E+00    -3.5386999392E-01     1.6419421531E+00
    1.3705000000E+01    -2.2644951579E-01     1.4981497776E+00    -3.1443294525E-01     1.6350202102E+00
    1.3710000000E+01    -2.1891406696E-01     1.5159312113E+00    -2.7487012759E-01     1.6282574059E+00
    1.3715000000E+01    -2.1129119508E-01     1.5331178305E+00    -2.3519736555E-01     1.6216648323E+00
    1.3720000000E+01    -2.0358389153E-01     1.5497027488E+00    -1.9543052770E-01     1.6152533137E+00
    1.3725000000E+01    -1.9579518155E-01     1.5656793148E+00    -1.5558552024E-01     1.6090333895E+00
    1.3730000000E+01    -1.8792812303E-01     1.5810411145E+00    -1.1567828065E-01     1.6030152972E+00
    1.3735000000E+01    -1.7998580534E-01     1.5957819745E+00    -7.5724771285E-02     1.5972089563E+00
    1.3740000000E+01    -1.7197134811E-01     1.6098959637E+00    -3.5740973025E-02     1.5916239526E+00
    1.3745000000E+01    -1.6388790000E-01     1.6233773963E+00     4.2571211485E-03     1.5862695231E+00
    1.3750000000E+01    -1.5573863751E-01     1.6362208339E+00     4.4253512530E-02     1.5811545408E+00
    1.3755000000E+01    -1.4752676368E-01     1.6484210878E+00     8.4232203096E-02     1.5762875013E+00
    1.3760000000E+01    -1.3925550688E-01     1.6599732208E+00     1.2417720190E-01     1.5716765088E+00
    1.3765000000E+01    -1.3092811952E-01     1.6708725496E+00     1.6407253149E-01     1.5673292633E+00
    1.3770000000E+01    -1.2254787681E-01     1.6811146467E+00     2.0390223425E-01     1.5632530487E+00
    1.3775000000E+01    -1.1411807543E-01     1.6906953417E+00     2.4365037883E-01     1.5594547207E+00
    1.3780000000E+01    -1.0564203229E-01     1.6996107239E+00     2.8330106651E-01     1.5559406962E+00
    1.3785000000E+01    -9.7123083172E-02     1.7078571429E+00     3.2283843754E-01     1.5527169431E+00
    1.3790000000E+01    -8.8564581484E-02     1.7154312109E+00     3.6224667750E-01     1.5497889706E+00
    1.3795000000E+01    -7.9969896897E-02     1.7223298038E+00     4.0151002362E-01     1.5471618206E+00
    1.3800000000E+01    -7.1342414045E-02     1.7285500625E+00     4.4061277108E-01     1.5448400598E+00
    1.3805000000E+01    -6.2685531192E-02     1.7340893943E+00     4.7953927931E-01     1.5428277719E+00
    1.3810000000E+01    -5.4002658899E-02     1.7389454735E+00     5.1827397822E-01     1.5411285516E+00
    1.3815000000E+01    -4.5297218683E-02     1.7431162430E+00     5.5680137445E-01     1.5397454986E+00
    1.3820000000E+01    -3.6572641674E-02     1.7465999150E+00     5.9510605756E-01     1.5386812127E+00
    1.3825000000E+01    -2.7832367268E-02     1.7493949714E+00     6.3317270618E-01     1.5379377897E+00
    1.3830000000E+01    -1.9079841774E-02     1.7515001651E+00     6.7098609415E-01     1.5375168177E+00
    1.3835000000E+01    -1.0318517058E-02     1.7529145200E+00     7.0853109664E-01     1.5374193751E+00
    1.3840000000E+01    -1.5518491886E-03     1.7536373320E+00     7.4579269613E-01     1.5376460284E+00
    1.3845000000E+01     7.2167029265E-03     1.7536681688E+00     7.8275598849E-01     1.5381968312E+00
    1.3850000000E+01     1.5983678899E-02     1.7530068707E+00     8.1940618889E-01     1.5390713243E+00
    1.3855000000E+01     2.4745618221E-02     1.7516535504E+00     8.5572863774E-01     1.5402685366E+00
    1.3860000000E+01     3.3499061632E-02     1.7496085931E+00     8.9170880654E-01     1.5417869859E+00
    1.3865000000E+01     4.2240552477E-02     1.7468726565E+00     9.2733230371E-01     1.5436246817E+00
    1.3870000000E+01     5.0966638072E-02     1.7434466704E+00     9.6258488032E-01     1.5457791283E+00
    1.3875000000E+01     5.9673871060E-02     1.7393318370E+00     9.9745243582E-01     1.5482473284E+00
    1.3880000000E+01     6.8358810776E-02     1.7345296297E+00     1.0319210236E+00     1.5510257882E+00
    1.3885000000E+01     7.7018024600E-02     1.7290417933E+00     1.0659768568E+00     1.5541105226E+00
    1.3890000000E+01     8.5648089311E-02     1.7228703430E+00     1.0996063134E+00     1.5574970614E+00
    1.3895000000E+01     9.4245592440E-02     1.7160175638E+00     1.1327959422E+00     1.5611804566E+00
    1.3900000000E+01     1.0280713362E-01     1.7084860098E+00     1.1655324677E+00     1.5651552901E+00
    1.3905000000E+01     1.1132932591E-01     1.7002785031E+00     1.1978027958E+00     1.5694156820E+00
    1.3910000000E+01     1.1980879717E-01     1.6913981327E+00     1.2295940187E+00     1.5739553005E+00
    1.3915000000E+01     1.2824219135E-01     1.6818482539E+00     1.2608934204E+00     1.5787673710E+00
    1.3920000000E+01     1.3662616985E-01     1.6716324863E+00     1.2916884815E+00     1.5838446875E+00
    1.3925000000E+01     1.4495741283E-01     1.6607547130E+00     1.3219668845E+00     1.5891796237E+00
    1.3930000000E+01     1.5323262050E-01     1.6492190789E+00     1.3517165183E+00     1.5947641450E+00
    1.3935000000E+01     1.6144851448E-01     1.6370299895E+00     1.3809254836E+00     1.6005898215E+00
    1.3940000000E+01     1.6960183904E-01     1.6241921086E+00     1.4095820971E+00     1.6066478409E+00
    1.3945000000E+01     1.7768936241E-01     1.6107103572E+00     1.4376748965E+00     1.6129290226E+00
    1.3950000000E+01     1.8570787808E-01     1.5965899114E+00     1.4651926451E+00     1.6194238324E+00
    1.3955000000E+01     1.9365420605E-01     1.5818362002E+00     1.4921243362E+00     1.6261223973E+00
    1.3960000000E+01     2.0152519407E-01     1.5664549039E+00     1.5184591975E+00     1.6330145214E+00
    1.3965000000E+01     2.0931771895E-01     1.5504519515E+00     1.5441866954E+00     1.6400897016E+00
    1.3970000000E+01     2.1702868775E-01     1.5338335188E+00     1.5692965391E+00     1.6473371447E+00
    1.3975000000E+01     2.2465503901E-01     1.5166060258E+00     1.5937786852E+00     1.6547457843E+00
    1.3980000000E+01     2.3219374397E-01     1.4987761345E+00     1.6176233410E+00     1.6623042981E+00
    1.3985000000E+01     2.3964180782E-01     1.4803507460E+00     1.6408209691E+00     1.6700011262E+00
    1.3990000000E+01     2.4699627080E-01     1.4613369982E+00     1.6633622907E+00     1.6778244891E+00
    1.3995000000E+01     2.5425420945E-01     1.4417422628E+00     1.6852382895E+00     1.6857624065E+00
    1.4000000000E+01     2.6141273775E-01     1.4215741428E+00     1.7064402154E+00     1.6938027163E+00
    1.4005000000E+01     2.6846900826E-01     1.4008404691E+00     1.7269595881E+00     1.7019330938E+00
    1.4010000000E+01     2.7542021325E-01     1.3795492979E+00     1.7467881999E+00     1.7101410713E+00
    1.4015000000E+01     2.8226358584E-01     1.3577089074E+00     1.7659181198E+00     1.7184140576E+00
    1.4020000000E+01     2.8899640109E-01     1.3353277949E+00     1.7843416959E+00     1.7267393583E+00
    1.4025000000E+01     2.9561597707E-01     1.3124146729E+00     1.8020515592E+00     1.7351041959E+00
    1.4030000000E+01     3.0211967598E-01     1.2889784665E+00     1.8190406258E+00     1.7434957297E+00
    1.4035000000E+01     3.0850490512E-01     1.2650283093E+00     1.8353021005E+00     1.7519010765E+00
    1.4040000000E+01     3.1476911802E-01     1.2405735402E+00     1.8508294788E+00     1.7603073309E+00
    1.4045000000E+01     3.2090981538E-01     1.2156236999E+00     1.8656165499E+00     1.7687015859E+00
    1.4050000000E+01     3.2692454610E-01     1.1901885267E+00     1.8796573994E+00     1.7770709530E+00
    1.4055000000E+01     3.3281090828E-01     1.1642779535E+00     1.8929464109E+00     1.7854025832E+00
    1.4060000000E+01     3.3856655015E-01     1.1379021032E+00     1.9054782691E+00     1.7936836870E+00
    1.4065000000E+01     3.4418917101E-01     1.1110712850E+00     1.9172479614E+00     1.8019015546E+00
    1.4070000000E+01     3.4967652218E-01     1.0837959908E+00     1.9282507801E+00     1.8100435765E+00
    1.4075000000E+01     3.5502640788E-01     1.0560868905E+00     1.9384823242E+00     1.8180972631E+00
    1.4080000000E+01     3.6023668612E-01     1.0279548284E+00     1.9479385012E+00     1.8260502649E+00
    1.4085000000E+01     3.6530526956E-01     9.9941081839E-01     1.9566155287E+00     1.8338903917E+00
    1.4090000000E+01     3.7023012634E-01     9.7046604035E-01     1.9645099362E+00     1.8416056322E+00
    1.4095000000E+01     3.7500928090E-01     9.4113183525E-01     1.9716185658E+00     1.8491841732E+00
    1.4100000000E+01     3.7964081479E-01     9.1141970095E-01     1.9779385744E+00     1.8566144182E+00
    1.4105000000E+01     3.8412286742E-01     8.8134128774E-01     1.9834674338E+00     1.8638850055E+00
    1.4110000000E+01     3.8845363684E-01     8.5090839368E-01     1.9882029328E+00     1.8709848270E+00
    1.4115000000E+01     3.9263138044E-01     8.2013296011E-01     1.9921431771E+00     1.8779030452E+00
    1.4120000000E+01     3.9665441566E-01     7.8902706692E-01     1.9952865906E+00     1.8846291108E+00
    1.4125000000E+01     4.0052112068E-01     7.5760292785E-01     1.9976319162E+00     1.8911527792E+00
    1.4130000000E+01     4.0422993508E-01     7.2587288569E-01     1.9991782156E+00     1.8974641272E+00
    1.4135000000E+01     4.0777936046E-01     6.9384940750E-01     1.9999248703E+00     1.9035535683E+00
    1.4140000000E+01     4.1116796106E-01     6.6154507970E-01     1.9998715818E+00     1.9094118682E+00
    1.4145000000E+01     4.1439436433E-01     6.2897260313E-01     1.9990183713E+00     1.9150301596E+00
    1.4150000000E+01     4.1745726151E-01     5.9614478813E-01     1.9973655802E+00     1.9203999561E+00
    1.4155000000E+01     4.2035540816E-01     5.6307454946E-01     1.9949138694E+00     1.9255131658E+00
    1.4160000000E+01     4.2308762464E-01     5.2977490126E-01     1.9916642197E+00     1.9303621043E+00
    1.4165000000E+01     4.2565279666E-01     4.9625895195E-01     1.9876179308E+00     1.9349395067E+00
    1.4170000000E+01     4.2804987565E-01     4.6253989911E-01     1.9827766213E+00     1.9392385395E+00
    1.4175000000E+01     4.3027787927E-01     4.2863102424E-01     1.9771422275E+00     1.9432528113E+00
    1.4180000000E+01     4.3233589178E-01     3.9454568761E-01     1.9707170033E+00     1.9469763830E+00
    1.4185000000E+01     4.3422306442E-01     3.6029732296E-01     1.9635035185E+00     1.9504037772E+00
    1.4190000000E+01     4.3593861579E-01     3.2589943226E-01     1.9555046584E+00     1.9535299873E+00
    1.4195000000E+01     4.3748183214E-01     2.9136558039E-01     1.9467236226E+00     1.9563504852E+00
    1.4200000000E+01     4.3885206769E-01     2.5670938977E-01     1.9371639233E+00     1.9588612285E+00
    1.4205000000E+01     4.4004874492E-01     2.2194453506E-01     1.9268293843E+00     1.9610586674E+00
    1.4210000000E+01     4.4107135480E-01     1.8708473774E-01     1.9157241392E+00     1.9629397498E+00
    1.4215000000E+01     4.4191945700E-01     1.5214376070E-01     1.9038526299E+00     1.9645019267E+00
    1.4220000000E+01     4.4259268010E-01     1.1713540284E-01     1.8912196050E+00     1.9657431561E+00
    1.4225000000E+01     4.4309072177E-01     8.2073493642E-02     1.8778301175E+00     1.9666619064E+00
    1.4230000000E+01     4.4341334888E-01     4.6971887676E-02     1.8636895230E+00     1.9672571587E+00
    1.4235000000E+01     4.4356039761E-01     1.1844459171E-02     1.8488034775E+00     1.9675284089E+00
    1.4240000000E+01     4.4353177358E-01    -2.3294903472E-02     1.8331779353E+00     1.9674756680E+00
    1.4245000000E+01     4.4332745185E-01    -5.8432303159E-02     1.8168191463E+00     1.9670994627E+00
    1.4250000000E+01     4.4294747699E-01    -9.3553839594E-02     1.7997336539E+00     1.9664008342E+00
    1.4255000000E+01     4.4239196306E-01    -1.2864561477E-01     1.7819282921E+00     1.9653813369E+00
    1.4260000000E+01     4.4166109360E-01    -1.6369373844E-01     1.7634101827E+00     1.9640430360E+00
    1.4265000000E+01     4.4075512156E-01    -1.9868433366E-01     1.7441867327E+00     1.9623885040E+00
    1.4270000000E+01     4.3967436924E-01    -2.3360354221E-01     1.7242656313E+00     1.9604208172E+00
    1.4275000000E+01     4.3841922818E-01    -2.6843753014E-01     1.7036548466E+00     1.9581435502E+00
    1.4280000000E+01     4.3699015899E-01    -3.0317249320E-01     1.6823626227E+00     1.9555607709E+00
    1.4285000000E+01     4.3538769125E-01    -3.3779466231E-01     1.6603974762E+00     1.9526770338E+00
    1.4290000000E+01     4.3361242325E-01    -3.7229030906E-01     1.6377681928E+00     1.9494973731E+00
    1.4295000000E+01     4.3166502184E-01    -4.0664575109E-01     1.6144838240E+00     1.9460272942E+00
    1.4300000000E+01     4.2954622214E-01    -4.4084735755E-01     1.5905536832E+00     1.9422727659E+00
    1.4305000000E+01     4.2725682729E-01    -4.7488155449E-01     1.5659873421E+00     1.9382402101E+00
    1.4310000000E+01     4.2479770815E-01    -5.0873483026E-01     1.5407946269E+00     1.9339364922E+00
    1.4315000000E+01     4.2216980295E-01    -5.4239374087E-01     1.5149856145E+00     1.9293689103E+00
    1.4320000000E+01     4.1937411698E-01    -5.7584491530E-01     1.4885706280E+00     1.9245451832E+00
    1.4325000000E+01     4.1641172219E-01    -6.0907506086E-01     1.4615602331E+00     1.9194734387E+00
    1.4330000000E+01     4.1328375678E-01    -6.4207096845E-01     1.4339652336E+00     1.9141622005E+00
    1.4335000000E+01     4.0999142479E-01    -6.7481951778E-01     1.4057966671E+00     1.9086203748E+00
    1.4340000000E+01     4.0653599560E-01    -7.0730768265E-01     1.3770658007E+00     1.9028572361E+00
    1.4345000000E+01     4.0291880350E-01    -7.3952253610E-01     1.3477841263E+00     1.8968824128E+00
    1.4350000000E+01     3.9914124715E-01    -7.7145125553E-01     1.3179633563E+00     1.8907058716E+00
    1.4355000000E+01     3.9520478904E-01    -8.0308112787E-01     1.2876154185E+00     1.8843379018E+00
    1.4360000000E+01     3.9111095496E-01    -8.3439955460E-01     1.2567524517E+00     1.8777890993E+00
    1.4365000000E+01     3.8686133339E-01    -8.6539405679E-01     1.2253868007E+00     1.8710703495E+00
    1.4370000000E+01     3.8245757488E-01    -8.9605228006E-01     1.1935310112E+00     1.8641928102E+00
    1.4375000000E+01     3.7790139145E-01    -9.2636199952E-01     1.1611978253E+00     1.8571678937E+00
    1.4380000000E+01     3.7319455590E-01    -9.5631112469E-01     1.1284001758E+00     1.8500072492E+00
    1.4385000000E+01     3.6833890114E-01    -9.8588770424E-01     1.0951511812E+00     1.8427227436E+00
    1.4390000000E+01     3.6333631947E-01    -1.0150799309E+00     1.0614641407E+00     1.8353264435E+00
    1.4395000000E+01     3.5818876188E-01    -1.0438761459E+00     1.0273525288E+00     1.8278305954E+00
    1.4400000000E+01     3.5289823724E-01    -1.0722648442E+00     9.9282998952E-01     1.8202476065E+00
    1.4405000000E+01     3.4746681157E-01    -1.1002346784E+00     9.5791033149E-01     1.8125900252E+00
    1.4410000000E+01     3.4189660723E-01    -1.1277744637E+00     9.2260752211E-01     1.8048705208E+00
    1.4415000000E+01     3.3618980207E-01    -1.1548731823E+00     8.8693568201E-01     1.7971018638E+00
    1.4420000000E+01     3.3034862862E-01    -1.1815199880E+00     8.5090907947E-01     1.7892969053E+00
    1.4425000000E+01     3.2437537320E-01    -1.2077042101E+00     8.1454212464E-01     1.7814685568E+00
    1.4430000000E+01     3.1827237501E-01    -1.2334153580E+00     7.7784936382E-01     1.7736297696E+00
    1.4435000000E+01     3.1204202528E-01    -1.2586431256E+00     7.4084547363E-01     1.7657935142E+00
    1.4440000000E+01     3.0568676628E-01    -1.2833773949E+00     7.0354525513E-01     1.7579727597E+00
    1.4445000000E+01     2.9920909040E-01    -1.3076082407E+00     6.6596362790E-01     1.7501804533E+00
    1.4450000000E+01     2.9261153916E-01    -1.3313259339E+00     6.2811562410E-01     1.7424294996E+00
    1.4455000000E+01     2.8589670223E-01    -1.3545209460E+00     5.9001638243E-01     1.7347327401E+00
    1.4460000000E+01     2.7906721641E-01    -1.3771839529E+00     5.5168114207E-01     1.7271029329E+00
    1.4465000000E+01     2.7212576461E-01    -1.3993058383E+00     5.1312523662E-01     1.7195527322E+00
    1.4470000000E+01     2.6507507478E-01    -1.4208776975E+00     4.7436408790E-01     1.7120946683E+00
    1.4475000000E+01     2.5791791886E-01    -1.4418908413E+00     4.3541319988E-01     1.7047411278E+00
    1.4480000000E+01     2.5065711171E-01    -1.4623367992E+00     3.9628815238E-01     1.6975043336E+00
    1.4485000000E+01     2.4329550996E-01    -1.4822073228E+00     3.5700459491E-01     1.6903963256E+00
    1.4490000000E+01     2.3583601095E-01    -1.5014943895E+00     3.1757824036E-01     1.6834289415E+00
    1.4495000000E+01     2.2828155152E-01    -1.5201902055E+00     2.7802485874E-01     1.6766137981E+00
    1.4500000000E+01     2.2063510695E-01    -1.5382872087E+00     2.3836027089E-01     1.6699622724E+00
    1.4505000000E+01     2.1289968971E-01    -1.5557780725E+00     1.9860034211E-01     1.6634854842E+00
    1.4510000000E+01     2.0507834831E-01    -1.5726557079E+00     1.5876097584E-01     1.6571942773E+00
    1.4515000000E+01     1.9717416613E-01    -1.5889132673E+00     1.1885810730E-01     1.6510992034E+00
    1.4520000000E+01     1.8919026014E-01    -1.6045441465E+00     7.8907697094E-02     1.6452105044E+00
    1.4525000000E+01     1.8112977976E-01    -1.6195419879E+00     3.8925724866E-02     1.6395380964E+00
    1.4530000000E+01     1.7299590555E-01    -1.6339006828E+00    -1.0718171333E-03     1.6340915540E+00
    1.4535000000E+01     1.6479184798E-01    -1.6476143742E+00    -4.1068930420E-02     1.6288800946E+00
    1.4540000000E+01     1.5652084619E-01    -1.6606774590E+00    -8.1049616682E-02     1.6239125644E+00
    1.4545000000E+01     1.4818616669E-01    -1.6730845904E+00    -1.2099788418E-01     1.6191974233E+00
    1.4550000000E+01     1.3979110207E-01    -1.6848306800E+00    -1.6089775413E-01     1.6147427323E+00
    1.4555000000E+01     1.3133896971E-01    -1.6959109000E+00    -2.0073326713E-01     1.6105561400E+00
    1.4560000000E+01     1.2283311050E-01    -1.7063206852E+00    -2.4048848950E-01     1.6066448707E+00
    1.4565000000E+01     1.1427688746E-01    -1.7160557349E+00    -2.8014751968E-01     1.6030157127E+00
    1.4570000000E+01     1.0567368448E-01    -1.7251120147E+00    -3.1969449459E-01     1.5996750075E+00
    1.4575000000E+01     9.7026904921E-02    -1.7334857580E+00    -3.5911359596E-01     1.5966286394E+00
    1.4580000000E+01     8.8339970330E-02    -1.7411734680E+00    -3.9838905668E-01     1.5938820264E+00
    1.4585000000E+01     7.9616319050E-02    -1.7481719188E+00    -4.3750516709E-01     1.5914401114E+00
    1.4590000000E+01     7.0859404874E-02    -1.7544781568E+00    -4.7644628127E-01     1.5893073540E+00
    1.4595000000E+01     6.2072695679E-02    -1.7600895024E+00    -5.1519682329E-01     1.5874877237E+00
    1.4600000000E+01     5.3259672056E-02    -1.7650035504E+00    -5.5374129344E-01     1.5859846932E+00
    1.4605000000E+01     4.4423825929E-02    -1.7692181719E+00    -5.9206427447E-01     1.5848012330E+00
    1.4610000000E+01     3.5568659179E-02    -1.7727315145E+00    -6.3015043767E-01     1.5839398064E+00
    1.4615000000E+01     2.6697682251E-02    -1.7755420035E+00    -6.6798454911E-01     1.5834023655E+00
    1.4620000000E+01     1.7814412770E-02    -1.7776483428E+00    -7.0555147563E-01     1.5831903483E+00
    1.4625000000E+01     8.9223741451E-03    -1.7790495149E+00    -7.4283619097E-01     1.5833046759E+00
    1.4630000000E+01     2.5094172608E-05    -1.7797447822E+00    -7.7982378173E-01     1.5837457511E+00
    1.4635000000E+01    -8.8738963613E-03    -1.7797336865E+00    -8.1649945338E-01     1.5845134578E+00
    1.4640000000E+01    -1.7771065081E-02    -1.7790160502E+00    -8.5284853614E-01     1.5856071609E+00
    1.4645000000E+01    -2.6662879422E-02    -1.7775919756E+00    -8.8885649085E-01     1.5870257072E+00
    1.4650000000E+01    -3.5545808034E-02    -1.7754618456E+00    -9.2450891482E-01     1.5887674274E+00
    1.4655000000E+01    -4.4416322181E-02    -1.7726263235E+00    -9.5979154754E-01     1.5908301382E+00
    1.4660000000E+01    -5.3270897144E-02    -1.7690863525E+00    -9.9469027645E-01     1.5932111462E+00
    1.4665000000E+01    -6.2106013621E-02    -1.7648431558E+00    -1.0291911425E+00     1.5959072516E+00
    1.4670000000E+01    -7.0918159121E-02    -1.7598982361E+00    -1.0632803458E+00     1.5989147536E+00
    1.4675000000E+01    -7.9703829369E-02    -1.7542533749E+00    -1.0969442512E+00     1.6022294558E+00
    1.4680000000E+01    -8.8459529691E-02    -1.7479106323E+00    -1.1301693935E+00     1.6058466731E+00
    1.4685000000E+01    -9.7181776409E-02    -1.7408723458E+00    -1.1629424831E+00     1.6097612389E+00
    1.4690000000E+01    -1.0586709822E-01    -1.7331411300E+00    -1.1952504112E+00     1.6139675131E+00
    1.4695000000E+01    -1.1451203760E-01    -1.7247198751E+00    -1.2270802551E+00     1.6184593914E+00
    1.4700000000E+01    -1.2311315214E-01    -1.7156117463E+00    -1.2584192832E+00     1.6232303144E+00
    1.4705000000E+01    -1.3166701596E-01    -1.7058201824E+00    -1.2892549604E+00     1.6282732782E+00
    1.4710000000E+01    -1.4017022105E-01    -1.6953488944E+00    -1.3195749528E+00     1.6335808455E+00
    1.4715000000E+01    -1.4861937863E-01    -1.6842018646E+00    -1.3493671329E+00     1.6391451574E+00
    1.4720000000E+01    -1.5701112051E-01    -1.6723833446E+00    -1.3786195840E+00     1.6449579453E+00
    1.4725000000E+01    -1.6534210042E-01    -1.6598978540E+00    -1.4073206057E+00     1.6510105446E+00
    1.4730000000E+01    -1.7360899537E-01    -1.6467501787E+00    -1.4354587180E+00     1.6572939082E+00
    1.4735000000E+01    -1.8180850694E-01    -1.6329453688E+00    -1.4630226658E+00     1.6637986207E+00
    1.4740000000E+01    -1.8993736264E-01    -1.6184887370E+00    -1.4900014242E+00     1.6705149132E+00
    1.4745000000E+01    -1.9799231719E-01    -1.6033858566E+00    -1.5163842018E+00     1.6774326792E+00
    1.4750000000E+01    -2.0597015381E-01    -1.5876425589E+00    -1.5421604460E+00     1.6845414901E+00
    1.4755000000E+01    -2.1386768553E-01    -1.5712649318E+00    -1.5673198465E+00     1.6918306121E+00
    1.4760000000E+01    -2.2168175644E-01    -1.5542593165E+00    -1.5918523400E+00     1.6992890229E+00
    1.4765000000E+01    -2.2940924299E-01    -1.5366323060E+00    -1.6157481138E+00     1.7069054296E+00
    1.4770000000E+01    -2.3704705521E-01    -1.5183907417E+00    -1.6389976099E+00     1.7146682861E+00
    1.4775000000E+01    -2.4459213793E-01    -1.4995417115E+00    -1.6615915288E+00     1.7225658117E+00
    1.4780000000E+01    -2.5204147206E-01    -1.4800925467E+00    -1.6835208332E+00     1.7305860098E+00
    1.4785000000E+01    -2.5939207576E-01    -1.4600508191E+00    -1.7047767518E+00     1.7387166869E+00
    1.4790000000E+01    -2.6664100563E-01    -1.4394243384E+00    -1.7253507824E+00     1.7469454719E+00
    1.4795000000E+01    -2.7378535793E-01    -1.4182211488E+00    -1.7452346956E+00     1.7552598356E+00
    1.4800000000E+01    -2.8082226970E-01    -1.3964495262E+00    -1.7644205383E+00     1.7636471112E+00
    1.4805000000E+01    -2.8774891994E-01    -1.3741179748E+00    -1.7829006363E+00     1.7720945135E+00
    1.4810000000E+01    -2.9456253074E-01    -1.3512352237E+00    -1.8006675978E+00     1.7805891601E+00
    1.4815000000E+01    -3.0126036840E-01    -1.3278102240E+00    -1.8177143162E+00     1.7891180912E+00
    1.4820000000E+01    -3.0783974449E-01    -1.3038521448E+00    -1.8340339732E+00     1.7976682906E+00
    1.4825000000E+01    -3.1429801699E-01    -1.2793703697E+00    -1.8496200410E+00     1.8062267063E+00
    1.4830000000E+01    -3.2063259132E-01    -1.2543744935E+00    -1.8644662855E+00     1.8147802711E+00
    1.4835000000E+01    -3.2684092139E-01    -1.2288743179E+00    -1.8785667683E+00     1.8233159236E+00
    1.4840000000E+01    -3.3292051065E-01    -1.2028798483E+00    -1.8919158495E+00     1.8318206289E+00
    1.4845000000E+01    -3.3886891303E-01    -1.1764012895E+00    -1.9045081895E+00     1.8402813991E+00
    1.4850000000E+01    -3.4468373403E-01    -1.1494490415E+00    -1.9163387517E+00     1.8486853146E+00
    1.4855000000E+01    -3.5036263159E-01    -1.1220336962E+00    -1.9274028039E+00     1.8570195438E+00
    1.4860000000E+01    -3.5590331710E-01    -1.0941660324E+00    -1.9376959207E+00     1.8652713644E+00
    1.4865000000E+01    -3.6130355630E-01    -1.0658570121E+00    -1.9472139850E+00     1.8734281830E+00
    1.4870000000E+01    -3.6656117017E-01    -1.0371177760E+00    -1.9559531896E+00     1.8814775554E+00
    1.4875000000E+01    -3.7167403586E-01    -1.0079596393E+00    -1.9639100391E+00     1.8894072066E+00
    1.4880000000E+01    -3.7664008751E-01    -9.7839408702E-01    -1.9710813507E+00     1.8972050500E+00
    1.4885000000E+01    -3.8145731710E-01    -9.4843276971E-01    -1.9774642560E+00     1.9048592070E+00
    1.4890000000E+01    -3.8612377527E-01    -9.1808749870E-01    -1.9830562020E+00     1.9123580259E+00
    1.4895000000E+01    -3.9063757209E-01    -8.8737024159E-01    -1.9878549520E+00     1.9196901001E+00
    1.4900000000E+01    -3.9499687788E-01    -8.5629311746E-01    -1.9918585865E+00     1.9268442869E+00
    1.4905000000E+01    -3.9919992391E-01    -8.2486839214E-01    -1.9950655041E+00     1.9338097247E+00
    1.4910000000E+01    -4.0324500313E-01    -7.9310847338E-01    -1.9974744221E+00     1.9405758508E+00
    1.4915000000E+01    -4.0713047088E-01    -7.6102590592E-01    -1.9990843770E+00     1.9471324179E+00
    1.4920000000E+01    -4.1085474555E-01    -7.2863336663E-01    -1.9998947247E+00     1.9534695109E+00
    1.4925000000E+01    -4.1441630925E-01    -6.9594365940E-01    -1.9999051413E+00     1.9595775622E+00
    1.4930000000E+01    -4.1781370839E-01    -6.6296971018E-01    -1.9991156225E+00     1.9654473675E+00
    1.4935000000E+01    -4.2104555434E-01    -6.2972456186E-01    -1.9975264840E+00     1.9710701002E+00
    1.4940000000E+01    -4.2411052392E-01    -5.9622136906E-01    -1.9951383616E+00     1.9764373255E+00
    1.4945000000E+01    -4.2700736004E-01    -5.6247339302E-01    -1.9919522105E+00     1.9815410142E+00
    1.4950000000E+01    -4.2973487214E-01    -5.2849399629E-01    -1.9879693050E+00     1.9863735554E+00
    1.4955000000E+01    -4.3229193672E-01    -4.9429663749E-01    -1.9831912384E+00     1.9909277685E+00
    1.4960000000E+01    -4.3467749782E-01    -4.5989486597E-01    -1.9776199216E+00     1.9951969149E+00
    1.4965000000E+01    -4.3689056741E-01    -4.2530231643E-01    -1.9712575833E+00     1.9991747091E+00
    1.4970000000E+01    -4.3893022586E-01    -3.9053270356E-01    -1.9641067682E+00     2.0028553281E+00
    1.4975000000E+01    -4.4079562231E-01    -3.5559981657E-01    -1.9561703366E+00     2.0062334213E+00
    1.4980000000E+01    -4.4248597500E-01    -3.2051751375E-01    -1.9474514630E+00     2.0093041190E+00
    1.4985000000E+01    -4.4400057162E-01    -2.8529971697E-01    -1.9379536347E+00     2.0120630402E+00
    1.4990000000E+01    -4.4533876964E-01    -2.4996040616E-01    -1.9276806508E+00     2.0145062997E+00
    1.4995000000E+01    -4.4649999654E-01    -2.1451361376E-01    -1.9166366204E+00     2.0166305144E+00
    1.5000000000E+01    -4.4748375010E-01    -1.7897341916E-01    -1.9048259608E+00     2.0184328084E+00
    1.5005000000E+01    -4.4828959859E-01    -1.4335394308E-01    -1.8922533963E+00     2.0199108186E+00
    1.5010000000E+01    -4.4891718099E-01    -1.0766934201E-01    -1.8789239556E+00     2.0210626975E+00
    1.5015000000E+01    -4.4936620711E-01    -7.1933802551E-02    -1.8648429705E+00     2.0218871169E+00
    1.5020000000E+01    -4.4963645780E-01    -3.6161535781E-02    -1.8500160730E+00     2.0223832702E+00
    1.5025000000E+01    -4.4972778498E-01    -3.6677161000E-04    -1.8344491937E+00     2.0225508731E+00
    1.5030000000E+01    -4.4964011176E-01     3.5436246886E-02    -1.8181485592E+00     2.0223901648E+00
    1.5035000000E+01    -4.4937343250E-01     7.1233269131E-02    -1.8011206895E+00     2.0219019077E+00
    1.5040000000E+01    -4.4892781282E-01     1.0701004272E-01    -1.7833723956E+00     2.0210873859E+00
    1.5045000000E+01    -4.4830338958E-01     1.4275231910E-01    -1.7649107765E+00     2.0199484034E+00
    1.5050000000E+01    -4.4750037086E-01     1.7844585925E-01    -1.7457432166E+00     2.0184872816E+00
    1.5055000000E+01    -4.4651903592E-01     2.1407643935E-01    -1.7258773827E+00     2.0167068554E+00
    1.5060000000E+01    -4.4535973508E-01     2.4962985643E-01    -1.7053212208E+00     2.0146104689E+00
    1.5065000000E+01    -4.4402288960E-01     2.8509193409E-01    -1.6840829532E+00     2.0122019703E+00
    1.5070000000E+01    -4.4250899155E-01     3.2044852812E-01    -1.6621710749E+00     2.0094857056E+00
    1.5075000000E+01    -4.4081860364E-01     3.5568553214E-01    -1.6395943503E+00     2.0064665121E+00
    1.5080000000E+01    -4.3895235900E-01     3.9078888324E-01    -1.6163618099E+00     2.0031497103E+00
    1.5085000000E+01    -4.3691096093E-01     4.2574456763E-01    -1.5924827462E+00     1.9995410963E+00
    1.5090000000E+01    -4.3469518271E-01     4.6053862619E-01    -1.5679667107E+00     1.9956469318E+00
    1.5095000000E+01    -4.3230586723E-01     4.9515716007E-01    -1.5428235094E+00     1.9914739350E+00
    1.5100000000E+01    -4.2974392672E-01     5.2958633627E-01    -1.5170631993E+00     1.9870292693E+00
    1.5105000000E+01    -4.2701034241E-01     5.6381239316E-01    -1.4906960841E+00     1.9823205326E+00
    1.5110000000E+01    -4.2410616414E-01     5.9782164597E-01    -1.4637327104E+00     1.9773557448E+00
    1.5115000000E+01    -4.2103250998E-01     6.3160049230E-01    -1.4361838631E+00     1.9721433355E+00
    1.5120000000E+01    -4.1779056577E-01     6.6513541754E-01    -1.4080605614E+00     1.9666921303E+00
    1.5125000000E+01    -4.1438158472E-01     6.9841300032E-01    -1.3793740543E+00     1.9610113371E+00
    1.5130000000E+01    -4.1080688689E-01     7.3141991785E-01    -1.3501358159E+00     1.9551105313E+00
    1.5135000000E+01    -4.0706785870E-01     7.6414295131E-01    -1.3203575412E+00     1.9489996409E+00
    1.5140000000E+01    -4.0316595239E-01     7.9656899112E-01    -1.2900511411E+00     1.9426889305E+00
    1.5145000000E+01    -3.9910268546E-01     8.2868504220E-01    -1.2592287377E+00     1.9361889850E+00
    1.5150000000E+01    -3.9487964010E-01     8.6047822923E-01    -1.2279026596E+00     1.9295106931E+00
    1.5155000000E+01    -3.9049846255E-01     8.9193580177E-01    -1.1960854369E+00     1.9226652298E+00
    1.5160000000E+01    -3.8596086249E-01     9.2304513942E-01    -1.1637897959E+00     1.9156640385E+00
    1.5165000000E+01    -3.8126861238E-01     9.5379375688E-01    -1.1310286545E+00     1.9085188132E+00
    1.5170000000E+01    -3.7642354673E-01     9.8416930900E-01    -1.0978151167E+00     1.9012414797E+00
    1.5175000000E+01    -3.7142756142E-01     1.0141595957E+00    -1.0641624675E+00     1.8938441766E+00
    1.5180000000E+01    -3.6628261299E-01     1.0437525669E+00    -1.0300841675E+00     1.8863392362E+00
    1.5185000000E+01    -3.6099071780E-01     1.0729363275E+00    -9.9559384763E-01     1.8787391648E+00
    1.5190000000E+01    -3.5555395132E-01     1.1016991418E+00    -9.6070530345E-01     1.8710566225E+00
    1.5195000000E+01    -3.4997444727E-01     1.1300294388E+00    -9.2543248995E-01     1.8633044037E+00
    1.5200000000E+01    -3.4425439682E-01     1.1579158165E+00    -8.8978951581E-01     1.8554954163E+00
    1.5205000000E+01    -3.3839604772E-01     1.1853470463E+00    -8.5379063771E-01     1.8476426612E+00
    1.5210000000E+01    -3.3240170339E-01     1.2123120781E+00    -8.1745025475E-01     1.8397592115E+00
    1.5215000000E+01    -3.2627372208E-01     1.2388000444E+00    -7.8078290258E-01     1.8318581921E+00
    1.5220000000E+01    -3.2001451589E-01     1.2648002647E+00    -7.4380324767E-01     1.8239527585E+00
    1.5225000000E+01    -3.1362654985E-01     1.2903022499E+00    -7.0652608137E-01     1.8160560757E+00
    1.5230000000E+01    -3.0711234097E-01     1.3152957066E+00    -6.6896631405E-01     1.8081812976E+00
    1.5235000000E+01    -3.0047445719E-01     1.3397705412E+00    -6.3113896914E-01     1.8003415458E+00
    1.5240000000E+01    -2.9371551644E-01     1.3637168639E+00    -5.9305917705E-01     1.7925498884E+00
    1.5245000000E+01    -2.8683818558E-01     1.3871249929E+00    -5.5474216919E-01     1.7848193201E+00
    1.5250000000E+01    -2.7984517932E-01     1.4099854583E+00    -5.1620327187E-01     1.7771627402E+00
    1.5255000000E+01    -2.7273925923E-01     1.4322890057E+00    -4.7745790012E-01     1.7695929332E+00
    1.5260000000E+01    -2.6552323256E-01     1.4540266004E+00    -4.3852155157E-01     1.7621225476E+00
    1.5265000000E+01    -2.5819995120E-01     1.4751894306E+00    -3.9940980025E-01     1.7547640760E+00
    1.5270000000E+01    -2.5077231054E-01     1.4957689113E+00    -3.6013829034E-01     1.7475298353E+00
    1.5275000000E+01    -2.4324324830E-01     1.5157566879E+00    -3.2072272991E-01     1.7404319468E+00
    1.5280000000E+01    -2.3561574340E-01     1.5351446391E+00    -2.8117888467E-01     1.7334823169E+00
    1.5285000000E+01    -2.2789281479E-01     1.5539248808E+00    -2.4152257162E-01     1.7266926180E+00
    1.5290000000E+01    -2.2007752022E-01     1.5720897691E+00    -2.0176965276E-01     1.7200742701E+00
    1.5295000000E+01    -2.1217295507E-01     1.5896319032E+00    -1.6193602874E-01     1.7136384224E+00
    1.5300000000E+01    -2.0418225108E-01     1.6065441287E+00    -1.2203763246E-01     1.7073959353E+00
    1.5305000000E+01    -1.9610857518E-01     1.6228195406E+00    -8.2090422751E-02     1.7013573633E+00
    1.5310000000E+01    -1.8795512816E-01     1.6384514860E+00    -4.2110377971E-02     1.6955329379E+00
    1.5315000000E+01    -1.7972514347E-01     1.6534335665E+00    -2.1134896006E-03     1.6899325514E+00
    1.5320000000E+01    -1.7142188588E-01     1.6677596417E+00     3.7884244137E-02     1.6845657409E+00
    1.5325000000E+01    -1.6304865023E-01     1.6814238309E+00     7.7866824682E-02     1.6794416730E+00
    1.5330000000E+01    -1.5460876012E-01     1.6944205159E+00     1.1781825954E-01     1.6745691294E+00
    1.5335000000E+01    -1.4610556655E-01     1.7067443433E+00     1.5772256866E-01     1.6699564925E+00
    1.5340000000E+01    -1.3754244663E-01     1.7183902268E+00     1.9756379085E-01     1.6656117320E+00
    1.5345000000E+01    -1.2892280226E-01     1.7293533489E+00     2.3732599017E-01     1.6615423922E+00
    1.5350000000E+01    -1.2025005870E-01     1.7396291637E+00     2.7699326225E-01     1.6577555798E+00
    1.5355000000E+01    -1.1152766330E-01     1.7492133979E+00     3.1654974072E-01     1.6542579526E+00
    1.5360000000E+01    -1.0275908406E-01     1.7581020534E+00     3.5597960351E-01     1.6510557086E+00
    1.5365000000E+01    -9.3947808308E-02     1.7662914082E+00     3.9526707921E-01     1.6481545762E+00
    1.5370000000E+01    -8.5097341264E-02     1.7737780188E+00     4.3439645335E-01     1.6455598049E+00
    1.5375000000E+01    -7.6211204679E-02     1.7805587209E+00     4.7335207470E-01     1.6432761565E+00
    1.5380000000E+01    -6.7292935419E-02     1.7866306314E+00     5.1211836153E-01     1.6413078982E+00
    1.5385000000E+01    -5.8346084063E-02     1.7919911492E+00     5.5067980784E-01     1.6396587947E+00
    1.5390000000E+01    -4.9374213489E-02     1.7966379565E+00     5.8902098958E-01     1.6383321029E+00
    1.5395000000E+01    -4.0380897450E-02     1.8005690196E+00     6.2712657077E-01     1.6373305660E+00
    1.5400000000E+01    -3.1369719158E-02     1.8037825904E+00     6.6498130969E-01     1.6366564096E+00
    1.5405000000E+01    -2.2344269849E-02     1.8062772065E+00     7.0257006496E-01     1.6363113373E+00
    1.5410000000E+01    -1.3308147355E-02     1.8080516922E+00     7.3987780157E-01     1.6362965287E+00
    1.5415000000E+01    -4.2649546697E-03     1.8091051590E+00     7.7688959692E-01     1.6366126366E+00
    1.5420000000E+01     4.7817014909E-03     1.8094370062E+00     8.1359064679E-01     1.6372597864E+00
    1.5425000000E+01     1.3828212127E-02     1.8090469209E+00     8.4996627125E-01     1.6382375756E+00
    1.5430000000E+01     2.2870967394E-02     1.8079348787E+00     8.8600192053E-01     1.6395450743E+00
    1.5435000000E+01     3.1906358046E-02     1.8061011431E+00     9.2168318086E-01     1.6411808265E+00
    1.5440000000E+01     4.0930776878E-02     1.8035462664E+00     9.5699578021E-01     1.6431428525E+00
    1.5445000000E+01     4.9940620164E-02     1.8002710886E+00     9.9192559401E-01     1.6454286517E+00
    1.5450000000E+01     5.8932289099E-02     1.7962767380E+00     1.0264586508E+00     1.6480352067E+00
    1.5455000000E+01     6.7902191238E-02     1.7915646302E+00     1.0605811378E+00     1.6509589878E+00
    1.5460000000E+01     7.6846741933E-02     1.7861364680E+00     1.0942794065E+00     1.6541959587E+00
    1.5465000000E+01     8.5762365766E-02     1.7799942408E+00     1.1275399780E+00     1.6577415825E+00
    1.5470000000E+01     9.4645497980E-02     1.7731402237E+00     1.1603495486E+00     1.6615908293E+00
    1.5475000000E+01     1.0349258591E-01     1.7655769767E+00     1.1926949948E+00     1.6657381836E+00
    1.5480000000E+01     1.1230009039E-01     1.7573073439E+00     1.2245633789E+00     1.6701776534E+00
    1.5485000000E+01     1.2106448721E-01     1.7483344525E+00     1.2559419540E+00     1.6749027795E+00
    1.5490000000E+01     1.2978226846E-01     1.7386617114E+00     1.2868181691E+00     1.6799066454E+00
    1.5495000000E+01     1.3844994401E-01     1.7282928102E+00     1.3171796740E+00     1.6851818888E+00
    1.5500000000E+01     1.4706404287E-01     1.7172317174E+00     1.3470143247E+00     1.6907207127E+00
    1.5505000000E+01     1.5562111457E-01     1.7054826796E+00     1.3763101875E+00     1.6965148982E+00
    1.5510000000E+01     1.6411773058E-01     1.6930502191E+00     1.4050555447E+00     1.7025558171E+00
    1.5515000000E+01     1.7255048567E-01     1.6799391326E+00     1.4332388983E+00     1.7088344457E+00
    1.5520000000E+01     1.8091599927E-01     1.6661544895E+00     1.4608489755E+00     1.7153413793E+00
    1.5525000000E+01     1.8921091683E-01     1.6517016295E+00     1.4878747327E+00     1.7220668469E+00
    1.5530000000E+01     1.9743191118E-01     1.6365861610E+00     1.5143053597E+00     1.7290007267E+00
    1.5535000000E+01     2.0557568385E-01     1.6208139587E+00     1.5401302848E+00     1.7361325622E+00
    1.5540000000E+01     2.1363896640E-01     1.6043911614E+00     1.5653391783E+00     1.7434515790E+00
    1.5545000000E+01     2.2161852176E-01     1.5873241695E+00     1.5899219570E+00     1.7509467014E+00
    1.5550000000E+01     2.2951114550E-01     1.5696196429E+00     1.6138687881E+00     1.7586065707E+00
    1.5555000000E+01     2.3731366712E-01     1.5512844978E+00     1.6371700933E+00     1.7664195626E+00
    1.5560000000E+01     2.4502295136E-01     1.5323259046E+00     1.6598165522E+00     1.7743738060E+00
    1.5565000000E+01     2.5263589942E-01     1.5127512849E+00     1.6817991066E+00     1.7824572018E+00
    1.5570000000E+01     2.6014945025E-01     1.4925683085E+00     1.7031089638E+00     1.7906574424E+00
    1.5575000000E+01     2.6756058173E-01     1.4717848903E+00     1.7237376002E+00     1.7989620307E+00
    1.5580000000E+01     2.7486631197E-01     1.4504091878E+00     1.7436767645E+00     1.8073583006E+00
    1.5585000000E+01     2.8206370043E-01     1.4284495972E+00     1.7629184813E+00     1.8158334369E+00
    1.5590000000E+01     2.8914984915E-01     1.4059147506E+00     1.7814550542E+00     1.8243744956E+00
    1.5595000000E+01     2.9612190392E-01     1.3828135122E+00     1.7992790689E+00     1.8329684246E+00
    1.5600000000E+01     3.0297705541E-01     1.3591549754E+00     1.8163833959E+00     1.8416020846E+00
    1.5605000000E+01     3.0971254034E-01     1.3349484587E+00     1.8327611938E+00     1.8502622701E+00
    1.5610000000E+01     3.1632564256E-01     1.3102035022E+00     1.8484059116E+00     1.8589357300E+00
    1.5615000000E+01     3.2281369419E-01     1.2849298640E+00     1.8633112918E+00     1.8676091893E+00
    1.5620000000E+01     3.2917407666E-01     1.2591375163E+00     1.8774713722E+00     1.8762693699E+00
    1.5625000000E+01     3.3540422178E-01     1.2328366412E+00     1.8908804892E+00     1.8849030118E+00
    1.5630000000E+01     3.4150161281E-01     1.2060376271E+00     1.9035332791E+00     1.8934968945E+00
    1.5635000000E+01     3.4746378544E-01     1.1787510644E+00     1.9154246811E+00     1.9020378579E+00
    1.5640000000E+01     3.5328832882E-01     1.1509877413E+00     1.9265499388E+00     1.9105128232E+00
    1.5645000000E+01     3.5897288653E-01     1.1227586397E+00     1.9369046022E+00     1.9189088141E+00
    1.5650000000E+01     3.6451515751E-01     1.0940749304E+00     1.9464845296E+00     1.9272129773E+00
    1.5655000000E+01     3.6991289705E-01     1.0649479695E+00     1.9552858891E+00     1.9354126030E+00
    1.5660000000E+01     3.7516391766E-01     1.0353892932E+00     1.9633051604E+00     1.9434951454E+00
    1.5665000000E+01     3.8026608996E-01     1.0054106134E+00     1.9705391357E+00     1.9514482425E+00
    1.5670000000E+01     3.8521734357E-01     9.7502381336E-01     1.9769849217E+00     1.9592597362E+00
    1.5675000000E+01     3.9001566795E-01     9.4424094261E-01     1.9826399401E+00     1.9669176913E+00
    1.5680000000E+01     3.9465911321E-01     9.1307421243E-01     1.9875019289E+00     1.9744104151E+00
    1.5685000000E+01     3.9914579090E-01     8.8153599090E-01     1.9915689434E+00     1.9817264756E+00
    1.5690000000E+01     4.0347387481E-01     8.4963879803E-01     1.9948393570E+00     1.9888547201E+00
    1.5695000000E+01     4.0764160169E-01     8.1739530078E-01     1.9973118613E+00     1.9957842931E+00
    1.5700000000E+01     4.1164727197E-01     7.8481830803E-01     1.9989854676E+00     2.0025046535E+00
    1.5705000000E+01     4.1548925050E-01     7.5192076552E-01     1.9998595063E+00     2.0090055916E+00
    1.5710000000E+01     4.1916596716E-01     7.1871575067E-01     1.9999336279E+00     2.0152772453E+00
    1.5715000000E+01     4.2267591754E-01     6.8521646739E-01     1.9992078027E+00     2.0213101163E+00
    1.5720000000E+01     4.2601766358E-01     6.5143624088E-01     1.9976823211E+00     2.0270950847E+00
    1.5725000000E+01     4.2918983410E-01     6.1738851225E-01     1.9953577931E+00     2.0326234245E+00
    1.5730000000E+01     4.3219112543E-01     5.8308683324E-01     1.9922351487E+00     2.0378868166E+00
    1.5735000000E+01     4.3502030193E-01     5.4854486078E-01     1.9883156367E+00     2.0428773630E+00
    1.5740000000E+01     4.3767619647E-01     5.1377635159E-01     1.9836008250E+00     2.0475875993E+00
    1.5745000000E+01     4.4015771096E-01     4.7879515666E-01     1.9780925994E+00     2.0520105062E+00
    1.5750000000E+01     4.4246381678E-01     4.4361521576E-01     1.9717931632E+00     2.0561395214E+00
    1.5755000000E+01     4.4459355523E-01     4.0825055187E-01     1.9647050359E+00     2.0599685501E+00
    1.5760000000E+01     4.4654603792E-01     3.7271526560E-01     1.9568310529E+00     2.0634919744E+00
    1.5765000000E+01     4.4832044713E-01     3.3702352955E-01     1.9481743635E+00     2.0667046629E+00
    1.5770000000E+01     4.4991603619E-01     3.0118958265E-01     1.9387384304E+00     2.0696019786E+00
    1.5775000000E+01     4.5133212977E-01     2.6522772452E-01     1.9285270277E+00     2.0721797865E+00
    1.5780000000E+01     4.5256812417E-01     2.2915230967E-01     1.9175442399E+00     2.0744344606E+00
    1.5785000000E+01     4.5362348760E-01     1.9297774188E-01     1.9057944600E+00     2.0763628895E+00
    1.5790000000E+01     4.5449776041E-01     1.5671846835E-01     1.8932823878E+00     2.0779624813E+00
    1.5795000000E+01     4.5519055525E-01     1.2038897396E-01     1.8800130278E+00     2.0792311684E+00
    1.5800000000E+01     4.5570155731E-01     8.4003775503E-02     1.8659916877E+00     2.0801674105E+00
    1.5805000000E+01     4.5603052440E-01     4.7577415823E-02     1.8512239757E+00     2.0807701971E+00
    1.5810000000E+01     4.5617728713E-01     1.1124458045E-02     1.8357157989E+00     2.0810390498E+00
    1.5815000000E+01     4.5614174895E-01    -2.5340520281E-02     1.8194733602E+00     2.0809740223E+00
    1.5820000000E+01     4.5592388621E-01    -6.1802933004E-02     1.8025031565E+00     2.0805757014E+00
    1.5825000000E+01     4.5552374821E-01    -9.8248191225E-02     1.7848119755E+00     2.0798452054E+00
    1.5830000000E+01     4.5494145720E-01    -1.3466170913E-01     1.7664068935E+00     2.0787841828E+00
    1.5835000000E+01     4.5417720832E-01    -1.7102890985E-01     1.7472952723E+00     2.0773948096E+00
    1.5840000000E+01     4.5323126957E-01    -2.0733523129E-01     1.7274847563E+00     2.0756797863E+00
    1.5845000000E+01     4.5210398172E-01    -2.4356613198E-01     1.7069832695E+00     2.0736423332E+00
    1.5850000000E+01     4.5079575815E-01    -2.7970709691E-01     1.6857990121E+00     2.0712861857E+00
    1.5855000000E+01     4.4930708479E-01    -3.1574364334E-01     1.6639404575E+00     2.0686155886E+00
    1.5860000000E+01     4.4763851984E-01    -3.5166132662E-01     1.6414163490E+00     2.0656352887E+00
    1.5865000000E+01     4.4579069364E-01    -3.8744574600E-01     1.6182356958E+00     2.0623505284E+00
    1.5870000000E+01     4.4376430841E-01    -4.2308255042E-01     1.5944077699E+00     2.0587670364E+00
    1.5875000000E+01     4.4156013800E-01    -4.5855744424E-01     1.5699421021E+00     2.0548910195E+00
    1.5880000000E+01     4.3917902756E-01    -4.9385619303E-01     1.5448484785E+00     2.0507291522E+00
    1.5885000000E+01     4.3662189327E-01    -5.2896462926E-01     1.5191369360E+00     2.0462885663E+00
    1.5890000000E+01     4.3388972196E-01    -5.6386865802E-01     1.4928177591E+00     2.0415768400E+00
    1.5895000000E+01     4.3098357074E-01    -5.9855426269E-01     1.4659014749E+00     2.0366019852E+00
    1.5900000000E+01     4.2790456661E-01    -6.3300751054E-01     1.4383988497E+00     2.0313724355E+00
    1.5905000000E+01     4.2465390599E-01    -6.6721455842E-01     1.4103208841E+00     2.0258970322E+00
    1.5910000000E+01     4.2123285429E-01    -7.0116165824E-01     1.3816788090E+00     2.0201850108E+00
    1.5915000000E+01     4.1764274542E-01    -7.3483516260E-01     1.3524840808E+00     2.0142459861E+00
    1.5920000000E+01     4.1388498124E-01    -7.6822153021E-01     1.3227483769E+00     2.0080899367E+00
    1.5925000000E+01     4.0996103108E-01    -8.0130733141E-01     1.2924835914E+00     2.0017271897E+00
    1.5930000000E+01     4.0587243108E-01    -8.3407925354E-01     1.2617018296E+00     1.9951684037E+00
    1.5935000000E+01     4.0162078368E-01    -8.6652410636E-01     1.2304154040E+00     1.9884245523E+00
    1.5940000000E+01     3.9720775693E-01    -8.9862882732E-01     1.1986368286E+00     1.9815069063E+00
    1.5945000000E+01     3.9263508387E-01    -9.3038048686E-01     1.1663788144E+00     1.9744270160E+00
    1.5950000000E+01     3.8790456184E-01    -9.6176629365E-01     1.1336542643E+00     1.9671966928E+00
    1.5955000000E+01     3.8301805179E-01    -9.9277359971E-01     1.1004762676E+00     1.9598279901E+00
    1.5960000000E+01     3.7797747754E-01    -1.0233899056E+00     1.0668580950E+00     1.9523331847E+00
    1.5965000000E+01     3.7278482501E-01    -1.0536028653E+00     1.0328131934E+00     1.9447247564E+00
    1.5970000000E+01     3.6744214147E-01    -1.0834002915E+00     9.9835518037E-01     1.9370153691E+00
    1.5975000000E+01     3.6195153471E-01    -1.1127701603E+00     9.6349783853E-01     1.9292178496E+00
    1.5980000000E+01     3.5631517225E-01    -1.1417006160E+00     9.2825511040E-01     1.9213451680E+00
    1.5985000000E+01     3.5053528041E-01    -1.1701799762E+00     8.9264109261E-01     1.9134104165E+00
    1.5990000000E+01     3.4461414352E-01    -1.1981967364E+00     8.5667003028E-01     1.9054267887E+00
    1.5995000000E+01     3.3855410295E-01    -1.2257395744E+00     8.2035631136E-01     1.8974075584E+00
    1.6000000000E+01     3.3235755623E-01    -1.2527973555E+00     7.8371446085E-01     1.8893660588E+00
    1.6005000000E+01     3.2602695609E-01    -1.2793591362E+00     7.4675913501E-01     1.8813156607E+00
    1.6010000000E+01     3.1956480948E-01    -1.3054141694E+00     7.0950511547E-01     1.8732697514E+00
    1.6015000000E+01     3.1297367659E-01    -1.3309519084E+00     6.7196730334E-01     1.8652417136E+00
    1.6020000000E+01     3.0625616982E-01    -1.3559620112E+00     6.3416071326E-01     1.8572449035E+00
    1.6025000000E+01     2.9941495279E-01    -1.3804343447E+00     5.9610046734E-01     1.8492926295E+00
    1.6030000000E+01     2.9245273923E-01    -1.4043589889E+00     5.5780178918E-01     1.8413981316E+00
    1.6035000000E+01     2.8537229193E-01    -1.4277262409E+00     5.1927999775E-01     1.8335745594E+00
    1.6040000000E+01     2.7817642165E-01    -1.4505266188E+00     4.8055050124E-01     1.8258349516E+00
    1.6045000000E+01     2.7086798599E-01    -1.4727508659E+00     4.4162879094E-01     1.8181922148E+00
    1.6050000000E+01     2.6344988829E-01    -1.4943899537E+00     4.0253043501E-01     1.8106591032E+00
    1.6055000000E+01     2.5592507642E-01    -1.5154350864E+00     3.6327107227E-01     1.8032481980E+00
    1.6060000000E+01     2.4829654166E-01    -1.5358777042E+00     3.2386640594E-01     1.7959718871E+00
    1.6065000000E+01     2.4056731748E-01    -1.5557094866E+00     2.8433219738E-01     1.7888423457E+00
    1.6070000000E+01     2.3274047835E-01    -1.5749223560E+00     2.4468425972E-01     1.7818715163E+00
    1.6075000000E+01     2.2481913853E-01    -1.5935084810E+00     2.0493845162E-01     1.7750710901E+00
    1.6080000000E+01     2.1680645079E-01    -1.6114602797E+00     1.6511067088E-01     1.7684524876E+00
    1.6085000000E+01     2.0870560520E-01    -1.6287704225E+00     1.2521684806E-01     1.7620268411E+00
    1.6090000000E+01     2.0051982783E-01    -1.6454318354E+00     8.5272940182E-02     1.7558049760E+00
    1.6095000000E+01     1.9225237946E-01    -1.6614377028E+00     4.5294924261E-02     1.7497973942E+00
    1.6100000000E+01     1.8390655434E-01    -1.6767814702E+00     5.2987909739E-03     1.7440142567E+00
    1.6105000000E+01     1.7548567879E-01    -1.6914568472E+00    -3.4699461759E-02     1.7384653676E+00
    1.6110000000E+01     1.6699310993E-01    -1.7054578098E+00    -7.4683835169E-02     1.7331601582E+00
    1.6115000000E+01     1.5843223435E-01    -1.7187786030E+00    -1.1463833604E-01     1.7281076720E+00
    1.6120000000E+01     1.4980646670E-01    -1.7314137432E+00    -1.5454698311E-01     1.7233165498E+00
    1.6125000000E+01     1.4111924840E-01    -1.7433580204E+00    -1.9439381344E-01     1.7187950163E+00
    1.6130000000E+01     1.3237404620E-01    -1.7546065004E+00    -2.3416288884E-01     1.7145508667E+00
    1.6135000000E+01     1.2357435086E-01    -1.7651545269E+00    -2.7383830221E-01     1.7105914538E+00
    1.6140000000E+01     1.1472367570E-01    -1.7749977234E+00    -3.1340418391E-01     1.7069236767E+00
    1.6145000000E+01     1.0582555521E-01    -1.7841319951E+00    -3.5284470811E-01     1.7035539694E+00
    1.6150000000E+01     9.6883543684E-02    -1.7925535304E+00    -3.9214409913E-01     1.7004882901E+00
    1.6155000000E+01     8.7901213725E-02    -1.8002588028E+00    -4.3128663774E-01     1.6977321123E+00
    1.6160000000E+01     7.8882154872E-02    -1.8072445722E+00    -4.7025666745E-01     1.6952904154E+00
    1.6165000000E+01     6.9829972141E-02    -1.8135078862E+00    -5.0903860076E-01     1.6931676767E+00
    1.6170000000E+01     6.0748284587E-02    -1.8190460816E+00    -5.4761692542E-01     1.6913678644E+00
    1.6175000000E+01     5.1640723856E-02    -1.8238567855E+00    -5.8597621061E-01     1.6898944307E+00
    1.6180000000E+01     4.2510932733E-02    -1.8279379161E+00    -6.2410111313E-01     1.6887503066E+00
    1.6185000000E+01     3.3362563679E-02    -1.8312876838E+00    -6.6197638352E-01     1.6879378970E+00
    1.6190000000E+01     2.4199277373E-02    -1.8339045920E+00    -6.9958687219E-01     1.6874590765E+00
    1.6195000000E+01     1.5024741243E-02    -1.8357874376E+00    -7.3691753543E-01     1.6873151866E+00
    1.6200000000E+01     5.8426279948E-03    -1.8369353120E+00    -7.7395344149E-01     1.6875070332E+00
    1.6205000000E+01    -3.3433858556E-03    -1.8373476008E+00    -8.1067977649E-01     1.6880348854E+00
    1.6210000000E+01    -1.2529621460E-02    -1.8370239850E+00    -8.4708185038E-01     1.6888984748E+00
    1.6215000000E+01    -2.1712399112E-02    -1.8359644403E+00    -8.8314510284E-01     1.6900969958E+00
    1.6220000000E+01    -3.0888039721E-02    -1.8341692380E+00    -9.1885510902E-01     1.6916291069E+00
    1.6225000000E+01    -4.0052866294E-02    -1.8316389445E+00    -9.5419758541E-01     1.6934929325E+00
    1.6230000000E+01    -4.9203205405E-02    -1.8283744212E+00    -9.8915839550E-01     1.6956860663E+00
    1.6235000000E+01    -5.8335388672E-02    -1.8243768243E+00    -1.0237235554E+00     1.6982055742E+00
    1.6240000000E+01    -6.7445754230E-02    -1.8196476043E+00    -1.0578792395E+00     1.7010479996E+00
    1.6245000000E+01    -7.6530648205E-02    -1.8141885059E+00    -1.0916117861E+00     1.7042093685E+00
    1.6250000000E+01    -8.5586426176E-02    -1.8080015666E+00    -1.1249077025E+00     1.7076851959E+00
    1.6255000000E+01    -9.4609454643E-02    -1.8010891169E+00    -1.1577536708E+00     1.7114704925E+00
    1.6260000000E+01    -1.0359611249E-01    -1.7934537785E+00    -1.1901365531E+00     1.7155597730E+00
    1.6265000000E+01    -1.1254279242E-01    -1.7850984640E+00    -1.2220433966E+00     1.7199470644E+00
    1.6270000000E+01    -1.2144590246E-01    -1.7760263757E+00    -1.2534614390E+00     1.7246259158E+00
    1.6275000000E+01    -1.3030186733E-01    -1.7662410039E+00    -1.2843781136E+00     1.7295894083E+00
    1.6280000000E+01    -1.3910712994E-01    -1.7557461263E+00    -1.3147810541E+00     1.7348301660E+00
    1.6285000000E+01    -1.4785815281E-01    -1.7445458059E+00    -1.3446580997E+00     1.7403403679E+00
    1.6290000000E+01    -1.5655141947E-01    -1.7326443898E+00    -1.3739973000E+00     1.7461117601E+00
    1.6295000000E+01    -1.6518343589E-01    -1.7200465075E+00    -1.4027869196E+00     1.7521356689E+00
    1.6300000000E+01    -1.7375073191E-01    -1.7067570691E+00    -1.4310154432E+00     1.7584030148E+00
    1.6305000000E+01    -1.8224986259E-01    -1.6927812632E+00    -1.4586715797E+00     1.7649043266E+00
    1.6310000000E+01    -1.9067740966E-01    -1.6781245551E+00    -1.4857442671E+00     1.7716297567E+00
    1.6315000000E+01    -1.9902998283E-01    -1.6627926846E+00    -1.5122226765E+00     1.7785690966E+00
    1.6320000000E+01    -2.0730422121E-01    -1.6467916638E+00    -1.5380962170E+00     1.7857117933E+00
    1.6325000000E+01    -2.1549679465E-01    -1.6301277747E+00    -1.5633545396E+00     1.7930469659E+00
    1.6330000000E+01    -2.2360440506E-01    -1.6128075667E+00    -1.5879875411E+00     1.8005634233E+00
    1.6335000000E+01    -2.3162378777E-01    -1.5948378543E+00    -1.6119853688E+00     1.8082496813E+00
    1.6340000000E+01    -2.3955171285E-01    -1.5762257138E+00    -1.6353384239E+00     1.8160939818E+00
    1.6345000000E+01    -2.4738498638E-01    -1.5569784815E+00    -1.6580373654E+00     1.8240843107E+00
    1.6350000000E+01    -2.5512045179E-01    -1.5371037497E+00    -1.6800731141E+00     1.8322084179E+00
    1.6355000000E+01    -2.6275499109E-01    -1.5166093647E+00    -1.7014368559E+00     1.8404538359E+00
    1.6360000000E+01    -2.7028552614E-01    -1.4955034230E+00    -1.7221200457E+00     1.8488079005E+00
    1.6365000000E+01    -2.7770901993E-01    -1.4737942685E+00    -1.7421144104E+00     1.8572577704E+00
    1.6370000000E+01    -2.8502247775E-01    -1.4514904891E+00    -1.7614119526E+00     1.8657904482E+00
    1.6375000000E+01    -2.9222294845E-01    -1.4286009132E+00    -1.7800049534E+00     1.8743928007E+00
    1.6380000000E+01    -2.9930752563E-01    -1.4051346064E+00    -1.7978859761E+00     1.8830515801E+00
    1.6385000000E+01    -3.0627334876E-01    -1.3811008678E+00    -1.8150478683E+00     1.8917534452E+00
    1.6390000000E+01    -3.1311760443E-01    -1.3565092263E+00    -1.8314837655E+00     1.9004849825E+00
    1.6395000000E+01    -3.1983752741E-01    -1.3313694368E+00    -1.8471870937E+00     1.9092327280E+00
    1.6400000000E+01    -3.2643040182E-01    -1.3056914765E+00    -1.8621515717E+00     1.9179831882E+00
    1.6405000000E+01    -3.3289356219E-01    -1.2794855408E+00    -1.8763712138E+00     1.9267228620E+00
    1.6410000000E+01    -3.3922439458E-01    -1.2527620393E+00    -1.8898403325E+00     1.9354382623E+00
    1.6415000000E+01    -3.4542033764E-01    -1.2255315916E+00    -1.9025535403E+00     1.9441159376E+00
    1.6420000000E+01    -3.5147888360E-01    -1.1978050233E+00    -1.9145057520E+00     1.9527424931E+00
    1.6425000000E+01    -3.5739757936E-01    -1.1695933613E+00    -1.9256921869E+00     1.9613046127E+00
    1.6430000000E+01    -3.6317402741E-01    -1.1409078298E+00    -1.9361083707E+00     1.9697890799E+00
    1.6435000000E+01    -3.6880588687E-01    -1.1117598456E+00    -1.9457501369E+00     1.9781827991E+00
    1.6440000000E+01    -3.7429087442E-01    -1.0821610138E+00    -1.9546136290E+00     1.9864728166E+00
    1.6445000000E+01    -3.7962676522E-01    -1.0521231227E+00    -1.9626953017E+00     1.9946463414E+00
    1.6450000000E+01    -3.8481139381E-01    -1.0216581398E+00    -1.9699919224E+00     2.0026907654E+00
    1.6455000000E+01    -3.8984265501E-01    -9.9077820644E-01    -1.9765005727E+00     2.0105936838E+00
    1.6460000000E+01    -3.9471850478E-01    -9.5949563312E-01    -1.9822186491E+00     2.0183429152E+00
    1.6465000000E+01    -3.9943696104E-01    -9.2782289477E-01    -1.9871438644E+00     2.0259265205E+00
    1.6470000000E+01    -4.0399610449E-01    -8.9577262559E-01    -1.9912742487E+00     2.0333328228E+00
    1.6475000000E+01    -4.0839407937E-01    -8.6335761405E-01    -1.9946081498E+00     2.0405504255E+00
    1.6480000000E+01    -4.1262909427E-01    -8.3059079781E-01    -1.9971442343E+00     2.0475682311E+00
    1.6485000000E+01    -4.1669942279E-01    -7.9748525853E-01    -1.9988814877E+00     2.0543754584E+00
    1.6490000000E+01    -4.2060340433E-01    -7.6405421667E-01    -1.9998192152E+00     2.0609616603E+00
    1.6495000000E+01    -4.2433944469E-01    -7.3031102614E-01    -1.9999570416E+00     2.0673167407E+00
    1.6500000000E+01    -4.2790601680E-01    -6.9626916905E-01    -1.9992949119E+00     2.0734309700E+00
    1.6505000000E+01    -4.3130166127E-01    -6.6194225026E-01    -1.9978330909E+00     2.0792950014E+00
    1.6510000000E+01    -4.3452498705E-01    -6.2734399193E-01    -1.9955721633E+00     2.0848998858E+00
    1.6515000000E+01    -4.3757467200E-01    -5.9248822809E-01    -1.9925130334E+00     2.0902370859E+00
    1.6520000000E+01    -4.4044946338E-01    -5.5738889904E-01    -1.9886569249E+00     2.0952984903E+00
    1.6525000000E+01    -4.4314817843E-01    -5.2206004580E-01    -1.9840053801E+00     2.1000764262E+00
    1.6530000000E+01    -4.4566970484E-01    -4.8651580446E-01    -1.9785602597E+00     2.1045636721E+00
    1.6535000000E+01    -4.4801300120E-01    -4.5077040055E-01    -1.9723237415E+00     2.1087534694E+00
    1.6540000000E+01    -4.5017709742E-01    -4.1483814332E-01    -1.9652983201E+00     2.1126395330E+00
    1.6545000000E+01    -4.5216109518E-01    -3.7873342002E-01    -1.9574868056E+00     2.1162160616E+00
    1.6550000000E+01    -4.5396416827E-01    -3.4247069011E-01    -1.9488923224E+00     2.1194777475E+00
    1.6555000000E+01    -4.5558556294E-01    -3.0606447945E-01    -1.9395183083E+00     2.1224197844E+00
    1.6560000000E+01    -4.5702459823E-01    -2.6952937452E-01    -1.9293685128E+00     2.1250378757E+00
    1.6565000000E+01    -4.5828066626E-01    -2.3288001654E-01    -1.9184469956E+00     2.1273282417E+00
    1.6570000000E+01    -4.5935323245E-01    -1.9613109557E-01    -1.9067581251E+00     2.1292876250E+00
    1.6575000000E+01    -4.6024183582E-01    -1.5929734466E-01    -1.8943065768E+00     2.1309132964E+00
    1.6580000000E+01    -4.6094608913E-01    -1.2239353390E-01    -1.8810973312E+00     2.1322030594E+00
    1.6585000000E+01    -4.6146567906E-01    -8.5434464503E-02    -1.8671356717E+00     2.1331552534E+00
    1.6590000000E+01    -4.6180036639E-01    -4.8434962839E-02    -1.8524271828E+00     2.1337687568E+00
    1.6595000000E+01    -4.6194998605E-01    -1.1409874501E-02    -1.8369777478E+00     2.1340429887E+00
    1.6600000000E+01    -4.6191444725E-01     2.5625941673E-02    -1.8207935461E+00     2.1339779103E+00
    1.6605000000E+01    -4.6169373353E-01     6.2657619576E-02    -1.8038810513E+00     2.1335740245E+00
    1.6610000000E+01    -4.6128790274E-01     9.9670291808E-02    -1.7862470282E+00     2.1328323757E+00
    1.6615000000E+01    -4.6069708706E-01     1.3664909566E-01    -1.7678985300E+00     2.1317545480E+00
    1.6620000000E+01    -4.5992149299E-01     1.7357917907E-01    -1.7488428960E+00     2.1303426628E+00
    1.6625000000E+01    -4.5896140121E-01     2.1044570665E-01    -1.7290877481E+00     2.1285993757E+00
    1.6630000000E+01    -4.5781716654E-01     2.4723386562E-01    -1.7086409883E+00     2.1265278720E+00
    1.6635000000E+01    -4.5648921781E-01     2.8392887175E-01    -1.6875107948E+00     2.1241318619E+00
    1.6640000000E+01    -4.5497805767E-01     3.2051597538E-01    -1.6657056194E+00     2.1214155749E+00
    1.6645000000E+01    -4.5328426242E-01     3.5698046730E-01    -1.6432341841E+00     2.1183837526E+00
    1.6650000000E+01    -4.5140848180E-01     3.9330768472E-01    -1.6201054770E+00     2.1150416418E+00
    1.6655000000E+01    -4.4935143873E-01     4.2948301715E-01    -1.5963287493E+00     2.1113949859E+00
    1.6660000000E+01    -4.4711392904E-01     4.6549191228E-01    -1.5719135113E+00     2.1074500156E+00
    1.6665000000E+01    -4.4469682116E-01     5.0131988189E-01    -1.5468695290E+00     2.1032134395E+00
    1.6670000000E+01    -4.4210105580E-01     5.3695250767E-01    -1.5212068194E+00     2.0986924332E+00
    1.6675000000E+01    -4.3932764558E-01     5.7237544702E-01    -1.4949356474E+00     2.0938946278E+00
    1.6680000000E+01    -4.3637767460E-01     6.0757443884E-01    -1.4680665211E+00     2.0888280982E+00
    1.6685000000E+01    -4.3325229807E-01     6.4253530933E-01    -1.4406101877E+00     2.0835013497E+00
    1.6690000000E+01    -4.2995274186E-01     6.7724397766E-01    -1.4125776295E+00     2.0779233049E+00
    1.6695000000E+01    -4.2648030196E-01     7.1168646165E-01    -1.3839800590E+00     2.0721032894E+00
    1.6700000000E+01    -4.2283634403E-01     7.4584888347E-01    -1.3548289150E+00     2.0660510168E+00
    1.6705000000E+01    -4.1902230286E-01     7.7971747521E-01    -1.3251358575E+00     2.0597765735E+00
    1.6710000000E+01    -4.1503968177E-01     8.1327858442E-01    -1.2949127633E+00     2.0532904024E+00
    1.6715000000E+01    -4.1089005206E-01     8.4651867970E-01    -1.2641717212E+00     2.0466032863E+00
    1.6720000000E+01    -4.0657505236E-01     8.7942435608E-01    -1.2329250274E+00     2.0397263310E+00
    1.6725000000E+01    -4.0209638801E-01     9.1198234051E-01    -1.2011851799E+00     2.0326709472E+00
    1.6730000000E+01    -3.9745583036E-01     9.4417949720E-01    -1.1689648744E+00     2.0254488323E+00
    1.6735000000E+01    -3.9265521610E-01     9.7600283294E-01    -1.1362769985E+00     2.0180719522E+00
    1.6740000000E+01    -3.8769644650E-01     1.0074395023E+00    -1.1031346270E+00     2.0105525217E+00
    1.6745000000E+01    -3.8258148670E-01     1.0384768131E+00    -1.0695510164E+00     2.0029029853E+00
    1.6750000000E+01    -3.7731236488E-01     1.0691022310E+00    -1.0355395996E+00     1.9951359971E+00
    1.6755000000E+01    -3.7189117152E-01     1.0993033851E+00    -1.0011139807E+00     1.9872644008E+00
    1.6760000000E+01    -3.6632005851E-01     1.1290680728E+00    -9.6628792966E-01     1.9793012091E+00
    1.6765000000E+01    -3.6060123832E-01     1.1583842646E+00    -9.3107537629E-01     1.9712595830E+00
    1.6770000000E+01    -3.5473698314E-01     1.1872401092E+00    -8.9549040519E-01     1.9631528105E+00
    1.6775000000E+01    -3.4872962395E-01     1.2156239381E+00    -8.5954724986E-01     1.9549942857E+00
    1.6780000000E+01    -3.4258154961E-01     1.2435242704E+00    -8.2326028710E-01     1.9467974870E+00
    1.6785000000E+01    -3.3629520592E-01     1.2709298176E+00    -7.8664403119E-01     1.9385759559E+00
    1.6790000000E+01    -3.2987309460E-01     1.2978294880E+00    -7.4971312817E-01     1.9303432753E+00
    1.6795000000E+01    -3.2331777235E-01     1.3242123911E+00    -7.1248234988E-01     1.9221130476E+00
    1.6800000000E+01    -3.1663184981E-01     1.3500678425E+00    -6.7496658816E-01     1.9138988728E+00
    1.6805000000E+01    -3.0981799050E-01     1.3753853677E+00    -6.3718084880E-01     1.9057143272E+00
    1.6810000000E+01    -3.0287890981E-01     1.4001547067E+00    -5.9914024560E-01     1.8975729414E+00
    1.6815000000E+01    -2.9581737385E-01     1.4243658180E+00    -5.6085999429E-01     1.8894881784E+00
    1.6820000000E+01    -2.8863619841E-01     1.4480088827E+00    -5.2235540646E-01     1.8814734126E+00
    1.6825000000E+01    -2.8133824779E-01     1.4710743087E+00    -4.8364188343E-01     1.8735419076E+00
    1.6830000000E+01    -2.7392643370E-01     1.4935527344E+00    -4.4473491009E-01     1.8657067960E+00
    1.6835000000E+01    -2.6640371403E-01     1.5154350324E+00    -4.0565004872E-01     1.8579810572E+00
    1.6840000000E+01    -2.5877309177E-01     1.5367123135E+00    -3.6640293274E-01     1.8503774975E+00
    1.6845000000E+01    -2.5103761371E-01     1.5573759302E+00    -3.2700926047E-01     1.8429087290E+00
    1.6850000000E+01    -2.4320036929E-01     1.5774174803E+00    -2.8748478886E-01     1.8355871498E+00
    1.6855000000E+01    -2.3526448932E-01     1.5968288101E+00    -2.4784532717E-01     1.8284249237E+00
    1.6860000000E+01    -2.2723314476E-01     1.6156020180E+00    -2.0810673065E-01     1.8214339611E+00
    1.6865000000E+01    -2.1910954546E-01     1.6337294577E+00    -1.6828489421E-01     1.8146258996E+00
    1.6870000000E+01    -2.1089693882E-01     1.6512037410E+00    -1.2839574606E-01     1.8080120852E+00
    1.6875000000E+01    -2.0259860856E-01     1.6680177413E+00    -8.8455241316E-02     1.8016035545E+00
    1.6880000000E+01    -1.9421787336E-01     1.6841645961E+00    -4.8479355660E-02     1.7954110168E+00
    1.6885000000E+01    -1.8575808555E-01     1.6996377103E+00    -8.4840789085E-03     1.7894448366E+00
    1.6890000000E+01    -1.7722262974E-01     1.7144307583E+00     3.1514591362E-02     1.7837150175E+00
    1.6895000000E+01    -1.6861492154E-01     1.7285376871E+00     7.1500656216E-02     1.7782311854E+00
    1.6900000000E+01    -1.5993840608E-01     1.7419527184E+00     1.1145812176E-01     1.7730025740E+00
    1.6905000000E+01    -1.5119655673E-01     1.7546703514E+00     1.5137100554E-01     1.7680380087E+00
    1.6910000000E+01    -1.4239287364E-01     1.7666853647E+00     1.9122334294E-01     1.7633458936E+00
    1.6915000000E+01    -1.3353088239E-01     1.7779928187E+00     2.3099919355E-01     1.7589341971E+00
    1.6920000000E+01    -1.2461413253E-01     1.7885880573E+00     2.7068264756E-01     1.7548104397E+00
    1.6925000000E+01    -1.1564619617E-01     1.7984667104E+00     3.1025783213E-01     1.7509816812E+00
    1.6930000000E+01    -1.0663066658E-01     1.8076246952E+00     3.4970891769E-01     1.7474545099E+00
    1.6935000000E+01    -9.7571156703E-02     1.8160582180E+00     3.8902012436E-01     1.7442350317E+00
    1.6940000000E+01    -8.8471297724E-02     1.8237637759E+00     4.2817572816E-01     1.7413288603E+00
    1.6945000000E+01    -7.9334737616E-02     1.8307381583E+00     4.6716006737E-01     1.7387411080E+00
    1.6950000000E+01    -7.0165139674E-02     1.8369784481E+00     5.0595754879E-01     1.7364763777E+00
    1.6955000000E+01    -6.0966181039E-02     1.8424820231E+00     5.4455265394E-01     1.7345387550E+00
    1.6960000000E+01    -5.1741551225E-02     1.8472465567E+00     5.8292994528E-01     1.7329318019E+00
    1.6965000000E+01    -4.2494950636E-02     1.8512700196E+00     6.2107407242E-01     1.7316585511E+00
    1.6970000000E+01    -3.3230089080E-02     1.8545506800E+00     6.5896977821E-01     1.7307215005E+00
    1.6975000000E+01    -2.3950684276E-02     1.8570871046E+00     6.9660190488E-01     1.7301226098E+00
    1.6980000000E+01    -1.4660460364E-02     1.8588781594E+00     7.3395540007E-01     1.7298632967E+00
    1.6985000000E+01    -5.3631464027E-03     1.8599230099E+00     7.7101532289E-01     1.7299444348E+00
    1.6990000000E+01     3.9375251243E-03     1.8602211218E+00     8.0776684986E-01     1.7303663520E+00
    1.6995000000E+01     1.3237819814E-02     1.8597722610E+00     8.4419528086E-01     1.7311288300E+00
    1.7000000000E+01     2.2534002843E-02     1.8585764938E+00     8.8028604500E-01     1.7322311045E+00
    1.7005000000E+01     3.1822340473E-02     1.8566341873E+00     9.1602470646E-01     1.7336718662E+00
    1.7010000000E+01     4.1099101549E-02     1.8539460086E+00     9.5139697025E-01     1.7354492628E+00
    1.7015000000E+01     5.0360559005E-02     1.8505129251E+00     9.8638868794E-01     1.7375609021E+00
    1.7020000000E+01     5.9602991359E-02     1.8463362043E+00     1.0209858633E+00     1.7400038555E+00
    1.7025000000E+01     6.8822684217E-02     1.8414174128E+00     1.0551746579E+00     1.7427746627E+00
    1.7030000000E+01     7.8015931766E-02     1.8357584160E+00     1.0889413968E+00     1.7458693371E+00
    1.7035000000E+01     8.7179038263E-02     1.8293613776E+00     1.1222725736E+00     1.7492833721E+00
    1.7040000000E+01     9.6308319528E-02     1.8222287584E+00     1.1551548563E+00     1.7530117481E+00
    1.7045000000E+01     1.0540010443E-01     1.8143633157E+00     1.1875750925E+00     1.7570489407E+00
    1.7050000000E+01     1.1445073635E-01     1.8057681018E+00     1.2195203145E+00     1.7613889293E+00
    1.7055000000E+01     1.2345657470E-01     1.7964464636E+00     1.2509777446E+00     1.7660252067E+00
    1.7060000000E+01     1.3241399630E-01     1.7864020404E+00     1.2819348003E+00     1.7709507891E+00
    1.7065000000E+01     1.4131939696E-01     1.7756387630E+00     1.3123790992E+00     1.7761582278E+00
    1.7070000000E+01     1.5016919283E-01     1.7641608520E+00     1.3422984639E+00     1.7816396207E+00
    1.7075000000E+01     1.5895982190E-01     1.7519728165E+00     1.3716809272E+00     1.7873866247E+00
    1.7080000000E+01     1.6768774541E-01     1.7390794517E+00     1.4005147363E+00     1.7933904693E+00
    1.7085000000E+01     1.7634944929E-01     1.7254858376E+00     1.4287883583E+00     1.7996419706E+00
    1.7090000000E+01     1.8494144560E-01     1.7111973366E+00     1.4564904839E+00     1.8061315454E+00
    1.7095000000E+01     1.9346027388E-01     1.6962195916E+00     1.4836100328E+00     1.8128492271E+00
    1.7100000000E+01     2.0190250260E-01     1.6805585237E+00     1.5101361575E+00     1.8197846814E+00
    1.7105000000E+01     2.1026473053E-01     1.6642203300E+00     1.5360582478E+00     1.8269272225E+00
    1.7110000000E+01     2.1854358810E-01     1.6472114810E+00     1.5613659353E+00     1.8342658306E+00
    1.7115000000E+01     2.2673573877E-01     1.6295387179E+00     1.5860490972E+00     1.8417891690E+00
    1.7120000000E+01     2.3483788040E-01     1.6112090504E+00     1.6100978607E+00     1.8494856027E+00
    1.7125000000E+01     2.4284674652E-01     1.5922297533E+00     1.6335026064E+00     1.8573432166E+00
    1.7130000000E+01     2.5075910774E-01     1.5726083642E+00     1.6562539730E+00     1.8653498347E+00
    1.7135000000E+01     2.5857177297E-01     1.5523526801E+00     1.6783428600E+00     1.8734930395E+00
    1.7140000000E+01     2.6628159077E-01     1.5314707545E+00     1.6997604322E+00     1.8817601918E+00
    1.7145000000E+01     2.7388545059E-01     1.5099708942E+00     1.7204981229E+00     1.8901384510E+00
    1.7150000000E+01     2.8138028404E-01     1.4878616557E+00     1.7405476374E+00     1.8986147957E+00
    1.7155000000E+01     2.8876306615E-01     1.4651518424E+00     1.7599009559E+00     1.9071760443E+00
    1.7160000000E+01     2.9603081655E-01     1.4418505003E+00     1.7785503376E+00     1.9158088761E+00
    1.7165000000E+01     3.0318060071E-01     1.4179669153E+00     1.7964883228E+00     1.9244998529E+00
    1.7170000000E+01     3.1020953113E-01     1.3935106086E+00     1.8137077367E+00     1.9332354402E+00
    1.7175000000E+01     3.1711476848E-01     1.3684913335E+00     1.8302016916E+00     1.9420020288E+00
    1.7180000000E+01     3.2389352279E-01     1.3429190713E+00     1.8459635903E+00     1.9507859571E+00
    1.7185000000E+01     3.3054305453E-01     1.3168040274E+00     1.8609871281E+00     1.9595735323E+00
    1.7190000000E+01     3.3706067577E-01     1.2901566271E+00     1.8752662959E+00     1.9683510527E+00
    1.7195000000E+01     3.4344375124E-01     1.2629875114E+00     1.8887953822E+00     1.9771048297E+00
    1.7200000000E+01     3.4968969941E-01     1.2353075331E+00     1.9015689756E+00     1.9858212094E+00
    1.7205000000E+01     3.5579599354E-01     1.2071277520E+00     1.9135819666E+00     1.9944865950E+00
    1.7210000000E+01     3.6176016267E-01     1.1784594308E+00     1.9248295505E+00     2.0030874680E+00
    1.7215000000E+01     3.6757979269E-01     1.1493140303E+00     1.9353072281E+00     2.0116104100E+00
    1.7220000000E+01     3.7325252724E-01     1.1197032052E+00     1.9450108087E+00     2.0200421248E+00
    1.7225000000E+01     3.7877606874E-01     1.0896387992E+00     1.9539364109E+00     2.0283694589E+00
    1.7230000000E+01     3.8414817928E-01     1.0591328401E+00     1.9620804645E+00     2.0365794229E+00
    1.7235000000E+01     3.8936668154E-01     1.0281975353E+00     1.9694397122E+00     2.0446592128E+00
    1.7240000000E+01     3.9442945967E-01     9.9684526682E-01     1.9760112102E+00     2.0525962296E+00
    1.7245000000E+01     3.9933446017E-01     9.6508858618E-01     1.9817923301E+00     2.0603781004E+00
    1.7250000000E+01     4.0407969269E-01     9.3294020953E-01     1.9867807594E+00     2.0679926977E+00
    1.7255000000E+01     4.0866323087E-01     9.0041301249E-01     1.9909745030E+00     2.0754281592E+00
    1.7260000000E+01     4.1308321314E-01     8.6752002500E-01     1.9943718833E+00     2.0826729067E+00
    1.7265000000E+01     4.1733784342E-01     8.3427442608E-01     1.9969715414E+00     2.0897156645E+00
    1.7270000000E+01     4.2142539190E-01     8.0068953856E-01     1.9987724376E+00     2.0965454780E+00
    1.7275000000E+01     4.2534419574E-01     7.6677882372E-01     1.9997738514E+00     2.1031517307E+00
    1.7280000000E+01     4.2909265973E-01     7.3255587587E-01     1.9999753824E+00     2.1095241620E+00
    1.7285000000E+01     4.3266925696E-01     6.9803441694E-01     1.9993769498E+00     2.1156528828E+00
    1.7290000000E+01     4.3607252944E-01     6.6322829093E-01     1.9979787932E+00     2.1215283923E+00
    1.7295000000E+01     4.3930108868E-01     6.2815145835E-01     1.9957814716E+00     2.1271415925E+00
    1.7300000000E+01     4.4235361628E-01     5.9281799063E-01     1.9927858641E+00     2.1324838034E+00
    1.7305000000E+01     4.4522886448E-01     5.5724206447E-01     1.9889931688E+00     2.1375467768E+00
    1.7310000000E+01     4.4792565661E-01     5.2143795610E-01     1.9844049028E+00     2.1423227095E+00
    1.7315000000E+01     4.5044288767E-01     4.8542003560E-01     1.9790229012E+00     2.1468042560E+00
    1.7320000000E+01     4.5277952470E-01     4.4920276107E-01     1.9728493169E+00     2.1509845402E+00
    1.7325000000E+01     4.5493460725E-01     4.1280067285E-01     1.9658866192E+00     2.1548571665E+00
    1.7330000000E+01     4.5690724776E-01     3.7622838767E-01     1.9581375930E+00     2.1584162304E+00
    1.7335000000E+01     4.5869663194E-01     3.3950059274E-01     1.9496053379E+00     2.1616563277E+00
    1.7340000000E+01     4.6030201908E-01     3.0263203990E-01     1.9402932666E+00     2.1645725635E+00
    1.7345000000E+01     4.6172274242E-01     2.6563753961E-01     1.9302051040E+00     2.1671605599E+00
    1.7350000000E+01     4.6295820933E-01     2.2853195504E-01     1.9193448850E+00     2.1694164631E+00
    1.7355000000E+01     4.6400790167E-01     1.9133019608E-01     1.9077169536E+00     2.1713369501E+00
    1.7360000000E+01     4.6487137592E-01     1.5404721334E-01     1.8953259609E+00     2.1729192335E+00
    1.7365000000E+01     4.6554826341E-01     1.1669799210E-01     1.8821768631E+00     2.1741610663E+00
    1.7370000000E+01     4.6603827047E-01     7.9297546307E-02     1.8682749196E+00     2.1750607458E+00
    1.7375000000E+01     4.6634117856E-01     4.1860912530E-02     1.8536256911E+00     2.1756171162E+00
    1.7380000000E+01     4.6645684437E-01     4.4031438794E-03     1.8382350370E+00     2.1758295704E+00
    1.7385000000E+01     4.6638519988E-01    -3.3060696042E-02     1.8221091135E+00     2.1756980515E+00
    1.7390000000E+01     4.6612625240E-01    -7.0515539210E-02     1.8052543705E+00     2.1752230524E+00
    1.7395000000E+01     4.6568008459E-01    -1.0794631926E-01     1.7876775499E+00     2.1744056158E+00
    1.7400000000E+01     4.6504685442E-01    -1.4533797754E-01     1.7693856821E+00     2.1732473319E+00
    1.7405000000E+01     4.6422679510E-01    -1.8267546920E-01     1.7503860836E+00     2.1717503364E+00
    1.7410000000E+01     4.6322021505E-01    -2.1994376927E-01     1.7306863541E+00     2.1699173071E+00
    1.7415000000E+01     4.6202749773E-01    -2.5712787867E-01     1.7102943730E+00     2.1677514596E+00
    1.7420000000E+01     4.6064910154E-01    -2.9421283031E-01     1.6892182970E+00     2.1652565422E+00
    1.7425000000E+01     4.5908555959E-01    -3.3118369510E-01     1.6674665562E+00     2.1624368302E+00
    1.7430000000E+01     4.5733747955E-01    -3.6802558798E-01     1.6450478511E+00     2.1592971187E+00
    1.7435000000E+01     4.5540554339E-01    -4.0472367393E-01     1.6219711487E+00     2.1558427157E+00
    1.7440000000E+01     4.5329050713E-01    -4.4126317392E-01     1.5982456795E+00     2.1520794329E+00
    1.7445000000E+01     4.5099320051E-01    -4.7762937096E-01     1.5738809333E+00     2.1480135770E+00
    1.7450000000E+01     4.4851452669E-01    -5.1380761594E-01     1.5488866557E+00     2.1436519396E+00
    1.7455000000E+01     4.4585546191E-01    -5.4978333360E-01     1.5232728441E+00     2.1390017861E+00
    1.7460000000E+01     4.4301705507E-01    -5.8554202842E-01     1.4970497437E+00     2.1340708444E+00
    1.7465000000E+01     4.4000042736E-01    -6.2106929045E-01     1.4702278434E+00     2.1288672925E+00
    1.7470000000E+01     4.3680677177E-01    -6.5635080111E-01     1.4428178715E+00     2.1233997457E+00
    1.7475000000E+01     4.3343735266E-01    -6.9137233905E-01     1.4148307917E+00     2.1176772424E+00
    1.7480000000E+01     4.2989350522E-01    -7.2611978580E-01     1.3862777985E+00     2.1117092300E+00
    1.7485000000E+01     4.2617663499E-01    -7.6057913156E-01     1.3571703126E+00     2.1055055498E+00
    1.7490000000E+01     4.2228821725E-01    -7.9473648078E-01     1.3275199767E+00     2.0990764212E+00
    1.7495000000E+01     4.1822979649E-01    -8.2857805785E-01     1.2973386505E+00     2.0924324257E+00
    1.7500000000E+01     4.1400298573E-01    -8.6209021262E-01     1.2666384062E+00     2.0855844893E+00
    1.7505000000E+01     4.0960946595E-01    -8.9525942595E-01     1.2354315233E+00     2.0785438659E+00
    1.7510000000E+01     4.0505098537E-01    -9.2807231513E-01     1.2037304844E+00     2.0713221186E+00
    1.7515000000E+01     4.0032935877E-01    -9.6051563936E-01     1.1715479693E+00     2.0639311016E+00
    1.7520000000E+01     3.9544646677E-01    -9.9257630505E-01     1.1388968506E+00     2.0563829415E+00
    1.7525000000E+01     3.9040425508E-01    -1.0242413711E+00     1.1057901883E+00     2.0486900170E+00
    1.7530000000E+01     3.8520473372E-01    -1.0554980543E+00     1.0722412248E+00     2.0408649401E+00
    1.7535000000E+01     3.7984997623E-01    -1.0863337342E+00     1.0382633790E+00     2.0329205354E+00
    1.7540000000E+01     3.7434211883E-01    -1.1167359584E+00     1.0038702417E+00     2.0248698197E+00
    1.7545000000E+01     3.6868335957E-01    -1.1466924478E+00     9.6907556976E-01     2.0167259812E+00
    1.7550000000E+01     3.6287595745E-01    -1.1761911012E+00     9.3389328047E-01     2.0085023582E+00
    1.7555000000E+01     3.5692223151E-01    -1.2052200002E+00     8.9833744632E-01     2.0002124180E+00
    1.7560000000E+01     3.5082455995E-01    -1.2337674145E+00     8.6242228917E-01     1.9918697352E+00
    1.7565000000E+01     3.4458537911E-01    -1.2618218061E+00     8.2616217460E-01     1.9834879702E+00
    1.7570000000E+01     3.3820718253E-01    -1.2893718344E+00     7.8957160618E-01     1.9750808467E+00
    1.7575000000E+01     3.3169251997E-01    -1.3164063603E+00     7.5266521964E-01     1.9666621307E+00
    1.7580000000E+01     3.2504399635E-01    -1.3429144512E+00     7.1545777706E-01     1.9582456073E+00
    1.7585000000E+01     3.1826427075E-01    -1.3688853855E+00     6.7796416090E-01     1.9498450596E+00
    1.7590000000E+01     3.1135605530E-01    -1.3943086562E+00     6.4019936811E-01     1.9414742461E+00
    1.7595000000E+01     3.0432211414E-01    -1.4191739760E+00     6.0217850411E-01     1.9331468786E+00
    1.7600000000E+01     2.9716526227E-01    -1.4434712810E+00     5.6391677674E-01     1.9248766006E+00
    1.7605000000E+01     2.8988836446E-01    -1.4671907350E+00     5.2542949018E-01     1.9166769650E+00
    1.7610000000E+01     2.8249433405E-01    -1.4903227334E+00     4.8673203883E-01     1.9085614126E+00
    1.7615000000E+01     2.7498613187E-01    -1.5128579071E+00     4.4783990115E-01     1.9005432507E+00
    1.7620000000E+01     2.6736676495E-01    -1.5347871261E+00     4.0876863349E-01     1.8926356312E+00
    1.7625000000E+01     2.5963928538E-01    -1.5561015037E+00     3.6953386382E-01     1.8848515301E+00
    1.7630000000E+01     2.5180678908E-01    -1.5767923998E+00     3.3015128553E-01     1.8772037264E+00
    1.7635000000E+01     2.4387241454E-01    -1.5968514244E+00     2.9063665113E-01     1.8697047815E+00
    1.7640000000E+01     2.3583934156E-01    -1.6162704409E+00     2.5100576594E-01     1.8623670194E+00
    1.7645000000E+01     2.2771078999E-01    -1.6350415698E+00     2.1127448180E-01     1.8552025063E+00
    1.7650000000E+01     2.1949001842E-01    -1.6531571916E+00     1.7145869068E-01     1.8482230319E+00
    1.7655000000E+01     2.1118032289E-01    -1.6706099498E+00     1.3157431836E-01     1.8414400900E+00
    1.7660000000E+01     2.0278503555E-01    -1.6873927544E+00     9.1637318080E-02     1.8348648602E+00
    1.7665000000E+01     1.9430752334E-01    -1.7034987841E+00     5.1663664090E-02     1.8285081900E+00
    1.7670000000E+01     1.8575118663E-01    -1.7189214897E+00     1.1669345323E-02     1.8223805772E+00
    1.7675000000E+01     1.7711945782E-01    -1.7336545964E+00    -2.8329641027E-02     1.8164921532E+00
    1.7680000000E+01     1.6841580004E-01    -1.7476921064E+00    -6.8317295897E-02     1.8108526665E+00
    1.7685000000E+01     1.5964370566E-01    -1.7610283016E+00    -1.0827762476E-01     1.8054714672E+00
    1.7690000000E+01     1.5080669498E-01    -1.7736577457E+00    -1.4819464402E-01     1.8003574919E+00
    1.7695000000E+01     1.4190831476E-01    -1.7855752862E+00    -1.8805238739E-01     1.7955192493E+00
    1.7700000000E+01     1.3295213678E-01    -1.7967760572E+00    -2.2783491232E-01     1.7909648066E+00
    1.7705000000E+01     1.2394175648E-01    -1.8072554807E+00    -2.6752630632E-01     1.7867017762E+00
    1.7710000000E+01     1.1488079141E-01    -1.8170092688E+00    -3.0711069337E-01     1.7827373039E+00
    1.7715000000E+01     1.0577287989E-01    -1.8260334256E+00    -3.4657224023E-01     1.7790780569E+00
    1.7720000000E+01     9.6621679427E-02    -1.8343242484E+00    -3.8589516282E-01     1.7757302134E+00
    1.7725000000E+01     8.7430865351E-02    -1.8418783295E+00    -4.2506373248E-01     1.7726994526E+00
    1.7730000000E+01     7.8204129267E-02    -1.8486925579E+00    -4.6406228232E-01     1.7699909451E+00
    1.7735000000E+01     6.8945177596E-02    -1.8547641199E+00    -5.0287521344E-01     1.7676093453E+00
    1.7740000000E+01     5.9657730083E-02    -1.8600905007E+00    -5.4148700118E-01     1.7655587831E+00
    1.7745000000E+01     5.0345518296E-02    -1.8646694857E+00    -5.7988220133E-01     1.7638428576E+00
    1.7750000000E+01     4.1012284123E-02    -1.8684991607E+00    -6.1804545634E-01     1.7624646312E+00
    1.7755000000E+01     3.1661778273E-02    -1.8715779133E+00    -6.5596150140E-01     1.7614266248E+00
    1.7760000000E+01     2.2297758758E-02    -1.8739044334E+00    -6.9361517061E-01     1.7607308133E+00
    1.7765000000E+01     1.2923989385E-02    -1.8754777138E+00    -7.3099140300E-01     1.7603786225E+00
    1.7770000000E+01     3.5442382399E-03    -1.8762970504E+00    -7.6807524858E-01     1.7603709270E+00
    1.7775000000E+01    -5.8377238319E-03    -1.8763620429E+00    -8.0485187429E-01     1.7607080483E+00
    1.7780000000E+01    -1.5218124741E-02    -1.8756725947E+00    -8.4130656999E-01     1.7613897545E+00
    1.7785000000E+01    -2.4593192676E-02    -1.8742289131E+00    -8.7742475428E-01     1.7624152606E+00
    1.7790000000E+01    -3.3959157621E-02    -1.8720315091E+00    -9.1319198036E-01     1.7637832294E+00
    1.7795000000E+01    -4.3312252875E-02    -1.8690811975E+00    -9.4859394183E-01     1.7654917739E+00
    1.7800000000E+01    -5.2648716567E-02    -1.8653790964E+00    -9.8361647837E-01     1.7675384602E+00
    1.7805000000E+01    -6.1964793178E-02    -1.8609266267E+00    -1.0182455814E+00     1.7699203110E+00
    1.7810000000E+01    -7.1256735046E-02    -1.8557255119E+00    -1.0524673998E+00     1.7726338107E+00
    1.7815000000E+01    -8.0520803884E-02    -1.8497777770E+00    -1.0862682453E+00     1.7756749107E+00
    1.7820000000E+01    -8.9753272280E-02    -1.8430857479E+00    -1.1196345980E+00     1.7790390360E+00
    1.7825000000E+01    -9.8950425204E-02    -1.8356520508E+00    -1.1525531117E+00     1.7827210923E+00
    1.7830000000E+01    -1.0810856150E-01    -1.8274796106E+00    -1.1850106196E+00     1.7867154743E+00
    1.7835000000E+01    -1.1722399540E-01    -1.8185716501E+00    -1.2169941390E+00     1.7910160743E+00
    1.7840000000E+01    -1.2629305796E-01    -1.8089316888E+00    -1.2484908770E+00     1.7956162922E+00
    1.7845000000E+01    -1.3531209860E-01    -1.7985635412E+00    -1.2794882353E+00     1.8005090461E+00
    1.7850000000E+01    -1.4427748653E-01    -1.7874713155E+00    -1.3099738154E+00     1.8056867831E+00
    1.7855000000E+01    -1.5318561224E-01    -1.7756594121E+00    -1.3399354234E+00     1.8111414919E+00
    1.7860000000E+01    -1.6203288896E-01    -1.7631325215E+00    -1.3693610751E+00     1.8168647152E+00
    1.7865000000E+01    -1.7081575407E-01    -1.7498956226E+00    -1.3982390006E+00     1.8228475634E+00
    1.7870000000E+01    -1.7953067057E-01    -1.7359539809E+00    -1.4265576492E+00     1.8290807287E+00
    1.7875000000E+01    -1.8817412851E-01    -1.7213131462E+00    -1.4543056937E+00     1.8355545001E+00
    1.7880000000E+01    -1.9674264639E-01    -1.7059789504E+00    -1.4814720353E+00     1.8422587787E+00
    1.7885000000E+01    -2.0523277256E-01    -1.6899575052E+00    -1.5080458079E+00     1.8491830941E+00
    1.7890000000E+01    -2.1364108663E-01    -1.6732551997E+00    -1.5340163823E+00     1.8563166207E+00
    1.7895000000E+01    -2.2196420086E-01    -1.6558786979E+00    -1.5593733705E+00     1.8636481956E+00
    1.7900000000E+01    -2.3019876147E-01    -1.6378349357E+00    -1.5841066302E+00     1.8711663361E+00
    1.7905000000E+01    -2.3834145008E-01    -1.6191311187E+00    -1.6082062684E+00     1.8788592580E+00
    1.7910000000E+01    -2.4638898498E-01    -1.5997747188E+00    -1.6316626455E+00     1.8867148946E+00
    1.7915000000E+01    -2.5433812248E-01    -1.5797734715E+00    -1.6544663793E+00     1.8947209161E+00
    1.7920000000E+01    -2.6218565824E-01    -1.5591353727E+00    -1.6766083486E+00     1.9028647490E+00
    1.7925000000E+01    -2.6992842851E-01    -1.5378686755E+00    -1.6980796970E+00     1.9111335967E+00
    1.7930000000E+01    -2.7756331147E-01    -1.5159818870E+00    -1.7188718361E+00     1.9195144596E+00
    1.7935000000E+01    -2.8508722845E-01    -1.4934837647E+00    -1.7389764493E+00     1.9279941560E+00
    1.7940000000E+01    -2.9249714520E-01    -1.4703833132E+00    -1.7583854952E+00     1.9365593434E+00
    1.7945000000E+01    -2.9979007308E-01    -1.4466897804E+00    -1.7770912104E+00     1.9451965395E+00
    1.7950000000E+01    -3.0696307031E-01    -1.4224126538E+00    -1.7950861127E+00     1.9538921442E+00
    1.7955000000E+01    -3.1401324313E-01    -1.3975616570E+00    -1.8123630045E+00     1.9626324612E+00
    1.7960000000E+01    -3.2093774699E-01    -1.3721467455E+00    -1.8289149753E+00     1.9714037200E+00
    1.7965000000E+01    -3.2773378767E-01    -1.3461781026E+00    -1.8447354045E+00     1.9801920978E+00
    1.7970000000E+01    -3.3439862244E-01    -1.3196661357E+00    -1.8598179641E+00     1.9889837418E+00
    1.7975000000E+01    -3.4092956117E-01    -1.2926214719E+00    -1.8741566213E+00     1.9977647916E+00
    1.7980000000E+01    -3.4732396737E-01    -1.2650549536E+00    -1.8877456409E+00     2.0065214009E+00
    1.7985000000E+01    -3.5357925934E-01    -1.2369776344E+00    -1.9005795874E+00     2.0152397604E+00
    1.7990000000E+01    -3.5969291112E-01    -1.2084007746E+00    -1.9126533274E+00     2.0239061191E+00
    1.7995000000E+01    -3.6566245359E-01    -1.1793358365E+00    -1.9239620315E+00     2.0325068073E+00
    1.8000000000E+01    -3.7148547543E-01    -1.1497944801E+00    -1.9345011765E+00     2.0410282578E+00
    1.8005000000E+01    -3.7715962409E-01    -1.1197885580E+00    -1.9442665469E+00     2.0494570278E+00
    1.8010000000E+01    -3.8268260677E-01    -1.0893301111E+00    -1.9532542365E+00     2.0577798208E+00
    1.8015000000E+01    -3.8805219134E-01    -1.0584313635E+00    -1.9614606505E+00     2.0659835076E+00
    1.8020000000E+01    -3.9326620722E-01    -1.0271047174E+00    -1.9688825063E+00     2.0740551477E+00
    1.8025000000E+01    -3.9832254629E-01    -9.9536274866E-01    -1.9755168355E+00     2.0819820095E+00
    1.8030000000E+01    -4.0321916372E-01    -9.6321820120E-01    -1.9813609842E+00     2.0897515914E+00
    1.8035000000E+01    -4.0795407882E-01    -9.3068398216E-01    -1.9864126149E+00     2.0973516416E+00
    1.8040000000E+01    -4.1252537584E-01    -8.9777315664E-01    -1.9906697071E+00     2.1047701775E+00
    1.8045000000E+01    -4.1693120472E-01    -8.6449894245E-01    -1.9941305580E+00     2.1119955054E+00
    1.8050000000E+01    -4.2116978187E-01    -8.3087470476E-01    -1.9967937832E+00     2.1190162391E+00
    1.8055000000E+01    -4.2523939089E-01    -7.9691395077E-01    -1.9986583175E+00     2.1258213181E+00
    1.8060000000E+01    -4.2913838324E-01    -7.6263032425E-01    -1.9997234151E+00     2.1324000254E+00
    1.8065000000E+01    -4.3286517895E-01    -7.2803760005E-01    -1.9999886501E+00     2.1387420050E+00
    1.8070000000E+01    -4.3641826723E-01    -6.9314967855E-01    -1.9994539162E+00     2.1448372781E+00
    1.8075000000E+01    -4.3979620709E-01    -6.5798058008E-01    -1.9981194275E+00     2.1506762596E+00
    1.8080000000E+01    -4.4299762794E-01    -6.2254443927E-01    -1.9959857176E+00     2.1562497731E+00
    1.8085000000E+01    -4.4602123014E-01    -5.8685549935E-01    -1.9930536400E+00     2.1615490659E+00
    1.8090000000E+01    -4.4886578550E-01    -5.5092810641E-01    -1.9893243675E+00     2.1665658232E+00
    1.8095000000E+01    -4.5153013784E-01    -5.1477670366E-01    -1.9847993919E+00     2.1712921811E+00
    1.8100000000E+01    -4.5401320340E-01    -4.7841582557E-01    -1.9794805229E+00     2.1757207397E+00
    1.8105000000E+01    -4.5631397133E-01    -4.4186009202E-01    -1.9733698881E+00     2.1798445748E+00
    1.8110000000E+01    -4.5843150405E-01    -4.0512420246E-01    -1.9664699317E+00     2.1836572488E+00
    1.8115000000E+01    -4.6036493771E-01    -3.6822292991E-01    -1.9587834135E+00     2.1871528217E+00
    1.8120000000E+01    -4.6211348244E-01    -3.3117111508E-01    -1.9503134081E+00     2.1903258603E+00
    1.8125000000E+01    -4.6367642278E-01    -2.9398366035E-01    -1.9410633033E+00     2.1931714467E+00
    1.8130000000E+01    -4.6505311790E-01    -2.5667552378E-01    -1.9310367991E+00     2.1956851870E+00
    1.8135000000E+01    -4.6624300189E-01    -2.1926171307E-01    -1.9202379059E+00     2.1978632176E+00
    1.8140000000E+01    -4.6724558399E-01    -1.8175727953E-01    -1.9086709431E+00     2.1997022119E+00
    1.8145000000E+01    -4.6806044880E-01    -1.4417731201E-01    -1.8963405374E+00     2.2011993859E+00
    1.8150000000E+01    -4.6868725642E-01    -1.0653693080E-01    -1.8832516208E+00     2.2023525021E+00
    1.8155000000E+01    -4.6912574266E-01    -6.8851281546E-02    -1.8694094286E+00     2.2031598737E+00
    1.8160000000E+01    -4.6937571907E-01    -3.1135529160E-02    -1.8548194976E+00     2.2036203671E+00
    1.8165000000E+01    -4.6943707308E-01     6.5951483153E-03    -1.8394876636E+00     2.2037334038E+00
    1.8170000000E+01    -4.6930976802E-01     4.4325565815E-02    -1.8234200589E+00     2.2034989615E+00
    1.8175000000E+01    -4.6899384316E-01     8.2040537377E-02    -1.8066231106E+00     2.2029175741E+00
    1.8180000000E+01    -4.6848941369E-01     1.1972488227E-01    -1.7891035371E+00     2.2019903311E+00
    1.8185000000E+01    -4.6779667067E-01     1.5736343109E-01    -1.7708683461E+00     2.2007188756E+00
    1.8190000000E+01    -4.6691588097E-01     1.9494103193E-01    -1.7519248313E+00     2.1991054020E+00
    1.8195000000E+01    -4.6584738715E-01     2.3244255644E-01    -1.7322805700E+00     2.1971526522E+00
    1.8200000000E+01    -4.6459160737E-01     2.6985290594E-01    -1.7119434195E+00     2.1948639118E+00
    1.8205000000E+01    -4.6314903517E-01     3.0715701754E-01    -1.6909215145E+00     2.1922430045E+00
    1.8210000000E+01    -4.6152023930E-01     3.4433987016E-01    -1.6692232634E+00     2.1892942860E+00
    1.8215000000E+01    -4.5970586353E-01     3.8138649066E-01    -1.6468573453E+00     2.1860226373E+00
    1.8220000000E+01    -4.5770662633E-01     4.1828195982E-01    -1.6238327062E+00     2.1824334568E+00
    1.8225000000E+01    -4.5552332063E-01     4.5501141838E-01    -1.6001585557E+00     2.1785326518E+00
    1.8230000000E+01    -4.5315681350E-01     4.9156007305E-01    -1.5758443630E+00     2.1743266289E+00
    1.8235000000E+01    -4.5060804579E-01     5.2791320246E-01    -1.5508998537E+00     2.1698222839E+00
    1.8240000000E+01    -4.4787803177E-01     5.6405616311E-01    -1.5253350051E+00     2.1650269910E+00
    1.8245000000E+01    -4.4496785872E-01     5.9997439527E-01    -1.4991600428E+00     2.1599485904E+00
    1.8250000000E+01    -4.4187868650E-01     6.3565342887E-01    -1.4723854365E+00     2.1545953766E+00
    1.8255000000E+01    -4.3861174707E-01     6.7107888931E-01    -1.4450218956E+00     2.1489760845E+00
    1.8260000000E+01    -4.3516834403E-01     7.0623650332E-01    -1.4170803652E+00     2.1430998758E+00
    1.8265000000E+01    -4.3154985208E-01     7.4111210465E-01    -1.3885720216E+00     2.1369763241E+00
    1.8270000000E+01    -4.2775771645E-01     7.7569163983E-01    -1.3595082677E+00     2.1306153999E+00
    1.8275000000E+01    -4.2379345237E-01     8.0996117386E-01    -1.3299007287E+00     2.1240274543E+00
    1.8280000000E+01    -4.1965864442E-01     8.4390689578E-01    -1.2997612470E+00     2.1172232027E+00
    1.8285000000E+01    -4.1535494592E-01     8.7751512428E-01    -1.2691018782E+00     2.1102137077E+00
    1.8290000000E+01    -4.1088407827E-01     9.1077231325E-01    -1.2379348856E+00     2.1030103610E+00
    1.8295000000E+01    -4.0624783022E-01     9.4366505718E-01    -1.2062727355E+00     2.0956248657E+00
    1.8300000000E+01    -4.0144805723E-01     9.7618009664E-01    -1.1741280924E+00     2.0880692171E+00
    1.8305000000E+01    -3.9648668064E-01     1.0083043236E+00    -1.1415138137E+00     2.0803556837E+00
    1.8310000000E+01    -3.9136568696E-01     1.0400247867E+00    -1.1084429448E+00     2.0724967878E+00
    1.8315000000E+01    -3.8608712705E-01     1.0713286967E+00    -1.0749287134E+00     2.0645052849E+00
    1.8320000000E+01    -3.8065311531E-01     1.1022034310E+00    -1.0409845248E+00     2.0563941437E+00
    1.8325000000E+01    -3.7506582882E-01     1.1326365398E+00    -1.0066239564E+00     2.0481765251E+00
    1.8330000000E+01    -3.6932750644E-01     1.1626157500E+00    -9.7186075175E-01     2.0398657613E+00
    1.8335000000E+01    -3.6344044800E-01     1.1921289711E+00    -9.3670881578E-01     2.0314753342E+00
    1.8340000000E+01    -3.5740701325E-01     1.2211642993E+00    -9.0118220877E-01     2.0230188541E+00
    1.8345000000E+01    -3.5122962104E-01     1.2497100229E+00    -8.6529514090E-01     2.0145100376E+00
    1.8350000000E+01    -3.4491074826E-01     1.2777546267E+00    -8.2906196651E-01     2.0059626857E+00
    1.8355000000E+01    -3.3845292886E-01     1.3052867970E+00    -7.9249717838E-01     1.9973906617E+00
    1.8360000000E+01    -3.3185875289E-01     1.3322954255E+00    -7.5561540195E-01     1.9888078691E+00
    1.8365000000E+01    -3.2513086538E-01     1.3587696146E+00    -7.1843138944E-01     1.9802282290E+00
    1.8370000000E+01    -3.1827196532E-01     1.3846986813E+00    -6.8096001394E-01     1.9716656581E+00
    1.8375000000E+01    -3.1128480458E-01     1.4100721617E+00    -6.4321626352E-01     1.9631340462E+00
    1.8380000000E+01    -3.0417218678E-01     1.4348798150E+00    -6.0521523517E-01     1.9546472338E+00
    1.8385000000E+01    -2.9693696620E-01     1.4591116279E+00    -5.6697212880E-01     1.9462189903E+00
    1.8390000000E+01    -2.8958204658E-01     1.4827578187E+00    -5.2850224114E-01     1.9378629914E+00
    1.8395000000E+01    -2.8211038000E-01     1.5058088409E+00    -4.8982095962E-01     1.9295927977E+00
    1.8400000000E+01    -2.7452496567E-01     1.5282553875E+00    -4.5094375625E-01     1.9214218325E+00
    1.8405000000E+01    -2.6682884873E-01     1.5500883944E+00    -4.1188618139E-01     1.9133633604E+00
    1.8410000000E+01    -2.5902511903E-01     1.5712990442E+00    -3.7266385756E-01     1.9054304660E+00
    1.8415000000E+01    -2.5111690987E-01     1.5918787697E+00    -3.3329247314E-01     1.8976360330E+00
    1.8420000000E+01    -2.4310739677E-01     1.6118192578E+00    -2.9378777618E-01     1.8899927235E+00
    1.8425000000E+01    -2.3499979615E-01     1.6311124520E+00    -2.5416556803E-01     1.8825129575E+00
    1.8430000000E+01    -2.2679736410E-01     1.6497505565E+00    -2.1444169704E-01     1.8752088930E+00
    1.8435000000E+01    -2.1850339500E-01     1.6677260390E+00    -1.7463205223E-01     1.8680924069E+00
    1.8440000000E+01    -2.1012122024E-01     1.6850316336E+00    -1.3475255693E-01     1.8611750750E+00
    1.8445000000E+01    -2.0165420685E-01     1.7016603440E+00    -9.4819162401E-02     1.8544681546E+00
    1.8450000000E+01    -1.9310575619E-01     1.7176054463E+00    -5.4847841472E-02     1.8479825652E+00
    1.8455000000E+01    -1.8447930253E-01     1.7328604915E+00    -1.4854582137E-02     1.8417288720E+00
    1.8460000000E+01    -1.7577831170E-01     1.7474193084E+00     2.5144618832E-02     1.8357172683E+00
    1.8465000000E+01    -1.6700627969E-01     1.7612760060E+00     6.5133762289E-02     1.8299575592E+00
    1.8470000000E+01    -1.5816673123E-01     1.7744249757E+00     1.0509685311E-01     1.8244591459E+00
    1.8475000000E+01    -1.4926321839E-01     1.7868608940E+00     1.4501790659E-01     1.8192310108E+00
    1.8480000000E+01    -1.4029931915E-01     1.7985787240E+00     1.8488095484E-01     1.8142817028E+00
    1.8485000000E+01    -1.3127863592E-01     1.8095737182E+00     2.2467005318E-01     1.8096193234E+00
    1.8490000000E+01    -1.2220479417E-01     1.8198414199E+00     2.6436928649E-01     1.8052515140E+00
    1.8495000000E+01    -1.1308144087E-01     1.8293776652E+00     3.0396277560E-01     1.8011854437E+00
    1.8500000000E+01    -1.0391224310E-01     1.8381785846E+00     3.4343468367E-01     1.7974277971E+00
    1.8505000000E+01    -9.4700886565E-02     1.8462406047E+00     3.8276922243E-01     1.7939847643E+00
    1.8510000000E+01    -8.5451074062E-02     1.8535604495E+00     4.2195065862E-01     1.7908620305E+00
    1.8515000000E+01    -7.6166524038E-02     1.8601351418E+00     4.6096332016E-01     1.7880647668E+00
    1.8520000000E+01    -6.6850969073E-02     1.8659620046E+00     4.9979160252E-01     1.7855976220E+00
    1.8525000000E+01    -5.7508154381E-02     1.8710386619E+00     5.3841997491E-01     1.7834647154E+00
    1.8530000000E+01    -4.8141836300E-02     1.8753630398E+00     5.7683298648E-01     1.7816696295E+00
    1.8535000000E+01    -3.8755780781E-02     1.8789333671E+00     6.1501527255E-01     1.7802154045E+00
    1.8540000000E+01    -2.9353761872E-02     1.8817481767E+00     6.5295156071E-01     1.7791045337E+00
    1.8545000000E+01    -1.9939560196E-02     1.8838063055E+00     6.9062667696E-01     1.7783389589E+00
    1.8550000000E+01    -1.0516961430E-02     1.8851068951E+00     7.2802555174E-01     1.7779200677E+00
    1.8555000000E+01    -1.0897547801E-03     1.8856493922E+00     7.6513322600E-01     1.7778486908E+00
    1.8560000000E+01     8.3382685443E-03     1.8854335490E+00     8.0193485718E-01     1.7781251011E+00
    1.8565000000E+01     1.7763316858E-02     1.8844594230E+00     8.3841572511E-01     1.7787490127E+00
    1.8570000000E+01     2.7181599527E-02     1.8827273771E+00     8.7456123793E-01     1.7797195818E+00
    1.8575000000E+01     3.6589328496E-02     1.8802380796E+00     9.1035693791E-01     1.7810354076E+00
    1.8580000000E+01     4.5982719812E-02     1.8769925037E+00     9.4578850725E-01     1.7826945347E+00
    1.8585000000E+01     5.5357995152E-02     1.8729919274E+00     9.8084177380E-01     1.7846944564E+00
    1.8590000000E+01     6.4711383342E-02     1.8682379328E+00     1.0155027167E+00     1.7870321180E+00
    1.8595000000E+01     7.4039121879E-02     1.8627324053E+00     1.0497574721E+00     1.7897039225E+00
    1.8600000000E+01     8.3337458441E-02     1.8564775334E+00     1.0835923385E+00     1.7927057357E+00
    1.8605000000E+01     9.2602652409E-02     1.8494758072E+00     1.1169937824E+00     1.7960328930E+00
    1.8610000000E+01     1.0183097636E-01     1.8417300179E+00     1.1499484436E+00     1.7996802070E+00
    1.8615000000E+01     1.1101871759E-01     1.8332432565E+00     1.1824431409E+00     1.8036419753E+00
    1.8620000000E+01     1.2016217958E-01     1.8240189123E+00     1.2144648766E+00     1.8079119903E+00
    1.8625000000E+01     1.2925768351E-01     1.8140606720E+00     1.2460008426E+00     1.8124835484E+00
    1.8630000000E+01     1.3830156973E-01     1.8033725180E+00     1.2770384248E+00     1.8173494612E+00
    1.8635000000E+01     1.4729019925E-01     1.7919587267E+00     1.3075652088E+00     1.8225020670E+00
    1.8640000000E+01     1.5621995517E-01     1.7798238669E+00     1.3375689840E+00     1.8279332426E+00
    1.8645000000E+01     1.6508724419E-01     1.7669727981E+00     1.3670377495E+00     1.8336344166E+00
    1.8650000000E+01     1.7388849801E-01     1.7534106684E+00     1.3959597182E+00     1.8395965834E+00
    1.8655000000E+01     1.8262017479E-01     1.7391429122E+00     1.4243233215E+00     1.8458103169E+00
    1.8660000000E+01     1.9127876057E-01     1.7241752485E+00     1.4521172145E+00     1.8522657863E+00
    1.8665000000E+01     1.9986077072E-01     1.7085136784E+00     1.4793302800E+00     1.8589527714E+00
    1.8670000000E+01     2.0836275127E-01     1.6921644825E+00     1.5059516331E+00     1.8658606791E+00
    1.8675000000E+01     2.1678128039E-01     1.6751342185E+00     1.5319706257E+00     1.8729785603E+00
    1.8680000000E+01     2.2511296969E-01     1.6574297188E+00     1.5573768504E+00     1.8802951276E+00
    1.8685000000E+01     2.3335446565E-01     1.6390580873E+00     1.5821601451E+00     1.8877987732E+00
    1.8690000000E+01     2.4150245093E-01     1.6200266970E+00     1.6063105969E+00     1.8954775876E+00
    1.8695000000E+01     2.4955364571E-01     1.6003431867E+00     1.6298185458E+00     1.9033193786E+00
    1.8700000000E+01     2.5750480906E-01     1.5800154581E+00     1.6526745891E+00     1.9113116908E+00
    1.8705000000E+01     2.6535274016E-01     1.5590516725E+00     1.6748695845E+00     1.9194418259E+00
    1.8710000000E+01     2.7309427968E-01     1.5374602476E+00     1.6963946545E+00     1.9276968625E+00
    1.8715000000E+01     2.8072631099E-01     1.5152498543E+00     1.7172411892E+00     1.9360636773E+00
    1.8720000000E+01     2.8824576144E-01     1.4924294127E+00     1.7374008503E+00     1.9445289658E+00
    1.8725000000E+01     2.9564960361E-01     1.4690080890E+00     1.7568655743E+00     1.9530792639E+00
    1.8730000000E+01     3.0293485650E-01     1.4449952916E+00     1.7756275755E+00     1.9617009692E+00
    1.8735000000E+01     3.1009858678E-01     1.4204006674E+00     1.7936793493E+00     1.9703803632E+00
    1.8740000000E+01     3.1713790990E-01     1.3952340977E+00     1.8110136752E+00     1.9791036327E+00
    1.8745000000E+01     3.2404999133E-01     1.3695056946E+00     1.8276236199E+00     1.9878568926E+00
    1.8750000000E+01     3.3083204766E-01     1.3432257965E+00     1.8435025395E+00     1.9966262077E+00
    1.8755000000E+01     3.3748134771E-01     1.3164049643E+00     1.8586440826E+00     2.0053976155E+00
    1.8760000000E+01     3.4399521368E-01     1.2890539770E+00     1.8730421929E+00     2.0141571481E+00
    1.8765000000E+01     3.5037102218E-01     1.2611838272E+00     1.8866911112E+00     2.0228908547E+00
    1.8770000000E+01     3.5660620532E-01     1.2328057169E+00     1.8995853783E+00     2.0315848245E+00
    1.8775000000E+01     3.6269825173E-01     1.2039310531E+00     1.9117198366E+00     2.0402252084E+00
    1.8780000000E+01     3.6864470757E-01     1.1745714428E+00     1.9230896324E+00     2.0487982413E+00
    1.8785000000E+01     3.7444317755E-01     1.1447386886E+00     1.9336902180E+00     2.0572902648E+00
    1.8790000000E+01     3.8009132585E-01     1.1144447840E+00     1.9435173533E+00     2.0656877481E+00
    1.8795000000E+01     3.8558687708E-01     1.0837019083E+00     1.9525671076E+00     2.0739773108E+00
    1.8800000000E+01     3.9092761722E-01     1.0525224220E+00     1.9608358611E+00     2.0821457435E+00
    1.8805000000E+01     3.9611139449E-01     1.0209188616E+00     1.9683203064E+00     2.0901800294E+00
    1.8810000000E+01     4.0113612020E-01     9.8890393472E-01     1.9750174497E+00     2.0980673654E+00
    1.8815000000E+01     4.0599976966E-01     9.5649051479E-01     1.9809246125E+00     2.1057951820E+00
    1.8820000000E+01     4.1070038290E-01     9.2369163601E-01     1.9860394318E+00     2.1133511643E+00
    1.8825000000E+01     4.1523606555E-01     8.9052048808E-01     1.9903598618E+00     2.1207232712E+00
    1.8830000000E+01     4.1960498954E-01     8.5699041083E-01     1.9938841744E+00     2.1278997546E+00
    1.8835000000E+01     4.2380539389E-01     8.2311488890E-01     1.9966109599E+00     2.1348691791E+00
    1.8840000000E+01     4.2783558538E-01     7.8890754627E-01     1.9985391277E+00     2.1416204394E+00
    1.8845000000E+01     4.3169393923E-01     7.5438214079E-01     1.9996679065E+00     2.1481427789E+00
    1.8850000000E+01     4.3537889981E-01     7.1955255864E-01     1.9999968447E+00     2.1544258063E+00
    1.8855000000E+01     4.3888898119E-01     6.8443280873E-01     1.9995258109E+00     2.1604595129E+00
    1.8860000000E+01     4.4222276781E-01     6.4903701705E-01     1.9982549934E+00     2.1662342885E+00
    1.8865000000E+01     4.4537891501E-01     6.1337942098E-01     1.9961849006E+00     2.1717409364E+00
    1.8870000000E+01     4.4835614957E-01     5.7747436358E-01     1.9933163604E+00     2.1769706889E+00
    1.8875000000E+01     4.5115327027E-01     5.4133628776E-01     1.9896505203E+00     2.1819152209E+00
    1.8880000000E+01     4.5376914830E-01     5.0497973050E-01     1.9851888464E+00     2.1865666636E+00
    1.8885000000E+01     4.5620272780E-01     4.6841931698E-01     1.9799331235E+00     2.1909176168E+00
    1.8890000000E+01     4.5845302622E-01     4.3166975469E-01     1.9738854538E+00     2.1949611610E+00
    1.8895000000E+01     4.6051913473E-01     3.9474582752E-01     1.9670482562E+00     2.1986908687E+00
    1.8900000000E+01     4.6240021863E-01     3.5766238974E-01     1.9594242655E+00     2.2021008144E+00
    1.8905000000E+01     4.6409551764E-01     3.2043436010E-01     1.9510165312E+00     2.2051855845E+00
    1.8910000000E+01     4.6560434620E-01     2.8307671578E-01     1.9418284164E+00     2.2079402855E+00
    1.8915000000E+01     4.6692609381E-01     2.4560448631E-01     1.9318635960E+00     2.2103605527E+00
    1.8920000000E+01     4.6806022521E-01     2.0803274761E-01     1.9211260560E+00     2.2124425563E+00
    1.8925000000E+01     4.6900628063E-01     1.7037661583E-01     1.9096200912E+00     2.2141830083E+00
    1.8930000000E+01     4.6976387596E-01     1.3265124130E-01     1.8973503038E+00     2.2155791675E+00
    1.8935000000E+01     4.7033270294E-01     9.4871802407E-02     1.8843216015E+00     2.2166288439E+00
    1.8940000000E+01     4.7071252921E-01     5.7053499509E-02     1.8705391958E+00     2.2173304025E+00
    1.8945000000E+01     4.7090319852E-01     1.9211548772E-02     1.8560085993E+00     2.2176827655E+00
    1.8950000000E+01     4.7090463067E-01    -1.8638823941E-02     1.8407356241E+00     2.2176854147E+00
    1.8955000000E+01     4.7071682163E-01    -5.6482389206E-02     1.8247263792E+00     2.2173383918E+00
    1.8960000000E+01     4.7033984350E-01    -9.4303920181E-02     1.8079872681E+00     2.2166422985E+00
    1.8965000000E+01     4.6977384452E-01    -1.3208819874E-01     1.7905249862E+00     2.2155982960E+00
    1.8970000000E+01     4.6901904895E-01    -1.6982002159E-01     1.7723465182E+00     2.2142081026E+00
    1.8975000000E+01     4.6807575704E-01    -2.0748420643E-01     1.7534591352E+00     2.2124739912E+00
    1.8980000000E+01     4.6694434488E-01    -2.4506559804E-01     1.7338703919E+00     2.2103987858E+00
    1.8985000000E+01     4.6562526426E-01    -2.8254907440E-01     1.7135881236E+00     2.2079858569E+00
    1.8990000000E+01     4.6411904247E-01    -3.1991955278E-01     1.6926204429E+00     2.2052391160E+00
    1.8995000000E+01     4.6242628213E-01    -3.5716199581E-01     1.6709757366E+00     2.2021630097E+00
    1.9000000000E+01     4.6054766090E-01    -3.9426141757E-01     1.6486626622E+00     2.1987625123E+00
    1.9005000000E+01     4.5848393122E-01    -4.3120288957E-01     1.6256901448E+00     2.1950431178E+00
    1.9010000000E+01     4.5623592004E-01    -4.6797154683E-01     1.6020673730E+00     2.1910108317E+00
    1.9015000000E+01     4.5380452845E-01    -5.0455259384E-01     1.5778037956E+00     2.1866721604E+00
    1.9020000000E+01     4.5119073133E-01    -5.4093131051E-01     1.5529091177E+00     2.1820341017E+00
    1.9025000000E+01     4.4839557697E-01    -5.7709305811E-01     1.5273932969E+00     2.1771041334E+00
    1.9030000000E+01     4.4542018663E-01    -6.1302328520E-01     1.5012665391E+00     2.1718902007E+00
    1.9035000000E+01     4.4226575410E-01    -6.4870753342E-01     1.4745392947E+00     2.1664007045E+00
    1.9040000000E+01     4.3893354522E-01    -6.8413144340E-01     1.4472222543E+00     2.1606444871E+00
    1.9045000000E+01     4.3542489734E-01    -7.1928076048E-01     1.4193263443E+00     2.1546308185E+00
    1.9050000000E+01     4.3174121886E-01    -7.5414134050E-01     1.3908627226E+00     2.1483693813E+00
    1.9055000000E+01     4.2788398857E-01    -7.8869915546E-01     1.3618427744E+00     2.1418702556E+00
    1.9060000000E+01     4.2385475511E-01    -8.2294029919E-01     1.3322781073E+00     2.1351439023E+00
    1.9065000000E+01     4.1965513635E-01    -8.5685099296E-01     1.3021805466E+00     2.1282011467E+00
    1.9070000000E+01     4.1528681870E-01    -8.9041759101E-01     1.2715621312E+00     2.1210531610E+00
    1.9075000000E+01     4.1075155647E-01    -9.2362658609E-01     1.2404351078E+00     2.1137114467E+00
    1.9080000000E+01     4.0605117114E-01    -9.5646461483E-01     1.2088119269E+00     2.1061878156E+00
    1.9085000000E+01     4.0118755065E-01    -9.8891846319E-01     1.1767052373E+00     2.0984943714E+00
    1.9090000000E+01     3.9616264860E-01    -1.0209750718E+00     1.1441278814E+00     2.0906434901E+00
    1.9095000000E+01     3.9097848352E-01    -1.0526215410E+00     1.1110928896E+00     2.0826478001E+00
    1.9100000000E+01     3.8563713801E-01    -1.0838451365E+00     1.0776134754E+00     2.0745201621E+00
    1.9105000000E+01     3.8014075792E-01    -1.1146332940E+00     1.0437030302E+00     2.0662736483E+00
    1.9110000000E+01     3.7449155148E-01    -1.1449736246E+00     1.0093751177E+00     2.0579215217E+00
    1.9115000000E+01     3.6869178843E-01    -1.1748539195E+00     9.7464346857E-01     2.0494772146E+00
    1.9120000000E+01     3.6274379908E-01    -1.2042621553E+00     9.3952197509E-01     2.0409543070E+00
    1.9125000000E+01     3.5664997339E-01    -1.2331864985E+00     9.0402468534E-01     2.0323665052E+00
    1.9130000000E+01     3.5041276001E-01    -1.2616153104E+00     8.6816579777E-01     2.0237276195E+00
    1.9135000000E+01     3.4403466527E-01    -1.2895371518E+00     8.3195965546E-01     2.0150515420E+00
    1.9140000000E+01     3.3751825220E-01    -1.3169407876E+00     7.9542074038E-01     2.0063522247E+00
    1.9145000000E+01     3.3086613949E-01    -1.3438151913E+00     7.5856366761E-01     1.9976436568E+00
    1.9150000000E+01     3.2408100040E-01    -1.3701495494E+00     7.2140317948E-01     1.9889398421E+00
    1.9155000000E+01     3.1716556176E-01    -1.3959332659E+00     6.8395413970E-01     1.9802547772E+00
    1.9160000000E+01     3.1012260281E-01    -1.4211559665E+00     6.4623152739E-01     1.9716024282E+00
    1.9165000000E+01     3.0295495408E-01    -1.4458075025E+00     6.0825043108E-01     1.9629967091E+00
    1.9170000000E+01     2.9566549629E-01    -1.4698779554E+00     5.7002604271E-01     1.9544514589E+00
    1.9175000000E+01     2.8825715917E-01    -1.4933576406E+00     5.3157365152E-01     1.9459804195E+00
    1.9180000000E+01     2.8073292028E-01    -1.5162371112E+00     4.9290863796E-01     1.9375972139E+00
    1.9185000000E+01     2.7309580380E-01    -1.5385071620E+00     4.5404646751E-01     1.9293153243E+00
    1.9190000000E+01     2.6534887934E-01    -1.5601588331E+00     4.1500268453E-01     1.9211480700E+00
    1.9195000000E+01     2.5749526066E-01    -1.5811834138E+00     3.7579290602E-01     1.9131085867E+00
    1.9200000000E+01     2.4953810449E-01    -1.6015724454E+00     3.3643281534E-01     1.9052098049E+00
    1.9205000000E+01     2.4148060917E-01    -1.6213177255E+00     2.9693815603E-01     1.8974644295E+00
    1.9210000000E+01     2.3332601343E-01    -1.6404113104E+00     2.5732472542E-01     1.8898849191E+00
    1.9215000000E+01     2.2507759507E-01    -1.6588455193E+00     2.1760836835E-01     1.8824834664E+00
    1.9220000000E+01     2.1673866960E-01    -1.6766129363E+00     1.7780497083E-01     1.8752719781E+00
    1.9225000000E+01     2.0831258898E-01    -1.6937064143E+00     1.3793045369E-01     1.8682620562E+00
    1.9230000000E+01     1.9980274019E-01    -1.7101190774E+00     9.8000766209E-02     1.8614649793E+00
    1.9235000000E+01     1.9121254394E-01    -1.7258443237E+00     5.8031879730E-02     1.8548916844E+00
    1.9240000000E+01     1.8254545324E-01    -1.7408758280E+00     1.8039781273E-02     1.8485527493E+00
    1.9245000000E+01     1.7380495202E-01    -1.7552075446E+00    -2.1959532857E-02     1.8424583759E+00
    1.9250000000E+01     1.6499455376E-01    -1.7688337093E+00    -6.1950063466E-02     1.8366183734E+00
    1.9255000000E+01     1.5611780003E-01    -1.7817488420E+00    -1.0191581488E-01     1.8310421428E+00
    1.9260000000E+01     1.4717825909E-01    -1.7939477487E+00    -1.4184080132E-01     1.8257386620E+00
    1.9265000000E+01     1.3817952447E-01    -1.8054255239E+00    -1.8170905333E-01     1.8207164709E+00
    1.9270000000E+01     1.2912521348E-01    -1.8161775522E+00    -2.2150462415E-01     1.8159836580E+00
    1.9275000000E+01     1.2001896578E-01    -1.8261995104E+00    -2.6121159606E-01     1.8115478473E+00
    1.9280000000E+01     1.1086444192E-01    -1.8354873693E+00    -3.0081408683E-01     1.8074161862E+00
    1.9285000000E+01     1.0166532185E-01    -1.8440373949E+00    -3.4029625597E-01     1.8035953336E+00
    1.9290000000E+01     9.2425303466E-02    -1.8518461506E+00    -3.7964231114E-01     1.8000914500E+00
    1.9295000000E+01     8.3148101075E-02    -1.8589104978E+00    -4.1883651445E-01     1.7969101866E+00
    1.9300000000E+01     7.3837443946E-02    -1.8652275978E+00    -4.5786318874E-01     1.7940566770E+00
    1.9305000000E+01     6.4497074787E-02    -1.8707949123E+00    -4.9670672386E-01     1.7915355286E+00
    1.9310000000E+01     5.5130748240E-02    -1.8756102053E+00    -5.3535158291E-01     1.7893508151E+00
    1.9315000000E+01     4.5742229373E-02    -1.8796715430E+00    -5.7378230847E-01     1.7875060703E+00
    1.9320000000E+01     3.6335292166E-02    -1.8829772953E+00    -6.1198352875E-01     1.7860042820E+00
    1.9325000000E+01     2.6913717986E-02    -1.8855261363E+00    -6.4993996378E-01     1.7848478874E+00
    1.9330000000E+01     1.7481294072E-02    -1.8873170444E+00    -6.8763643150E-01     1.7840387695E+00
    1.9335000000E+01     8.0418120051E-03    -1.8883493033E+00    -7.2505785380E-01     1.7835782531E+00
    1.9340000000E+01    -1.4009338135E-03    -1.8886225020E+00    -7.6218926264E-01     1.7834671038E+00
    1.9345000000E+01    -1.0843147692E-02    -1.8881365349E+00    -7.9901580593E-01     1.7837055258E+00
    1.9350000000E+01    -2.0281034173E-02    -1.8868916020E+00    -8.3552275355E-01     1.7842931623E+00
    1.9355000000E+01    -2.9710799564E-02    -1.8848882086E+00    -8.7169550321E-01     1.7852290956E+00
    1.9360000000E+01    -3.9128653462E-02    -1.8821271654E+00    -9.0751958629E-01     1.7865118485E+00
    1.9365000000E+01    -4.8530810280E-02    -1.8786095878E+00    -9.4298067364E-01     1.7881393871E+00
    1.9370000000E+01    -5.7913490769E-02    -1.8743368957E+00    -9.7806458129E-01     1.7901091235E+00
    1.9375000000E+01    -6.7272923540E-02    -1.8693108131E+00    -1.0127572762E+00     1.7924179203E+00
    1.9380000000E+01    -7.6605346580E-02    -1.8635333667E+00    -1.0470448816E+00     1.7950620956E+00
    1.9385000000E+01    -8.5907008769E-02    -1.8570068859E+00    -1.0809136831E+00     1.7980374287E+00
    1.9390000000E+01    -9.5174171386E-02    -1.8497340013E+00    -1.1143501335E+00     1.8013391668E+00
    1.9395000000E+01    -1.0440310962E-01    -1.8417176439E+00    -1.1473408587E+00     1.8049620329E+00
    1.9400000000E+01    -1.1359011404E-01    -1.8329610439E+00    -1.1798726628E+00     1.8089002343E+00
    1.9405000000E+01    -1.2273149215E-01    -1.8234677291E+00    -1.2119325336E+00     1.8131474712E+00
    1.9410000000E+01    -1.3182356980E-01    -1.8132415240E+00    -1.2435076476E+00     1.8176969477E+00
    1.9415000000E+01    -1.4086269273E-01    -1.8022865476E+00    -1.2745853751E+00     1.8225413819E+00
    1.9420000000E+01    -1.4984522797E-01    -1.7906072125E+00    -1.3051532854E+00     1.8276730183E+00
    1.9425000000E+01    -1.5876756538E-01    -1.7782082224E+00    -1.3351991519E+00     1.8330836394E+00
    1.9430000000E+01    -1.6762611905E-01    -1.7650945707E+00    -1.3647109564E+00     1.8387645796E+00
    1.9435000000E+01    -1.7641732874E-01    -1.7512715380E+00    -1.3936768948E+00     1.8447067387E+00
    1.9440000000E+01    -1.8513766136E-01    -1.7367446905E+00    -1.4220853810E+00     1.8509005966E+00
    1.9445000000E+01    -1.9378361233E-01    -1.7215198775E+00    -1.4499250520E+00     1.8573362285E+00
    1.9450000000E+01    -2.0235170704E-01    -1.7056032290E+00    -1.4771847723E+00     1.8640033208E+00
    1.9455000000E+01    -2.1083850220E-01    -1.6890011532E+00    -1.5038536384E+00     1.8708911879E+00
    1.9460000000E+01    -2.1924058729E-01    -1.6717203341E+00    -1.5299209831E+00     1.8779887889E+00
    1.9465000000E+01    -2.2755458586E-01    -1.6537677286E+00    -1.5553763798E+00     1.8852847455E+00
    1.9470000000E+01    -2.3577715693E-01    -1.6351505637E+00    -1.5802096467E+00     1.8927673603E+00
    1.9475000000E+01    -2.4390499635E-01    -1.6158763339E+00    -1.6044108508E+00     1.9004246356E+00
    1.9480000000E+01    -2.5193483806E-01    -1.5959527976E+00    -1.6279703120E+00     1.9082442924E+00
    1.9485000000E+01    -2.5986345547E-01    -1.5753879747E+00    -1.6508786067E+00     1.9162137903E+00
    1.9490000000E+01    -2.6768766275E-01    -1.5541901427E+00    -1.6731265720E+00     1.9243203477E+00
    1.9495000000E+01    -2.7540431607E-01    -1.5323678335E+00    -1.6947053090E+00     1.9325509617E+00
    1.9500000000E+01    -2.8301031489E-01    -1.5099298305E+00    -1.7156061865E+00     1.9408924299E+00
    1.9505000000E+01    -2.9050260323E-01    -1.4868851644E+00    -1.7358208443E+00     1.9493313708E+00
    1.9510000000E+01    -2.9787817085E-01    -1.4632431096E+00    -1.7553411970E+00     1.9578542456E+00
    1.9515000000E+01    -3.0513405450E-01    -1.4390131811E+00    -1.7741594366E+00     1.9664473798E+00
    1.9520000000E+01    -3.1226733909E-01    -1.4142051298E+00    -1.7922680361E+00     1.9750969853E+00
    1.9525000000E+01    -3.1927515887E-01    -1.3888289394E+00    -1.8096597522E+00     1.9837891821E+00
    1.9530000000E+01    -3.2615469857E-01    -1.3628948216E+00    -1.8263276286E+00     1.9925100213E+00
    1.9535000000E+01    -3.3290319456E-01    -1.3364132125E+00    -1.8422649983E+00     2.0012455067E+00
    1.9540000000E+01    -3.3951793594E-01    -1.3093947682E+00    -1.8574654865E+00     2.0099816178E+00
    1.9545000000E+01    -3.4599626561E-01    -1.2818503607E+00    -1.8719230133E+00     2.0187043318E+00
    1.9550000000E+01    -3.5233558138E-01    -1.2537910731E+00    -1.8856317959E+00     2.0273996466E+00
    1.9555000000E+01    -3.5853333700E-01    -1.2252281956E+00    -1.8985863509E+00     2.0360536030E+00
    1.9560000000E+01    -3.6458704315E-01    -1.1961732207E+00    -1.9107814967E+00     2.0446523072E+00
    1.9565000000E+01    -3.7049426850E-01    -1.1666378384E+00    -1.9222123553E+00     2.0531819529E+00
    1.9570000000E+01    -3.7625264063E-01    -1.1366339321E+00    -1.9328743546E+00     2.0616288436E+00
    1.9575000000E+01    -3.8185984703E-01    -1.1061735729E+00    -1.9427632300E+00     2.0699794145E+00
    1.9580000000E+01    -3.8731363600E-01    -1.0752690158E+00    -1.9518750260E+00     2.0782202545E+00
    1.9585000000E+01    -3.9261181756E-01    -1.0439326937E+00    -1.9602060979E+00     2.0863381274E+00
    1.9590000000E+01    -3.9775226432E-01    -1.0121772132E+00    -1.9677531136E+00     2.0943199932E+00
    1.9595000000E+01    -4.0273291236E-01    -9.8001534908E-01    -1.9745130543E+00     2.1021530292E+00
    1.9600000000E+01    -4.0755176204E-01    -9.4746003935E-01    -1.9804832161E+00     2.1098246505E+00
    1.9605000000E+01    -4.1220687882E-01    -9.1452437994E-01    -1.9856612110E+00     2.1173225302E+00
    1.9610000000E+01    -4.1669639399E-01    -8.8122161945E-01    -1.9900449679E+00     2.1246346189E+00
    1.9615000000E+01    -4.2101850548E-01    -8.4756515384E-01    -1.9936327333E+00     2.1317491646E+00
    1.9620000000E+01    -4.2517147856E-01    -8.1356852098E-01    -1.9964230722E+00     2.1386547310E+00
    1.9625000000E+01    -4.2915364652E-01    -7.7924539525E-01    -1.9984148685E+00     2.1453402162E+00
    1.9630000000E+01    -4.3296341135E-01    -7.4460958200E-01    -1.9996073255E+00     2.1517948705E+00
    1.9635000000E+01    -4.3659924440E-01    -7.0967501200E-01    -1.9999999663E+00     2.1580083134E+00
    1.9640000000E+01    -4.4005968695E-01    -6.7445573582E-01    -1.9995926337E+00     2.1639705505E+00
    1.9645000000E+01    -4.4334335084E-01    -6.3896591820E-01    -1.9983854907E+00     2.1696719896E+00
    1.9650000000E+01    -4.4644891900E-01    -6.0321983228E-01    -1.9963790202E+00     2.1751034558E+00
    1.9655000000E+01    -4.4937514599E-01    -5.6723185392E-01    -1.9935740247E+00     2.1802562064E+00
    1.9660000000E+01    -4.5212085849E-01    -5.3101645590E-01    -1.9899716261E+00     2.1851219451E+00
    1.9665000000E+01    -4.5468495578E-01    -4.9458820204E-01    -1.9855732655E+00     2.1896928349E+00
    1.9670000000E+01    -4.5706641016E-01    -4.5796174138E-01    -1.9803807020E+00     2.1939615112E+00
    1.9675000000E+01    -4.5926426739E-01    -4.2115180231E-01    -1.9743960126E+00     2.1979210933E+00
    1.9680000000E+01    -4.6127764705E-01    -3.8417318654E-01    -1.9676215912E+00     2.2015651953E+00
    1.9685000000E+01    -4.6310574290E-01    -3.4704076326E-01    -1.9600601473E+00     2.2048879367E+00
    1.9690000000E+01    -4.6474782321E-01    -3.0976946305E-01    -1.9517147055E+00     2.2078839519E+00
    1.9695000000E+01    -4.6620323104E-01    -2.7237427196E-01    -1.9425886039E+00     2.2105483983E+00
    1.9700000000E+01    -4.6747138450E-01    -2.3487022540E-01    -1.9326854927E+00     2.2128769647E+00
    1.9705000000E+01    -4.6855177700E-01    -1.9727240213E-01    -1.9220093331E+00     2.2148658776E+00
    1.9710000000E+01    -4.6944397742E-01    -1.5959591817E-01    -1.9105643954E+00     2.2165119079E+00
    1.9715000000E+01    -4.7014763032E-01    -1.2185592075E-01    -1.8983552574E+00     2.2178123757E+00
    1.9720000000E+01    -4.7066245606E-01    -8.4067582171E-02    -1.8853868026E+00     2.2187651546E+00
    1.9725000000E+01    -4.7098825089E-01    -4.6246093719E-02    -1.8716642182E+00     2.2193686754E+00
    1.9730000000E+01    -4.7112488709E-01    -8.4066595516E-03    -1.8571929931E+00     2.2196219283E+00
    1.9735000000E+01    -4.7107231293E-01     2.9435509424E-02    -1.8419789156E+00     2.2195244647E+00
    1.9740000000E+01    -4.7083055279E-01     6.7265201671E-02    -1.8260280710E+00     2.2190763981E+00
    1.9745000000E+01    -4.7039970706E-01     1.0506721115E-01    -1.8093468396E+00     2.2182784034E+00
    1.9750000000E+01    -4.6977995214E-01     1.4282634341E-01    -1.7919418936E+00     2.2171317166E+00
    1.9755000000E+01    -4.6897154039E-01     1.8052742176E-01    -1.7738201947E+00     2.2156381319E+00
    1.9760000000E+01    -4.6797479994E-01     2.1815529332E-01    -1.7549889913E+00     2.2137999998E+00
    1.9765000000E+01    -4.6679013468E-01     2.5569483512E-01    -1.7354558158E+00     2.2116202227E+00
    1.9770000000E+01    -4.6541802396E-01     2.9313096022E-01    -1.7152284811E+00     2.2091022502E+00
    1.9775000000E+01    -4.6385902252E-01     3.3044862376E-01    -1.6943150779E+00     2.2062500742E+00
    1.9780000000E+01    -4.6211376017E-01     3.6763282900E-01    -1.6727239712E+00     2.2030682218E+00
    1.9785000000E+01    -4.6018294158E-01     4.0466863338E-01    -1.6504637972E+00     2.1995617486E+00
    1.9790000000E+01    -4.5806734598E-01     4.4154115449E-01    -1.6275434597E+00     2.1957362301E+00
    1.9795000000E+01    -4.5576782688E-01     4.7823557608E-01    -1.6039721266E+00     2.1915977533E+00
    1.9800000000E+01    -4.5328531164E-01     5.1473715404E-01    -1.5797592260E+00     2.1871529064E+00
    1.9805000000E+01    -4.5062080120E-01     5.5103122229E-01    -1.5549144427E+00     2.1824087687E+00
    1.9810000000E+01    -4.4777536959E-01     5.8710319868E-01    -1.5294477144E+00     2.1773728991E+00
    1.9815000000E+01    -4.4475016354E-01     6.2293859089E-01    -1.5033692274E+00     2.1720533237E+00
    1.9820000000E+01    -4.4154640200E-01     6.5852300222E-01    -1.4766894128E+00     2.1664585234E+00
    1.9825000000E+01    -4.3816537566E-01     6.9384213740E-01    -1.4494189421E+00     2.1605974201E+00
    1.9830000000E+01    -4.3460844642E-01     7.2888180830E-01    -1.4215687231E+00     2.1544793622E+00
    1.9835000000E+01    -4.3087704683E-01     7.6362793971E-01    -1.3931498956E+00     2.1481141100E+00
    1.9840000000E+01    -4.2697267954E-01     7.9806657490E-01    -1.3641738267E+00     2.1415118197E+00
    1.9845000000E+01    -4.2289691665E-01     8.3218388130E-01    -1.3346521065E+00     2.1346830273E+00
    1.9850000000E+01    -4.1865139913E-01     8.6596615604E-01    -1.3045965432E+00     2.1276386317E+00
    1.9855000000E+01    -4.1423783612E-01     8.9939983146E-01    -1.2740191587E+00     2.1203898771E+00
    1.9860000000E+01    -4.0965800422E-01     9.3247148053E-01    -1.2429321835E+00     2.1129483352E+00
    1.9865000000E+01    -4.0491374685E-01     9.6516782230E-01    -1.2113480521E+00     2.1053258865E+00
    1.9870000000E+01    -4.0000697342E-01     9.9747572720E-01    -1.1792793975E+00     2.0975347010E+00
    1.9875000000E+01    -3.9493965862E-01     1.0293822223E+00    -1.1467390469E+00     2.0895872193E+00
    1.9880000000E+01    -3.8971384159E-01     1.0608744966E+00    -1.1137400160E+00     2.0814961320E+00
    1.9885000000E+01    -3.8433162512E-01     1.0919399060E+00    -1.0802955040E+00     2.0732743599E+00
    1.9890000000E+01    -3.7879517479E-01     1.1225659787E+00    -1.0464188881E+00     2.0649350327E+00
    1.9895000000E+01    -3.7310671808E-01     1.1527404198E+00    -1.0121237186E+00     2.0564914685E+00
    1.9900000000E+01    -3.6726854353E-01     1.1824511166E+00    -9.7742371317E-01     2.0479571522E+00
    1.9905000000E+01    -3.6128299973E-01     1.2116861432E+00    -9.4233275126E-01     2.0393457137E+00
    1.9910000000E+01    -3.5515249447E-01     1.2404337654E+00    -9.0686486881E-01     2.0306709064E+00
    1.9915000000E+01    -3.4887949368E-01     1.2686824455E+00    -8.7103425250E-01     2.0219465849E+00
    1.9920000000E+01    -3.4246652051E-01     1.2964208468E+00    -8.3485523411E-01     2.0131866827E+00
    1.9925000000E+01    -3.3591615427E-01     1.3236378381E+00    -7.9834228476E-01     2.0044051902E+00
    1.9930000000E+01    -3.2923102939E-01     1.3503224984E+00    -7.6151000913E-01     1.9956161320E+00
    1.9935000000E+01    -3.2241383438E-01     1.3764641211E+00    -7.2437313966E-01     1.9868335443E+00
    1.9940000000E+01    -3.1546731075E-01     1.4020522182E+00    -6.8694653059E-01     1.9780714529E+00
    1.9945000000E+01    -3.0839425189E-01     1.4270765249E+00    -6.4924515206E-01     1.9693438499E+00
    1.9950000000E+01    -3.0119750192E-01     1.4515270032E+00    -6.1128408413E-01     1.9606646721E+00
    1.9955000000E+01    -2.9387995462E-01     1.4753938463E+00    -5.7307851072E-01     1.9520477781E+00
    1.9960000000E+01    -2.8644455218E-01     1.4986674825E+00    -5.3464371354E-01     1.9435069262E+00
    1.9965000000E+01    -2.7889428406E-01     1.5213385788E+00    -4.9599506601E-01     1.9350557525E+00
    1.9970000000E+01    -2.7123218581E-01     1.5433980449E+00    -4.5714802706E-01     1.9267077488E+00
    1.9975000000E+01    -2.6346133778E-01     1.5648370368E+00    -4.1811813500E-01     1.9184762409E+00
    1.9980000000E+01    -2.5558486393E-01     1.5856469602E+00    -3.7892100126E-01     1.9103743678E+00
    1.9985000000E+01    -2.4760593057E-01     1.6058194739E+00    -3.3957230417E-01     1.9024150599E+00
    1.9990000000E+01    -2.3952774506E-01     1.6253464935E+00    -3.0008778269E-01     1.8946110185E+00
    1.9995000000E+01    -2.3135355454E-01     1.6442201944E+00    -2.6048323009E-01     1.8869746959E+00
    2.0000000000E+01    -2.2308664462E-01     1.6624330149E+00    -2.2077448768E-01     1.8795182745E+00
